id,tvt
000d7d20_1442,11752.173171464063
000d7d20_1443,11752.027062165056
000d7d20_1444,11752.02989941739
000d7d20_1445,11752.181683221068
000d7d20_1446,11752.184520473404
000d7d20_1447,11752.18735772574
000d7d20_1448,11752.187215331538
000d7d20_1449,11752.190052583874
000d7d20_1450,11752.19288983621
000d7d20_1451,11752.195727088545
000d7d20_1452,11752.195584694344
000d7d20_1453,11752.19842194668
000d7d20_1454,11752.201259199015
000d7d20_1455,11752.233187230759
000d7d20_1456,11752.236024483094
000d7d20_1457,11752.217937803242
000d7d20_1458,11752.191955081758
000d7d20_1459,11752.220632661378
000d7d20_1460,11752.17181267943
000d7d20_1461,11752.174649931765
000d7d20_1462,11752.174507537564
000d7d20_1463,11752.174365143363
000d7d20_1464,11752.177202395698
000d7d20_1465,11752.177060001497
000d7d20_1466,11752.176917607296
000d7d20_1467,11752.159354145757
000d7d20_1468,11752.410273412494
000d7d20_1469,11752.410131018294
000d7d20_1470,11752.429518361127
000d7d20_1471,11752.429375966924
000d7d20_1472,11752.429233572724
000d7d20_1473,11752.486147389736
000d7d20_1474,11752.428948784322
000d7d20_1475,11752.42880639012
000d7d20_1476,11752.428663995921
000d7d20_1477,11752.42852160172
000d7d20_1478,11752.428379207518
000d7d20_1479,11752.428236813317
000d7d20_1480,11752.48515063033
000d7d20_1481,11752.48500823613
000d7d20_1482,11752.484865841929
000d7d20_1483,11752.48174380119
000d7d20_1484,11752.48160140699
000d7d20_1485,11752.480639863888
000d7d20_1486,11752.47751782315
000d7d20_1487,11752.478194577849
000d7d20_1488,11752.47805218365
000d7d20_1489,11752.474930142911
000d7d20_1490,11752.47478774871
000d7d20_1491,11752.471665707973
000d7d20_1492,11752.414467102559
000d7d20_1493,11752.41134506182
000d7d20_1494,11752.41120266762
000d7d20_1495,11752.408080626883
000d7d20_1496,11752.404958586145
000d7d20_1497,11752.461872403157
000d7d20_1498,11752.45875036242
000d7d20_1499,11752.455628321683
000d7d20_1500,11752.452506280944
000d7d20_1501,11752.452363886745
000d7d20_1502,11752.449241846007
000d7d20_1503,11752.446119805269
000d7d20_1504,11752.442997764532
000d7d20_1505,11752.439875723794
000d7d20_1506,11752.379697471843
000d7d20_1507,11752.379555077643
000d7d20_1508,11752.433489248118
000d7d20_1509,11752.43036720738
000d7d20_1510,11752.427245166644
000d7d20_1511,11752.424123125906
000d7d20_1512,11752.527856735062
000d7d20_1513,11752.524734694323
000d7d20_1514,11752.5184787713
000d7d20_1515,11752.458300519353
000d7d20_1516,11752.458158125151
000d7d20_1517,11752.455036084413
000d7d20_1518,11752.451914043675
000d7d20_1519,11752.443117467092
000d7d20_1520,11752.439995426354
000d7d20_1521,11752.493929596829
000d7d20_1522,11752.490807556092
000d7d20_1523,11752.487685515354
000d7d20_1524,11752.484563474616
000d7d20_1525,11752.48144143388
000d7d20_1526,11752.478319393142
000d7d20_1527,11752.475197352403
000d7d20_1528,11752.472075311667
000d7d20_1529,11752.468953270929
000d7d20_1530,11752.462851583656
000d7d20_1531,11752.459729542918
000d7d20_1532,11752.45660750218
000d7d20_1533,11752.453485461443
000d7d20_1534,11752.450363420705
000d7d20_1535,11752.452915915816
000d7d20_1536,11752.449793875077
000d7d20_1537,11752.44667183434
000d7d20_1538,11752.443549793603
000d7d20_1539,11752.437448106328
000d7d20_1540,11752.434326065591
000d7d20_1541,11752.431204024855
000d7d20_1542,11752.428081984115
000d7d20_1543,11752.367903732167
000d7d20_1544,11752.368275628858
000d7d20_1545,11752.365307823871
000d7d20_1546,11752.362185783133
000d7d20_1547,11752.252208092503
000d7d20_1548,11752.249086051765
000d7d20_1549,11752.223454627458
000d7d20_1550,11752.216838649289
000d7d20_1551,11752.285642648536
000d7d20_1552,11752.261596675611
000d7d20_1553,11752.255494988338
000d7d20_1554,11752.273296879786
000d7d20_1555,11752.285906404199
000d7d20_1556,11752.192147111791
000d7d20_1557,11752.211447445727
000d7d20_1558,11752.208926704781
000d7d20_1559,11752.202310726612
000d7d20_1560,11752.196209039339
000d7d20_1561,11752.196580936034
000d7d20_1562,11752.164638921475
000d7d20_1563,11752.221508137078
000d7d20_1564,11752.198856359308
000d7d20_1565,11752.132763415691
000d7d20_1566,11752.183578527882
000d7d20_1567,11752.177476840607
000d7d20_1568,11752.170860862441
000d7d20_1569,11752.224795032915
000d7d20_1570,11752.218693345641
000d7d20_1571,11752.215571304903
000d7d20_1572,11752.17531868857
000d7d20_1573,11752.172196647833
000d7d20_1574,11752.16609496056
000d7d20_1575,11752.10591670861
000d7d20_1576,11752.131030905266
000d7d20_1577,11752.187900120869
000d7d20_1578,11752.124742222384
000d7d20_1579,11752.118685136516
000d7d20_1580,11752.112583449243
000d7d20_1581,11752.135301735787
000d7d20_1582,11752.129200048514
000d7d20_1583,11752.126078007776
000d7d20_1584,11752.119976320502
000d7d20_1585,11752.091013952482
000d7d20_1586,11752.14490352155
000d7d20_1587,11752.138801834277
000d7d20_1588,11752.075688537197
000d7d20_1589,11752.095427177206
000d7d20_1590,11752.035248925258
000d7d20_1591,11752.029147237983
000d7d20_1592,11752.023045550708
000d7d20_1593,11752.019923509972
000d7d20_1594,11752.013821822698
000d7d20_1595,11752.007720135423
000d7d20_1596,11752.061654305897
000d7d20_1597,11757.216780315772
000d7d20_1598,11757.226410193647
000d7d20_1599,11757.223288152909
000d7d20_1600,11757.201454900485
000d7d20_1601,11757.19535321321
000d7d20_1602,11757.207962737622
000d7d20_1603,11757.201861050351
000d7d20_1604,11757.195759363076
000d7d20_1605,11757.162035928417
000d7d20_1606,11757.155934241142
000d7d20_1607,11757.149832553869
000d7d20_1608,11757.14671051313
000d7d20_1609,11757.160138562891
000d7d20_1610,11757.157016522153
000d7d20_1611,11757.15091483488
000d7d20_1612,11757.144813147606
000d7d20_1613,11757.141691106868
000d7d20_1614,11757.135589419595
000d7d20_1615,11757.12948773232
000d7d20_1616,11757.126365691583
000d7d20_1617,11757.120264004308
000d7d20_1618,11757.117141963572
000d7d20_1619,11757.111040276297
000d7d20_1620,11757.104938589024
000d7d20_1621,11757.101816548286
000d7d20_1622,11757.095714861012
000d7d20_1623,11757.089613173739
000d7d20_1624,11757.086491133
000d7d20_1625,11757.080389445728
000d7d20_1626,11757.07726740499
000d7d20_1627,11757.071165717716
000d7d20_1628,11757.065064030441
000d7d20_1629,11757.061941989705
000d7d20_1630,11757.05584030243
000d7d20_1631,11757.052718261693
000d7d20_1632,11757.046616574418
000d7d20_1633,11757.040514887145
000d7d20_1634,11757.037392846407
000d7d20_1635,11757.031291159134
000d7d20_1636,11757.028169118397
000d7d20_1637,11757.022067431122
000d7d20_1638,11757.015965743849
000d7d20_1639,11757.01284370311
000d7d20_1640,11757.006742015838
000d7d20_1641,11757.0036199751
000d7d20_1642,11756.997518287826
000d7d20_1643,11756.994396247088
000d7d20_1644,11756.988294559815
000d7d20_1645,11756.98219287254
000d7d20_1646,11756.979070831803
000d7d20_1647,11756.972969144528
000d7d20_1648,11756.969847103792
000d7d20_1649,11756.963745416519
000d7d20_1650,11756.96062337578
000d7d20_1651,11756.954521688505
000d7d20_1652,11756.951399647769
000d7d20_1653,11756.945297960494
000d7d20_1654,11756.939196273222
000d7d20_1655,11756.936074232484
000d7d20_1656,11756.929972545211
000d7d20_1657,11756.926850504473
000d7d20_1658,11756.490089780242
000d7d20_1659,11756.486967739504
000d7d20_1660,11756.48086605223
000d7d20_1661,11756.477744011494
000d7d20_1662,11756.471642324219
000d7d20_1663,11756.465540636946
000d7d20_1664,11756.46241859621
000d7d20_1665,11756.456316908934
000d7d20_1666,11756.453194868198
000d7d20_1667,11756.447093180923
000d7d20_1668,11756.443971140186
000d7d20_1669,11756.437869452911
000d7d20_1670,11756.434747412175
000d7d20_1671,11756.4286457249
000d7d20_1672,11756.425523684164
000d7d20_1673,11756.419421996889
000d7d20_1674,11756.416299956152
000d7d20_1675,11756.383756641804
000d7d20_1676,11756.387546491107
000d7d20_1677,11756.381444803832
000d7d20_1678,11756.408924157018
000d7d20_1679,11756.38709090459
000d7d20_1680,11756.36304493167
000d7d20_1681,11756.356943244395
000d7d20_1682,11756.353821203658
000d7d20_1683,11756.347719516383
000d7d20_1684,11756.344597475647
000d7d20_1685,11756.338495788372
000d7d20_1686,11756.335373747635
000d7d20_1687,11756.32927206036
000d7d20_1688,11756.326150019624
000d7d20_1689,11756.340972264534
000d7d20_1690,11756.35358178895
000d7d20_1691,11756.347480101675
000d7d20_1692,11756.344358060938
000d7d20_1693,11756.30765497974
000d7d20_1694,11756.304532939004
000d7d20_1695,11756.301410898266
000d7d20_1696,11756.295309210993
000d7d20_1697,11756.266346842971
000d7d20_1698,11756.319666523439
000d7d20_1699,11756.316544482703
000d7d20_1700,11756.294711230277
000d7d20_1701,11756.291589189539
000d7d20_1702,11756.304198713955
000d7d20_1703,11756.301076673217
000d7d20_1704,11756.297954632479
000d7d20_1705,11756.27910102659
000d7d20_1706,11756.288730904467
000d7d20_1707,11756.255007469808
000d7d20_1708,11756.25188542907
000d7d20_1709,11756.248763388332
000d7d20_1710,11756.146716853887
000d7d20_1711,11756.14359481315
000d7d20_1712,11756.159401209658
000d7d20_1713,11756.156880468709
000d7d20_1714,11756.153758427972
000d7d20_1715,11756.153616033771
000d7d20_1716,11756.150493993033
000d7d20_1717,11756.147371952295
000d7d20_1718,11756.144249911558
000d7d20_1719,11756.14112787082
000d7d20_1720,11756.138005830082
000d7d20_1721,11756.13786343588
000d7d20_1722,11756.134140095355
000d7d20_1723,11756.131018054617
000d7d20_1724,11756.108967576634
000d7d20_1725,11756.108825182435
000d7d20_1726,11756.105703141697
000d7d20_1727,11756.121509538203
000d7d20_1728,11756.121367144004
000d7d20_1729,11756.118846403055
000d7d20_1730,11756.118704008853
000d7d20_1731,11756.114980668328
000d7d20_1732,11756.095909836882
000d7d20_1733,11756.092787796144
000d7d20_1734,11756.092645401943
000d7d20_1735,11756.089523361206
000d7d20_1736,11756.10830940425
000d7d20_1737,11756.1057886633
000d7d20_1738,11756.105646269101
000d7d20_1739,11756.1055038749
000d7d20_1740,11756.04532562295
000d7d20_1741,11756.102239439962
000d7d20_1742,11756.102097045761
000d7d20_1743,11756.098975005023
000d7d20_1744,11756.098832610822
000d7d20_1745,11756.098690216622
000d7d20_1746,11756.09854782242
000d7d20_1747,11756.09840542822
000d7d20_1748,11756.038227176268
000d7d20_1749,11756.038084782069
000d7d20_1750,11756.094998599081
000d7d20_1751,11756.094856204878
000d7d20_1752,11756.094713810677
000d7d20_1753,11756.094571416477
000d7d20_1754,11756.094429022276
000d7d20_1755,11756.094286628075
000d7d20_1756,11756.094144233874
000d7d20_1757,11756.094001839672
000d7d20_1758,11756.093859445471
000d7d20_1759,11756.09371705127
000d7d20_1760,11756.093574657069
000d7d20_1761,11756.09343226287
000d7d20_1762,11756.093289868668
000d7d20_1763,11756.096127121004
000d7d20_1764,11756.095984726802
000d7d20_1765,11756.095842332601
000d7d20_1766,11756.0956999384
000d7d20_1767,11756.038501332987
000d7d20_1768,11756.041338585323
000d7d20_1769,11756.041196191121
000d7d20_1770,11756.041053796922
000d7d20_1771,11756.043891049256
000d7d20_1772,11756.043748655055
000d7d20_1773,11756.100662472067
000d7d20_1774,11756.103499724402
000d7d20_1775,11756.04630111899
000d7d20_1776,11756.049138371325
000d7d20_1777,11756.048995977124
000d7d20_1778,11756.108889440671
000d7d20_1779,11756.10874704647
000d7d20_1780,11756.111584298806
000d7d20_1781,11756.111441904604
000d7d20_1782,11756.11427915694
000d7d20_1783,11756.117116409276
000d7d20_1784,11756.116974015074
000d7d20_1785,11756.11981126741
000d7d20_1786,11756.119668873209
000d7d20_1787,11756.122506125543
000d7d20_1788,11756.122363731343
000d7d20_1789,11756.125200983679
000d7d20_1790,11756.125058589478
000d7d20_1791,11756.127895841813
000d7d20_1792,11756.127753447612
000d7d20_1793,11756.130590699948
000d7d20_1794,11756.130448305747
000d7d20_1795,11756.130305911545
000d7d20_1796,11756.133143163881
000d7d20_1797,11756.13300076968
000d7d20_1798,11756.135838022015
000d7d20_1799,11756.135695627814
000d7d20_1800,11756.135553233613
000d7d20_1801,11756.135410839412
000d7d20_1802,11756.138248091747
000d7d20_1803,11756.055209159054
000d7d20_1804,11756.080305792346
000d7d20_1805,11756.0612349609
000d7d20_1806,11756.064072213234
000d7d20_1807,11756.063929819034
000d7d20_1808,11756.151445029967
000d7d20_1809,11756.135571070616
000d7d20_1810,11756.114504744228
000d7d20_1811,11756.135286282213
000d7d20_1812,11756.096798888488
000d7d20_1813,11756.066055100364
000d7d20_1814,11756.122968917376
000d7d20_1815,11756.122826523175
000d7d20_1816,11756.141612566218
000d7d20_1817,11756.141470172017
000d7d20_1818,11756.141327777816
000d7d20_1819,11756.141185383614
000d7d20_1820,11756.141042989413
000d7d20_1821,11756.12197215797
000d7d20_1822,11756.121829763768
000d7d20_1823,11756.093018850519
000d7d20_1824,11756.12347785024
000d7d20_1825,11756.107603890887
000d7d20_1826,11756.083557917966
000d7d20_1827,11756.10433945595
000d7d20_1828,11756.104197061748
000d7d20_1829,11756.104054667547
000d7d20_1830,11756.119643838498
000d7d20_1831,11756.103769879144
000d7d20_1832,11756.100647838408
000d7d20_1833,11756.100505444207
000d7d20_1834,11756.053598790537
000d7d20_1835,11756.07929672362
000d7d20_1836,11756.076174682883
000d7d20_1837,11756.076032288682
000d7d20_1838,11756.07588989448
000d7d20_1839,11756.072767853742
000d7d20_1840,11756.072625459543
000d7d20_1841,11756.072483065342
000d7d20_1842,11756.069361024603
000d7d20_1843,11756.069218630402
000d7d20_1844,11756.087020521849
000d7d20_1845,11756.086878127648
000d7d20_1846,11756.083756086911
000d7d20_1847,11756.08361369271
000d7d20_1848,11756.080491651974
000d7d20_1849,11756.080349257772
000d7d20_1850,11756.077227217034
000d7d20_1851,11756.077084822833
000d7d20_1852,11756.05303884991
000d7d20_1853,11756.05289645571
000d7d20_1854,11756.049774414972
000d7d20_1855,11755.907167531159
000d7d20_1856,11755.904045490423
000d7d20_1857,11755.900923449684
000d7d20_1858,11755.92170498767
000d7d20_1859,11755.918582946933
000d7d20_1860,11755.931192471347
000d7d20_1861,11755.931050077146
000d7d20_1862,11755.897326642487
000d7d20_1863,11755.89420460175
000d7d20_1864,11755.891082561011
000d7d20_1865,11755.89094016681
000d7d20_1866,11755.887818126073
000d7d20_1867,11755.884696085335
000d7d20_1868,11755.881574044597
000d7d20_1869,11755.87845200386
000d7d20_1870,11755.875329963123
000d7d20_1871,11755.875187568921
000d7d20_1872,11755.872065528185
000d7d20_1873,11755.868943487447
000d7d20_1874,11755.86582144671
000d7d20_1875,11755.862699405972
000d7d20_1876,11755.859577365234
000d7d20_1877,11755.856455324498
000d7d20_1878,11755.853333283761
000d7d20_1879,11755.850211243023
000d7d20_1880,11755.847089202285
000d7d20_1881,11755.843967161549
000d7d20_1882,11755.815004793527
000d7d20_1883,11755.837723080072
000d7d20_1884,11755.868182079794
000d7d20_1885,11755.865060039057
000d7d20_1886,11755.86193799832
000d7d20_1887,11755.84308439243
000d7d20_1888,11755.839962351693
000d7d20_1889,11755.815916378768
000d7d20_1890,11755.836697916755
000d7d20_1891,11755.849307441169
000d7d20_1892,11755.84618540043
000d7d20_1893,11755.812461965772
000d7d20_1894,11755.809339925034
000d7d20_1895,11755.809197530833
000d7d20_1896,11755.806075490094
000d7d20_1897,11755.802953449358
000d7d20_1898,11755.799831408622
000d7d20_1899,11755.79968901442
000d7d20_1900,11755.796566973682
000d7d20_1901,11755.793444932944
000d7d20_1902,11755.793302538743
000d7d20_1903,11755.790180498007
000d7d20_1904,11755.8360792151
000d7d20_1905,11755.80178589184
000d7d20_1906,11755.777739918914
000d7d20_1907,11755.774617878176
000d7d20_1908,11755.774475483975
000d7d20_1909,11755.771353443237
000d7d20_1910,11755.771211049037
000d7d20_1911,11755.7680890083
000d7d20_1912,11755.764966967563
000d7d20_1913,11755.785748505548
000d7d20_1914,11755.798358029962
000d7d20_1915,11755.767614241839
000d7d20_1916,11755.764492201102
000d7d20_1917,11755.764349806901
000d7d20_1918,11755.761227766165
000d7d20_1919,11755.761085371962
000d7d20_1920,11755.757963331225
000d7d20_1921,11755.719693163055
000d7d20_1922,11755.717172422108
000d7d20_1923,11755.717030027907
000d7d20_1924,11755.71390798717
000d7d20_1925,11755.71376559297
000d7d20_1926,11755.713623198768
000d7d20_1927,11755.767557369243
000d7d20_1928,11755.732448287557
000d7d20_1929,11755.672270035608
000d7d20_1930,11755.672127641406
000d7d20_1931,11755.729041458417
000d7d20_1932,11755.72591941768
000d7d20_1933,11755.668720812268
000d7d20_1934,11755.70355867838
000d7d20_1935,11755.700436637642
000d7d20_1936,11755.700294243443
000d7d20_1937,11755.667628098343
000d7d20_1938,11755.665543485618
000d7d20_1939,11755.665401091417
000d7d20_1940,11755.665258697216
000d7d20_1941,11755.665116303015
000d7d20_1942,11755.661994262278
000d7d20_1943,11755.661851868077
000d7d20_1944,11755.661709473876
000d7d20_1945,11755.661567079675
000d7d20_1946,11755.657930748046
000d7d20_1947,11755.654808707308
000d7d20_1948,11755.654666313107
000d7d20_1949,11755.654523918907
000d7d20_1950,11755.654381524704
000d7d20_1951,11755.711295341716
000d7d20_1952,11755.711152947515
000d7d20_1953,11755.711010553314
000d7d20_1954,11755.707888512576
000d7d20_1955,11755.707746118376
000d7d20_1956,11755.707603724173
000d7d20_1957,11755.707461329974
000d7d20_1958,11755.65026272456
000d7d20_1959,11755.653614267789
000d7d20_1960,11755.653471873587
000d7d20_1961,11755.653329479386
000d7d20_1962,11755.653187085187
000d7d20_1963,11755.653044690986
000d7d20_1964,11755.652902296784
000d7d20_1965,11755.652759902583
000d7d20_1966,11755.706179782164
000d7d20_1967,11755.706037387963
000d7d20_1968,11755.64883878255
000d7d20_1969,11755.64869638835
000d7d20_1970,11755.64855399415
000d7d20_1971,11756.192128949335
000d7d20_1972,11756.191986555132
000d7d20_1973,11756.19482380747
000d7d20_1974,11756.194681413268
000d7d20_1975,11756.251595230278
000d7d20_1976,11756.251452836077
000d7d20_1977,11756.251310441876
000d7d20_1978,11756.251168047675
000d7d20_1979,11756.25400530001
000d7d20_1980,11756.25386290581
000d7d20_1981,11756.25372051161
000d7d20_1982,11756.253578117408
000d7d20_1983,11756.256415369742
000d7d20_1984,11756.256272975543
000d7d20_1985,11756.256130581341
000d7d20_1986,11756.258967833677
000d7d20_1987,11756.258825439476
000d7d20_1988,11756.258683045275
000d7d20_1989,11756.26152029761
000d7d20_1990,11756.261377903409
000d7d20_1991,11756.264215155745
000d7d20_1992,11756.264072761544
000d7d20_1993,11756.26630871409
000d7d20_1994,11756.266166319889
000d7d20_1995,11756.269003572224
000d7d20_1996,11756.269462477812
000d7d20_1997,11756.272299730148
000d7d20_1998,11756.272157335947
000d7d20_1999,11756.274994588282
000d7d20_2000,11756.274852194081
000d7d20_2001,11756.277689446417
000d7d20_2002,11756.277547052217
000d7d20_2003,11756.22332809334
000d7d20_2004,11756.226165345675
000d7d20_2005,11756.226022951474
000d7d20_2006,11756.22886020381
000d7d20_2007,11756.231697456145
000d7d20_2008,11756.231555061944
000d7d20_2009,11756.23439231428
000d7d20_2010,11756.294285777827
000d7d20_2011,11756.297123030163
000d7d20_2012,11756.296980635962
000d7d20_2013,11756.242761677086
000d7d20_2014,11756.302655140633
000d7d20_2015,11756.305492392969
000d7d20_2016,11756.308329645304
000d7d20_2017,11756.250093611878
000d7d20_2018,11756.252930864212
000d7d20_2019,11756.256805544563
000d7d20_2020,11756.259642796897
000d7d20_2021,11756.262480049232
000d7d20_2022,11756.265317301568
000d7d20_2023,11756.268154553904
000d7d20_2024,11756.27099180624
000d7d20_2025,11756.273829058575
000d7d20_2026,11756.27666631091
000d7d20_2027,11756.279503563246
000d7d20_2028,11756.339397026793
000d7d20_2029,11756.342234279127
000d7d20_2030,11756.345071531465
000d7d20_2031,11756.347908783799
000d7d20_2032,11756.350746036134
000d7d20_2033,11756.35358328847
000d7d20_2034,11756.359400187343
000d7d20_2035,11756.362237439678
000d7d20_2036,11756.365074692014
000d7d20_2037,11756.367911944348
000d7d20_2038,11756.370749196683
000d7d20_2039,11756.376566095556
000d7d20_2040,11756.379403347892
000d7d20_2041,11756.382240600227
000d7d20_2042,11756.385077852563
000d7d20_2043,11756.390894751434
000d7d20_2044,11756.39373200377
000d7d20_2045,11756.503424905999
000d7d20_2046,11756.50924180487
000d7d20_2047,11756.512079057207
000d7d20_2048,11756.514916309541
000d7d20_2049,11756.520733208414
000d7d20_2050,11756.52357046075
000d7d20_2051,11756.529387359622
000d7d20_2052,11756.532224611958
000d7d20_2053,11756.535061864291
000d7d20_2054,11756.376966902058
000d7d20_2055,11756.379804154394
000d7d20_2056,11756.385621053265
000d7d20_2057,11756.388458305602
000d7d20_2058,11756.451331415685
000d7d20_2059,11756.457148314557
000d7d20_2060,11756.459384267102
000d7d20_2061,11756.465201165975
000d7d20_2062,11756.468038418312
000d7d20_2063,11756.473855317183
000d7d20_2064,11756.480273515845
000d7d20_2065,11756.48311076818
000d7d20_2066,11756.488927667051
000d7d20_2067,11756.494744565924
000d7d20_2068,11756.497581818257
000d7d20_2069,11756.50339871713
000d7d20_2070,11756.506235969468
000d7d20_2071,11756.512052868338
000d7d20_2072,11756.51786976721
000d7d20_2073,11756.520707019547
000d7d20_2074,11756.526523918417
000d7d20_2075,11756.529361170753
000d7d20_2076,11756.535178069624
000d7d20_2077,11756.435589046432
000d7d20_2078,11756.441405945303
000d7d20_2079,11756.477824238098
000d7d20_2080,11756.501062204308
000d7d20_2081,11756.532719430463
000d7d20_2082,11756.5355566828
000d7d20_2083,11756.541373581671
000d7d20_2084,11756.487154622795
000d7d20_2085,11756.496465459095
000d7d20_2086,11756.520226643617
000d7d20_2087,11756.54177510764
000d7d20_2088,11756.514010966053
000d7d20_2089,11756.516333927495
000d7d20_2090,11756.493330852547
000d7d20_2091,11756.522008432166
000d7d20_2092,11756.527825331039
000d7d20_2093,11756.530662583375
000d7d20_2094,11756.593535693457
000d7d20_2095,11756.596372945793
000d7d20_2096,11756.602189844665
000d7d20_2097,11756.605027097
000d7d20_2098,11756.607864349337
000d7d20_2099,11756.613681248207
000d7d20_2100,11756.616518500543
000d7d20_2101,11756.622335399416
000d7d20_2102,11756.644101088996
000d7d20_2103,11756.646938341331
000d7d20_2104,11756.653356539991
000d7d20_2105,11756.656193792327
000d7d20_2106,11756.658429744874
000d7d20_2107,11756.664246643746
000d7d20_2108,11756.648155458835
000d7d20_2109,11756.650992711173
000d7d20_2110,11756.656809610045
000d7d20_2111,11756.65964686238
000d7d20_2112,11756.662484114715
000d7d20_2113,11756.69890240751
000d7d20_2114,11756.686008094695
000d7d20_2115,11756.688845347031
000d7d20_2116,11756.691682599365
000d7d20_2117,11756.67657556605
000d7d20_2118,11756.700336750573
000d7d20_2119,11756.71890556806
000d7d20_2120,11756.706011255244
000d7d20_2121,11756.727559719266
000d7d20_2122,11756.730396971601
000d7d20_2123,11756.733234223937
000d7d20_2124,11756.736071476273
000d7d20_2125,11756.697336836174
000d7d20_2126,11756.744725627479
000d7d20_2127,11756.747562879815
000d7d20_2128,11756.75040013215
000d7d20_2129,11756.753237384486
000d7d20_2130,11756.756074636822
000d7d20_2131,11756.746159970544
000d7d20_2132,11756.764728788028
000d7d20_2133,11756.751834475213
000d7d20_2134,11756.770403292701
000d7d20_2135,11756.742639151114
000d7d20_2136,11756.77607779737
000d7d20_2137,11756.763183484556
000d7d20_2138,11756.766020736892
000d7d20_2139,11756.771837635762
000d7d20_2140,11756.790406453249
000d7d20_2141,11756.762642311664
000d7d20_2142,11756.765479563997
000d7d20_2143,11756.768316816335
000d7d20_2144,11756.771154068669
000d7d20_2145,11756.773991321004
000d7d20_2146,11756.77682857334
000d7d20_2147,11756.79859426292
000d7d20_2148,11756.802032815045
000d7d20_2149,11756.80487006738
000d7d20_2150,11756.807106019927
000d7d20_2151,11756.791014835018
000d7d20_2152,11756.793852087354
000d7d20_2153,11756.796689339688
000d7d20_2154,11756.799526592025
000d7d20_2155,11756.80236384436
000d7d20_2156,11756.805201096695
000d7d20_2157,11756.80803834903
000d7d20_2158,11756.815636668005
000d7d20_2159,11756.828582682474
000d7d20_2160,11756.83141993481
000d7d20_2161,11756.834257187144
000d7d20_2162,11756.837094439481
000d7d20_2163,11756.819007759628
000d7d20_2164,11756.821845011964
000d7d20_2165,11756.8246822643
000d7d20_2166,11756.827519516635
000d7d20_2167,11756.83035676897
000d7d20_2168,11756.833194021307
000d7d20_2169,11756.856955205829
000d7d20_2170,11756.859792458163
000d7d20_2171,11756.836789383215
000d7d20_2172,11756.865466962834
000d7d20_2173,11756.86830421517
000d7d20_2174,11756.886873032656
000d7d20_2175,11756.859108891069
000d7d20_2176,11756.861946143405
000d7d20_2177,11756.86478339574
000d7d20_2178,11756.867620648076
000d7d20_2179,11756.832330126445
000d7d20_2180,11756.83576867857
000d7d20_2181,11756.895662142117
000d7d20_2182,11756.89849939445
000d7d20_2183,11756.904316293323
000d7d20_2184,11756.907153545659
000d7d20_2185,11756.909990797994
000d7d20_2186,11756.91282805033
000d7d20_2187,11756.915665302666
000d7d20_2188,11756.918502555
000d7d20_2189,11756.921339807337
000d7d20_2190,11756.923575759882
000d7d20_2191,11756.926413012217
000d7d20_2192,11756.93283121088
000d7d20_2193,11756.935668463215
000d7d20_2194,11756.93850571555
000d7d20_2195,11756.941342967886
000d7d20_2196,11756.94418022022
000d7d20_2197,11756.947017472556
000d7d20_2198,11756.949854724891
000d7d20_2199,11756.955671623764
000d7d20_2200,11756.9585088761
000d7d20_2201,11756.961346128435
000d7d20_2202,11756.96418338077
000d7d20_2203,11756.967020633107
000d7d20_2204,11756.972837531977
000d7d20_2205,11756.975674784313
000d7d20_2206,11756.978512036649
000d7d20_2207,11756.981349288984
000d7d20_2208,11756.987166187855
000d7d20_2209,11756.99000344019
000d7d20_2210,11756.992840692526
000d7d20_2211,11756.995677944862
000d7d20_2212,11756.998515197198
000d7d20_2213,11757.004332096069
000d7d20_2214,11757.007169348404
000d7d20_2215,11757.01000660074
000d7d20_2216,11757.015823499612
000d7d20_2217,11757.018660751948
000d7d20_2218,11757.021498004284
000d7d20_2219,11757.02433525662
000d7d20_2220,11757.03015215549
000d7d20_2221,11757.032989407826
000d7d20_2222,11757.035826660162
000d7d20_2223,11757.041643559034
000d7d20_2224,11757.04448081137
000d7d20_2225,11757.047318063705
000d7d20_2226,11757.053134962576
000d7d20_2227,11757.055972214912
000d7d20_2228,11757.058809467248
000d7d20_2229,11757.06462636612
000d7d20_2230,11757.067463618456
000d7d20_2231,11757.070300870791
000d7d20_2232,11757.076117769662
000d7d20_2233,11757.078955021998
000d7d20_2234,11757.081792274334
000d7d20_2235,11757.087609173204
000d7d20_2236,11757.09044642554
000d7d20_2237,11757.096263324413
000d7d20_2238,11757.099100576748
000d7d20_2239,11757.101937829084
000d7d20_2240,11757.107754727956
000d7d20_2241,11757.11059198029
000d7d20_2242,11757.116408879163
000d7d20_2243,11757.119246131499
000d7d20_2244,11757.122083383834
000d7d20_2245,11757.127900282707
000d7d20_2246,11757.13073753504
000d7d20_2247,11757.136554433913
000d7d20_2248,11757.03728509444
000d7d20_2249,11757.043101993311
000d7d20_2250,11757.045939245647
000d7d20_2251,11757.05175614452
000d7d20_2252,11757.054593396855
000d7d20_2253,11757.060410295726
000d7d20_2254,11757.063247548062
000d7d20_2255,11757.066084800397
000d7d20_2256,11757.07190169927
000d7d20_2257,11757.074738951605
000d7d20_2258,11757.077576203941
000d7d20_2259,11757.080413456277
000d7d20_2260,11757.083250708612
000d7d20_2261,11757.086087960946
000d7d20_2262,11757.091904859819
000d7d20_2263,11757.094742112155
000d7d20_2264,11757.094599717955
000d7d20_2265,11757.097436970289
000d7d20_2266,11757.100274222625
000d7d20_2267,11757.10311147496
000d7d20_2268,11757.105948727294
000d7d20_2269,11757.108785979632
000d7d20_2270,11757.10864358543
000d7d20_2271,11757.111480837766
000d7d20_2272,11757.111338443565
000d7d20_2273,11757.1141756959
000d7d20_2274,11757.1140333017
000d7d20_2275,11757.116870554035
000d7d20_2276,11757.116728159834
000d7d20_2277,11757.11956541217
000d7d20_2278,11757.119423017968
000d7d20_2279,11757.119280623767
000d7d20_2280,11757.119138229566
000d7d20_2281,11757.121975481901
000d7d20_2282,11757.121833087702
000d7d20_2283,11757.1216906935
000d7d20_2284,11757.1215482993
000d7d20_2285,11757.121405905098
000d7d20_2286,11757.121263510897
000d7d20_2287,11757.121121116696
000d7d20_2288,11757.11799907596
000d7d20_2289,11757.117856681758
000d7d20_2290,11757.097701643044
000d7d20_2291,11757.04447988254
000d7d20_2292,11757.041357841801
000d7d20_2293,11757.03772151017
000d7d20_2294,11757.068180509894
000d7d20_2295,11757.062553900878
000d7d20_2296,11757.062411506677
000d7d20_2297,11757.02513853688
000d7d20_2298,11757.022016496143
000d7d20_2299,11757.078930313153
000d7d20_2300,11757.075808272415
000d7d20_2301,11757.072686231679
000d7d20_2302,11757.06956419094
000d7d20_2303,11757.043581469457
000d7d20_2304,11757.047671232682
000d7d20_2305,11757.040272433112
000d7d20_2306,11757.037150392374
000d7d20_2307,11757.034028351638
000d7d20_2308,11757.0309063109
000d7d20_2309,11757.027784270163
000d7d20_2310,11757.0787387941
000d7d20_2311,11757.075616753364
000d7d20_2312,11757.072494712625
000d7d20_2313,11756.920426120545
000d7d20_2314,11756.914324433272
000d7d20_2315,11756.911202392534
000d7d20_2316,11756.908080351797
000d7d20_2317,11756.901978664522
000d7d20_2318,11756.89587697725
000d7d20_2319,11757.041701487855
000d7d20_2320,11757.03559980058
000d7d20_2321,11757.032477759843
000d7d20_2322,11757.026376072568
000d7d20_2323,11757.020274385295
000d7d20_2324,11757.014172698022
000d7d20_2325,11757.008071010747
000d7d20_2326,11756.933811219908
000d7d20_2327,11756.927709532636
000d7d20_2328,11756.921607845361
000d7d20_2329,11756.941346485371
000d7d20_2330,11756.935244798096
000d7d20_2331,11756.869107253075
000d7d20_2332,11756.8630055658
000d7d20_2333,11756.856903878528
000d7d20_2334,11756.850802191253
000d7d20_2335,11756.87837635478
000d7d20_2336,11756.841673273582
000d7d20_2337,11756.854500023554
000d7d20_2338,11756.903076200744
000d7d20_2339,11756.896974513471
000d7d20_2340,11756.88789317966
000d7d20_2341,11756.892937986144
000d7d20_2342,11756.883856652334
000d7d20_2343,11756.874775318523
000d7d20_2344,11756.868673631248
000d7d20_2345,11756.859592297438
000d7d20_2346,11756.850510963628
000d7d20_2347,11756.841429629818
000d7d20_2348,11756.832348296008
000d7d20_2349,11756.823266962198
000d7d20_2350,11756.814185628387
000d7d20_2351,11756.805104294577
000d7d20_2352,11756.799002607302
000d7d20_2353,11756.789921273492
000d7d20_2354,11756.780839939682
000d7d20_2355,11756.771758605872
000d7d20_2356,11756.762677272061
000d7d20_2357,11756.753595938251
000d7d20_2358,11756.744514604441
000d7d20_2359,11756.73543327063
000d7d20_2360,11756.72635193682
000d7d20_2361,11756.717270603009
000d7d20_2362,11756.708189269199
000d7d20_2363,11756.699107935388
000d7d20_2364,11756.690026601578
000d7d20_2365,11756.680945267768
000d7d20_2366,11756.648357352016
000d7d20_2367,11756.560356324619
000d7d20_2368,11756.574135671555
000d7d20_2369,11756.565054337745
000d7d20_2370,11756.550759510741
000d7d20_2371,11756.47918235231
000d7d20_2372,11756.52715722971
000d7d20_2373,11756.5180758959
000d7d20_2374,11756.50899456209
000d7d20_2375,11756.49991322828
000d7d20_2376,11756.516672221753
000d7d20_2377,11756.504611241406
000d7d20_2378,11756.495529907595
000d7d20_2379,11756.520599502845
000d7d20_2380,11756.511518169034
000d7d20_2381,11756.442445578881
000d7d20_2382,11756.490375854877
000d7d20_2383,11756.421303264724
000d7d20_2384,11756.412221930914
000d7d20_2385,11756.428980924386
000d7d20_2386,11756.419899590575
000d7d20_2387,11756.44198953929
000d7d20_2388,11756.372916949134
000d7d20_2389,11756.423826871667
000d7d20_2390,11756.37761496226
000d7d20_2391,11756.36853362845
000d7d20_2392,11756.333611967359
000d7d20_2393,11756.35037096083
000d7d20_2394,11756.3124696532
000d7d20_2395,11756.30338831939
000d7d20_2396,11756.354298241922
000d7d20_2397,11756.251030121304
000d7d20_2398,11756.241948787494
000d7d20_2399,11756.289923664895
000d7d20_2400,11756.277862684548
000d7d20_2401,11756.268781350738
000d7d20_2402,11756.256720370391
000d7d20_2403,11756.247639036581
000d7d20_2404,11756.23855770277
000d7d20_2405,11756.331897170568
000d7d20_2406,11756.322815836758
000d7d20_2407,11756.310754856411
000d7d20_2408,11756.280749590414
000d7d20_2409,11756.268688610067
000d7d20_2410,11756.280531208444
000d7d20_2411,11756.268470228097
000d7d20_2412,11756.275120459439
000d7d20_2413,11756.268272972286
000d7d20_2414,11756.202135427262
000d7d20_2415,11756.190074446915
000d7d20_2416,11756.20052285014
000d7d20_2417,11756.188461869793
000d7d20_2418,11756.236436747195
000d7d20_2419,11756.224375766848
000d7d20_2420,11756.215294433037
000d7d20_2421,11756.20323345269
000d7d20_2422,11756.19415211888
000d7d20_2423,11756.182091138533
000d7d20_2424,11756.170030158188
000d7d20_2425,11756.160948824378
000d7d20_2426,11756.148887844029
000d7d20_2427,11756.139806510218
000d7d20_2428,11756.12714423008
000d7d20_2429,11756.115083249735
000d7d20_2430,11756.087073478682
000d7d20_2431,11756.075012498335
000d7d20_2432,11756.062951517988
000d7d20_2433,11756.07279862142
000d7d20_2434,11756.060737641074
000d7d20_2435,11756.049277960517
000d7d20_2436,11756.040196626707
000d7d20_2437,11756.02813564636
000d7d20_2438,11756.016074666013
000d7d20_2439,11756.004013685666
000d7d20_2440,11755.994932351856
000d7d20_2441,11755.982871371509
000d7d20_2442,11755.970810391162
000d7d20_2443,11755.958749410816
000d7d20_2444,11755.949668077006
000d7d20_2445,11755.937607096657
000d7d20_2446,11755.928525762847
000d7d20_2447,11755.916464782502
000d7d20_2448,11755.904403802155
000d7d20_2449,11755.895322468345
000d7d20_2450,11755.883261487998
000d7d20_2451,11755.874180154187
000d7d20_2452,11755.86211917384
000d7d20_2453,11755.853037840028
000d7d20_2454,11755.84395650622
000d7d20_2455,11755.831895525873
000d7d20_2456,11755.822814192063
000d7d20_2457,11755.99419685354
000d7d20_2458,11755.985115519728
000d7d20_2459,11755.973054539383
000d7d20_2460,11755.963973205573
000d7d20_2461,11755.954891871763
000d7d20_2462,11755.945810537953
000d7d20_2463,11755.93672920414
000d7d20_2464,11755.92764787033
000d7d20_2465,11755.91856653652
000d7d20_2466,11755.909485202708
000d7d20_2467,11755.9004038689
000d7d20_2468,11755.8907212353
000d7d20_2469,11755.88163990149
000d7d20_2470,11755.87255856768
000d7d20_2471,11755.864078533657
000d7d20_2472,11755.857976846384
000d7d20_2473,11755.848895512572
000d7d20_2474,11755.839814178764
000d7d20_2475,11755.830131545164
000d7d20_2476,11755.82402985789
000d7d20_2477,11755.81494852408
000d7d20_2478,11755.805867190269
000d7d20_2479,11755.780837065751
000d7d20_2480,11755.771755731941
000d7d20_2481,11755.765654044666
000d7d20_2482,11755.756572710856
000d7d20_2483,11755.666855344867
000d7d20_2484,11755.657774011055
000d7d20_2485,11755.651672323782
000d7d20_2486,11755.640357143315
000d7d20_2487,11755.631275809505
000d7d20_2488,11755.62517412223
000d7d20_2489,11755.62428592815
000d7d20_2490,11755.618184240877
000d7d20_2491,11755.609102907067
000d7d20_2492,11755.603001219792
000d7d20_2493,11755.596899532518
000d7d20_2494,11755.590797845245
000d7d20_2495,11755.58469615797
000d7d20_2496,11755.578594470697
000d7d20_2497,11755.591421220664
000d7d20_2498,11755.585319533391
000d7d20_2499,11755.579819145909
000d7d20_2500,11755.573717458636
000d7d20_2501,11755.56761577136
000d7d20_2502,11755.561514084086
000d7d20_2503,11755.55839204335
000d7d20_2504,11755.551689056283
000d7d20_2505,11755.526658931767
000d7d20_2506,11755.520557244494
000d7d20_2507,11755.517435203757
000d7d20_2508,11755.511333516482
000d7d20_2509,11755.505231829207
000d7d20_2510,11755.502109788471
000d7d20_2511,11755.490794608002
000d7d20_2512,11755.487672567266
000d7d20_2513,11755.486784373186
000d7d20_2514,11755.483662332448
000d7d20_2515,11755.47234715198
000d7d20_2516,11755.469225111243
000d7d20_2517,11755.46312342397
000d7d20_2518,11755.460001383231
000d7d20_2519,11755.462092835689
000d7d20_2520,11755.455991148414
000d7d20_2521,11755.421815287198
000d7d20_2522,11755.428802008593
000d7d20_2523,11755.425679967855
000d7d20_2524,11755.422557927119
000d7d20_2525,11755.435167451533
000d7d20_2526,11755.434279257453
000d7d20_2527,11755.431157216715
000d7d20_2528,11755.370978964766
000d7d20_2529,11755.36785692403
000d7d20_2530,11755.364734883291
000d7d20_2531,11755.4381987908
000d7d20_2532,11755.438056396599
000d7d20_2533,11755.43493435586
000d7d20_2534,11755.431812315124
000d7d20_2535,11755.428690274386
000d7d20_2536,11755.425568233648
000d7d20_2537,11755.422446192912
000d7d20_2538,11755.42230379871
000d7d20_2539,11755.419181757974
000d7d20_2540,11755.416059717236
000d7d20_2541,11755.412937676498
000d7d20_2542,11755.412795282296
000d7d20_2543,11754.853398244657
000d7d20_2544,11754.85027620392
000d7d20_2545,11754.85013380972
000d7d20_2546,11754.847011768983
000d7d20_2547,11754.843889728245
000d7d20_2548,11754.843747334044
000d7d20_2549,11754.831873294363
000d7d20_2550,11754.831730900161
000d7d20_2551,11754.828608859425
000d7d20_2552,11754.825486818689
000d7d20_2553,11754.825344424487
000d7d20_2554,11754.82222238375
000d7d20_2555,11754.822079989548
000d7d20_2556,11754.81895794881
000d7d20_2557,11754.818815554609
000d7d20_2558,11754.815693513872
000d7d20_2559,11754.815551119671
000d7d20_2560,11754.812429078935
000d7d20_2561,11754.812286684733
000d7d20_2562,11754.809164643995
000d7d20_2563,11754.817774248739
000d7d20_2564,11754.817631854537
000d7d20_2565,11754.8145098138
000d7d20_2566,11754.814367419598
000d7d20_2567,11754.81124537886
000d7d20_2568,11754.811102984659
000d7d20_2569,11754.810960590457
000d7d20_2570,11754.807838549721
000d7d20_2571,11754.80769615552
000d7d20_2572,11754.807553761319
000d7d20_2573,11754.804431720582
000d7d20_2574,11754.804289326381
000d7d20_2575,11754.80414693218
000d7d20_2576,11754.801024891443
000d7d20_2577,11754.800882497242
000d7d20_2578,11754.80074010304
000d7d20_2579,11754.80059770884
000d7d20_2580,11754.800455314638
000d7d20_2581,11754.7973332739
000d7d20_2582,11754.797190879699
000d7d20_2583,11755.233624826767
000d7d20_2584,11755.233482432566
000d7d20_2585,11755.233340038365
000d7d20_2586,11755.233197644164
000d7d20_2587,11755.230075603426
000d7d20_2588,11755.229933209226
000d7d20_2589,11755.229790815025
000d7d20_2590,11755.229648420824
000d7d20_2591,11755.229506026622
000d7d20_2592,11755.229363632421
000d7d20_2593,11755.22922123822
000d7d20_2594,11755.229078844019
000d7d20_2595,11755.22893644982
000d7d20_2596,11755.228794055618
000d7d20_2597,11755.228651661417
000d7d20_2598,11755.228509267215
000d7d20_2599,11755.228366873014
000d7d20_2600,11755.228224478813
000d7d20_2601,11755.228082084612
000d7d20_2602,11755.227939690412
000d7d20_2603,11755.170741084998
000d7d20_2604,11755.170598690796
000d7d20_2605,11755.170456296595
000d7d20_2606,11755.230349760144
000d7d20_2607,11755.230207365943
000d7d20_2608,11755.173008760528
000d7d20_2609,11755.172866366327
000d7d20_2610,11755.229780183341
000d7d20_2611,11755.22963778914
000d7d20_2612,11755.232475041474
000d7d20_2613,11755.232332647272
000d7d20_2614,11755.212660516037
000d7d20_2615,11755.212518121836
000d7d20_2616,11755.212375727635
000d7d20_2617,11755.21521297997
000d7d20_2618,11755.21507058577
000d7d20_2619,11755.214928191568
000d7d20_2620,11755.217765443904
000d7d20_2621,11755.217623049703
000d7d20_2622,11755.217480655501
000d7d20_2623,11755.220317907839
000d7d20_2624,11755.220175513638
000d7d20_2625,11755.238961556679
000d7d20_2626,11755.241798809015
000d7d20_2627,11755.242257714606
000d7d20_2628,11755.245094966942
000d7d20_2629,11755.24495257274
000d7d20_2630,11755.24481017854
000d7d20_2631,11755.247647430875
000d7d20_2632,11755.247505036674
000d7d20_2633,11755.25034228901
000d7d20_2634,11755.250199894808
000d7d20_2635,11755.250057500607
000d7d20_2636,11755.19583854173
000d7d20_2637,11755.233222621706
000d7d20_2638,11755.236059874042
000d7d20_2639,11755.23591747984
000d7d20_2640,11755.235775085639
000d7d20_2641,11755.238612337975
000d7d20_2642,11755.238469943775
000d7d20_2643,11755.238327549574
000d7d20_2644,11755.241164801908
000d7d20_2645,11755.241022407707
000d7d20_2646,11755.240880013505
000d7d20_2647,11755.240737619306
000d7d20_2648,11755.238361378448
000d7d20_2649,11755.222487419096
000d7d20_2650,11755.175580765426
000d7d20_2651,11755.204258345044
000d7d20_2652,11755.204115950843
000d7d20_2653,11755.203973556641
000d7d20_2654,11755.203831162442
000d7d20_2655,11755.206668414776
000d7d20_2656,11755.206526020575
000d7d20_2657,11755.206383626373
000d7d20_2658,11755.206241232174
000d7d20_2659,11755.20609883797
000d7d20_2660,11755.208936090308
000d7d20_2661,11755.208793696107
000d7d20_2662,11755.614052037981
000d7d20_2663,11755.634833575967
000d7d20_2664,11755.634691181765
000d7d20_2665,11755.637528434101
000d7d20_2666,11755.6373860399
000d7d20_2667,11755.59047938623
000d7d20_2668,11755.616177319313
000d7d20_2669,11755.616034925111
000d7d20_2670,11755.636816463097
000d7d20_2671,11755.636674068895
000d7d20_2672,11755.636531674694
000d7d20_2673,11755.65510049218
000d7d20_2674,11755.654958097979
000d7d20_2675,11755.660029196973
000d7d20_2676,11755.659886802772
000d7d20_2677,11755.659744408571
000d7d20_2678,11755.65960201437
000d7d20_2679,11755.659459620168
000d7d20_2680,11755.659317225967
000d7d20_2681,11755.659174831766
000d7d20_2682,11755.659032437565
000d7d20_2683,11755.65367655017
000d7d20_2684,11755.653534155968
000d7d20_2685,11755.653391761769
000d7d20_2686,11755.653249367568
000d7d20_2687,11755.65832046656
000d7d20_2688,11755.658178072359
000d7d20_2689,11755.65803567816
000d7d20_2690,11755.657893283958
000d7d20_2691,11755.676679327
000d7d20_2692,11755.6765369328
000d7d20_2693,11755.6763945386
000d7d20_2694,11755.600267495942
000d7d20_2695,11755.60012510174
000d7d20_2696,11755.59998270754
000d7d20_2697,11755.573999986056
000d7d20_2698,11755.594484425945
000d7d20_2699,11755.578610466593
000d7d20_2700,11755.614600351417
000d7d20_2701,11755.611478310679
000d7d20_2702,11755.632259848666
000d7d20_2703,11755.596006301595
000d7d20_2704,11755.595863907396
000d7d20_2705,11755.618143887868
000d7d20_2706,11755.618602793456
000d7d20_2707,11755.618460399255
000d7d20_2708,11755.618318005054
000d7d20_2709,11755.615195964318
000d7d20_2710,11755.615053570116
000d7d20_2711,11755.617913165226
000d7d20_2712,11755.613731353704
000d7d20_2713,11755.614626387513
000d7d20_2714,11755.611504346776
000d7d20_2715,11755.611361952575
000d7d20_2716,11755.607725620945
000d7d20_2717,11755.611077164172
000d7d20_2718,11755.610934769971
000d7d20_2719,11755.607812729235
000d7d20_2720,11755.607670335034
000d7d20_2721,11755.604034003403
000d7d20_2722,11755.660947820414
000d7d20_2723,11755.657825779677
000d7d20_2724,11755.657683385476
000d7d20_2725,11755.657540991275
000d7d20_2726,11755.654418950537
000d7d20_2727,11755.654276556335
000d7d20_2728,11755.654134162134
000d7d20_2729,11755.651012121398
000d7d20_2730,11755.650869727197
000d7d20_2731,11755.650727332995
000d7d20_2732,11755.647605292259
000d7d20_2733,11755.647462898058
000d7d20_2734,11755.647320503856
000d7d20_2735,11755.644198463118
000d7d20_2736,11755.644056068917
000d7d20_2737,11755.64093402818
000d7d20_2738,11755.64079163398
000d7d20_2739,11755.637669593241
000d7d20_2740,11755.63752719904
000d7d20_2741,11755.634405158304
000d7d20_2742,11755.634262764102
000d7d20_2743,11755.631140723366
000d7d20_2744,11755.630998329165
000d7d20_2745,11755.627876288427
000d7d20_2746,11755.627733894225
000d7d20_2747,11755.624611853487
000d7d20_2748,11755.624469459286
000d7d20_2749,11755.728203068444
000d7d20_2750,11755.725081027707
000d7d20_2751,11755.721804751221
000d7d20_2752,11755.718682710483
000d7d20_2753,11755.715560669745
000d7d20_2754,11755.715418275544
000d7d20_2755,11755.712296234808
000d7d20_2756,11755.709174194071
000d7d20_2757,11755.70903179987
000d7d20_2758,11755.705909759132
000d7d20_2759,11755.702787718394
000d7d20_2760,11755.702645324192
000d7d20_2761,11755.699523283456
000d7d20_2762,11755.699535125004
000d7d20_2763,11755.69327920198
000d7d20_2764,11755.690157161243
000d7d20_2765,11755.690014767042
000d7d20_2766,11755.686892726306
000d7d20_2767,11755.683770685566
000d7d20_2768,11755.68064864483
000d7d20_2769,11755.677526604093
000d7d20_2770,11755.674404563355
000d7d20_2771,11755.671282522617
000d7d20_2772,11755.671140128416
000d7d20_2773,11755.66801808768
000d7d20_2774,11755.664896046943
000d7d20_2775,11755.661774006205
000d7d20_2776,11755.658651965467
000d7d20_2777,11755.65552992473
000d7d20_2778,11755.655541766277
000d7d20_2779,11755.652419725538
000d7d20_2780,11755.649297684802
000d7d20_2781,11755.646175644064
000d7d20_2782,11755.536197953432
000d7d20_2783,11755.533075912695
000d7d20_2784,11755.529953871957
000d7d20_2785,11755.526831831221
000d7d20_2786,11755.523709790483
000d7d20_2787,11755.520587749745
000d7d20_2788,11755.514486062471
000d7d20_2789,11755.511364021735
000d7d20_2790,11755.508241980997
000d7d20_2791,11755.505119940259
000d7d20_2792,11755.501997899522
000d7d20_2793,11755.498875858784
000d7d20_2794,11755.495753818048
000d7d20_2795,11755.489652130773
000d7d20_2796,11755.486530090035
000d7d20_2797,11755.483408049298
000d7d20_2798,11755.48028600856
000d7d20_2799,11755.474184321287
000d7d20_2800,11755.471062280549
000d7d20_2801,11755.467940239812
000d7d20_2802,11755.464818199074
000d7d20_2803,11755.458716511801
000d7d20_2804,11755.455594471063
000d7d20_2805,11755.452472430325
000d7d20_2806,11755.446370743051
000d7d20_2807,11755.443248702315
000d7d20_2808,11755.440126661577
000d7d20_2809,11755.434024974304
000d7d20_2810,11755.373846722354
000d7d20_2811,11755.424801246292
000d7d20_2812,11755.421679205554
000d7d20_2813,11755.418557164816
000d7d20_2814,11755.329558939047
000d7d20_2815,11755.351675925805
000d7d20_2816,11755.383702012497
000d7d20_2817,11755.38057997176
000d7d20_2818,11755.374478284486
000d7d20_2819,11755.33322846978
000d7d20_2820,11755.327728082297
000d7d20_2821,11755.32460604156
000d7d20_2822,11755.375560565497
000d7d20_2823,11755.372438524759
000d7d20_2824,11755.366336837486
000d7d20_2825,11755.363214796747
000d7d20_2826,11755.357113109474
000d7d20_2827,11755.353991068738
000d7d20_2828,11755.347889381463
000d7d20_2829,11755.344767340725
000d7d20_2830,11755.338665653453
000d7d20_2831,11755.298139049975
000d7d20_2832,11755.295017009237
000d7d20_2833,11755.288915321964
000d7d20_2834,11755.285793281226
000d7d20_2835,11755.279691593953
000d7d20_2836,11755.276569553214
000d7d20_2837,11755.270467865941
000d7d20_2838,11755.267345825203
000d7d20_2839,11755.261244137931
000d7d20_2840,11755.255142450656
000d7d20_2841,11755.252020409918
000d7d20_2842,11755.245918722645
000d7d20_2843,11755.242796681907
000d7d20_2844,11755.236694994634
000d7d20_2845,11755.233572953897
000d7d20_2846,11755.227471266622
000d7d20_2847,11755.221369579347
000d7d20_2848,11755.21824753861
000d7d20_2849,11755.212145851336
000d7d20_2850,11755.206044164062
000d7d20_2851,11755.202922123324
000d7d20_2852,11755.196820436051
000d7d20_2853,11755.193698395313
000d7d20_2854,11755.18759670804
000d7d20_2855,11755.181495020766
000d7d20_2856,11755.178372980028
000d7d20_2857,11755.172271292755
000d7d20_2858,11755.166169605482
000d7d20_2859,11755.163047564743
000d7d20_2860,11755.156945877468
000d7d20_2861,11755.153823836732
000d7d20_2862,11755.147722149457
000d7d20_2863,11755.141620462184
000d7d20_2864,11755.138498421446
000d7d20_2865,11755.649227357713
000d7d20_2866,11755.64312567044
000d7d20_2867,11755.640003629702
000d7d20_2868,11755.633901942429
000d7d20_2869,11755.627800255155
000d7d20_2870,11755.624678214417
000d7d20_2871,11755.618576527144
000d7d20_2872,11755.612474839869
000d7d20_2873,11755.606373152596
000d7d20_2874,11755.603251111857
000d7d20_2875,11755.597149424584
000d7d20_2876,11755.59104773731
000d7d20_2877,11755.587925696573
000d7d20_2878,11755.5818240093
000d7d20_2879,11755.575722322024
000d7d20_2880,11755.569620634751
000d7d20_2881,11755.566498594013
000d7d20_2882,11755.56039690674
000d7d20_2883,11755.554295219466
000d7d20_2884,11755.551173178728
000d7d20_2885,11755.545071491455
000d7d20_2886,11755.53896980418
000d7d20_2887,11755.532868116907
000d7d20_2888,11755.529746076169
000d7d20_2889,11755.523644388893
000d7d20_2890,11755.517542701622
000d7d20_2891,11755.511441014347
000d7d20_2892,11755.50831897361
000d7d20_2893,11755.502217286336
000d7d20_2894,11755.496115599062
000d7d20_2895,11755.490013911787
000d7d20_2896,11755.483912224514
000d7d20_2897,11755.480790183778
000d7d20_2898,11755.474688496502
000d7d20_2899,11755.46858680923
000d7d20_2900,11755.470572032606
000d7d20_2901,11755.46744999187
000d7d20_2902,11755.461348304594
000d7d20_2903,11753.735579765651
000d7d20_2904,11753.729478078378
000d7d20_2905,11753.723376391103
000d7d20_2906,11753.71727470383
000d7d20_2907,11753.705400664152
000d7d20_2908,11753.699298976877
000d7d20_2909,11753.693197289604
000d7d20_2910,11753.687095602329
000d7d20_2911,11753.680993915055
000d7d20_2912,11753.677871874319
000d7d20_2913,11753.671770187044
000d7d20_2914,11753.665668499769
000d7d20_2915,11753.659566812496
000d7d20_2916,11753.653465125222
000d7d20_2917,11753.650343084484
000d7d20_2918,11753.64424139721
000d7d20_2919,11753.638139709936
000d7d20_2920,11753.632038022663
000d7d20_2921,11753.637667980867
000d7d20_2922,11753.631566293592
000d7d20_2923,11753.625464606319
000d7d20_2924,11753.62234256558
000d7d20_2925,11753.616240878308
000d7d20_2926,11753.610139191034
000d7d20_2927,11753.607017150296
000d7d20_2928,11753.600915463023
000d7d20_2929,11753.597793422285
000d7d20_2930,11753.591691735011
000d7d20_2931,11753.588569694273
000d7d20_2932,11753.582468007
000d7d20_2933,11753.579345966262
000d7d20_2934,11753.573244278989
000d7d20_2935,11753.57012223825
000d7d20_2936,11753.564020550977
000d7d20_2937,11753.560898510239
000d7d20_2938,11753.554796822966
000d7d20_2939,11753.551674782228
000d7d20_2940,11753.54855274149
000d7d20_2941,11753.542451054218
000d7d20_2942,11753.539329013478
000d7d20_2943,11753.536206972742
000d7d20_2944,11753.530105285468
000d7d20_2945,11753.526381944941
000d7d20_2946,11753.523259904203
000d7d20_2947,11753.51715821693
000d7d20_2948,11753.514036176191
000d7d20_2949,11753.511515435244
000d7d20_2950,11753.508393394506
000d7d20_2951,11753.501690407444
000d7d20_2952,11753.499169666495
000d7d20_2953,11753.496047625758
000d7d20_2954,11753.49292558502
000d7d20_2955,11753.489803544282
000d7d20_2956,11753.486681503546
000d7d20_2957,11753.483559462808
000d7d20_2958,11753.48043742207
000d7d20_2959,11753.474335734796
000d7d20_2960,11753.47121369406
000d7d20_2961,11753.468091653322
000d7d20_2962,11753.464969612585
000d7d20_2963,11753.461847571847
000d7d20_2964,11753.458725531109
000d7d20_2965,11753.455603490373
000d7d20_2966,11753.452481449634
000d7d20_2967,11753.452339055433
000d7d20_2968,11753.449217014697
000d7d20_2969,11753.44549367417
000d7d20_2970,11753.423443196187
000d7d20_2971,11753.363264944239
000d7d20_2972,11753.417199114712
000d7d20_2973,11753.408863580782
000d7d20_2974,11753.40872118658
000d7d20_2975,11753.389867580692
000d7d20_2976,11753.402477105104
000d7d20_2977,11753.404568557562
000d7d20_2978,11753.401446516824
000d7d20_2979,11753.401304122623
000d7d20_2980,11753.398182081886
000d7d20_2981,11753.413988478393
000d7d20_2982,11753.41444738398
000d7d20_2983,11753.411325343244
000d7d20_2984,11753.407602002717
000d7d20_2985,11753.407459608516
000d7d20_2986,11753.385409130535
000d7d20_2987,11753.382287089797
000d7d20_2988,11753.382144695595
000d7d20_2989,11753.379022654859
000d7d20_2990,11753.373666767464
000d7d20_2991,11753.354813161575
000d7d20_2992,11753.333746835187
000d7d20_2993,11753.330624794451
000d7d20_2994,11753.33048240025
000d7d20_2995,11753.327360359512
000d7d20_2996,11753.32721796531
000d7d20_2997,11753.324095924574
000d7d20_2998,11753.323953530373
000d7d20_2999,11753.323811136172
000d7d20_3000,11753.320689095435
000d7d20_3001,11753.320546701234
000d7d20_3002,11753.320404307033
000d7d20_3003,11753.317282266295
000d7d20_3004,11753.317139872093
000d7d20_3005,11753.316997477894
000d7d20_3006,11753.313875437156
000d7d20_3007,11753.313733042954
000d7d20_3008,11753.313590648753
000d7d20_3009,11753.310468608015
000d7d20_3010,11753.310326213814
000d7d20_3011,11753.310183819614
000d7d20_3012,11753.310041425413
000d7d20_3013,11753.31087409933
000d7d20_3014,11753.310731705129
000d7d20_3015,11753.331513243116
000d7d20_3016,11753.328391202376
000d7d20_3017,11753.328248808177
000d7d20_3018,11753.328106413977
000d7d20_3019,11753.324984373237
000d7d20_3020,11753.324841979038
000d7d20_3021,11753.3217199383
000d7d20_3022,11753.321577544099
000d7d20_3023,11753.321435149897
000d7d20_3024,11753.318313109161
000d7d20_3025,11753.33390228011
000d7d20_3026,11753.330780239372
000d7d20_3027,11753.335851338365
000d7d20_3028,11753.335708944165
000d7d20_3029,11753.332586903427
000d7d20_3030,11753.35137294647
000d7d20_3031,11753.348852205523
000d7d20_3032,11753.348709811322
000d7d20_3033,11753.345587770584
000d7d20_3034,11753.345445376382
000d7d20_3035,11753.342323335646
000d7d20_3036,11753.342180941443
000d7d20_3037,11753.339058900707
000d7d20_3038,11753.338916506505
000d7d20_3039,11753.33579446577
000d7d20_3040,11753.335652071568
000d7d20_3041,11753.33253003083
000d7d20_3042,11753.332387636628
000d7d20_3043,11753.32926559589
000d7d20_3044,11753.32912320169
000d7d20_3045,11753.326001160953
000d7d20_3046,11753.325858766751
000d7d20_3047,11753.322736726015
000d7d20_3048,11753.262558474065
000d7d20_3049,11753.262416079864
000d7d20_3050,11753.259294039128
000d7d20_3051,11753.259151644927
000d7d20_3052,11753.256029604188
000d7d20_3053,11753.309963774664
000d7d20_3054,11753.309821380462
000d7d20_3055,11753.306699339724
000d7d20_3056,11753.306556945525
000d7d20_3057,11753.303434904787
000d7d20_3058,11753.300312864048
000d7d20_3059,11753.300170469847
000d7d20_3060,11753.29704842911
000d7d20_3061,11753.293926388373
000d7d20_3062,11753.293783994171
000d7d20_3063,11753.290661953435
000d7d20_3064,11753.287539912697
000d7d20_3065,11753.287397518496
000d7d20_3066,11753.28427547776
000d7d20_3067,11753.281153437021
000d7d20_3068,11753.278031396283
000d7d20_3069,11753.277889002082
000d7d20_3070,11753.274766961345
000d7d20_3071,11753.271644920607
000d7d20_3072,11753.26852287987
000d7d20_3073,11753.26838048567
000d7d20_3074,11753.265258444932
000d7d20_3075,11753.262136404193
000d7d20_3076,11753.259014363457
000d7d20_3077,11753.258871969256
000d7d20_3078,11753.255749928518
000d7d20_3079,11753.252627887781
000d7d20_3080,11753.249505847043
000d7d20_3081,11753.246383806305
000d7d20_3082,11753.243261765569
000d7d20_3083,11753.243119371367
000d7d20_3084,11753.239997330631
000d7d20_3085,11753.236875289893
000d7d20_3086,11753.233753249155
000d7d20_3087,11753.230631208418
000d7d20_3088,11753.227509167682
000d7d20_3089,11753.224387126942
000d7d20_3090,11753.224244732743
000d7d20_3091,11753.221122692004
000d7d20_3092,11753.218000651268
000d7d20_3093,11753.214878610528
000d7d20_3094,11753.211756569792
000d7d20_3095,11753.349235092286
000d7d20_3096,11753.34611305155
000d7d20_3097,11753.34299101081
000d7d20_3098,11753.339868970073
000d7d20_3099,11753.336746929335
000d7d20_3100,11753.333624888597
000d7d20_3101,11753.33050284786
000d7d20_3102,11753.327380807124
000d7d20_3103,11753.324258766386
000d7d20_3104,11753.321136725648
000d7d20_3105,11753.260958473698
000d7d20_3106,11753.25783643296
000d7d20_3107,11753.257694038759
000d7d20_3108,11753.311628209236
000d7d20_3109,11753.308506168498
000d7d20_3110,11753.30538412776
000d7d20_3111,11753.302262087023
000d7d20_3112,11753.299140046285
000d7d20_3113,11753.296018005549
000d7d20_3114,11753.29289596481
000d7d20_3115,11753.289773924073
000d7d20_3116,11753.286651883336
000d7d20_3117,11753.283529842598
000d7d20_3118,11753.28040780186
000d7d20_3119,11753.277285761123
000d7d20_3120,11753.274163720385
000d7d20_3121,11753.271041679647
000d7d20_3122,11753.26791963891
000d7d20_3123,11753.26777724471
000d7d20_3124,11753.264655203971
000d7d20_3125,11753.261533163235
000d7d20_3126,11753.258411122497
000d7d20_3127,11753.25528908176
000d7d20_3128,11753.252167041022
000d7d20_3129,11753.249045000284
000d7d20_3130,11753.245922959548
000d7d20_3131,11753.24280091881
000d7d20_3132,11753.239678878072
000d7d20_3133,11753.236556837335
000d7d20_3134,11753.233434796599
000d7d20_3135,11753.233292402398
000d7d20_3136,11753.23017036166
000d7d20_3137,11753.227048320921
000d7d20_3138,11753.223926280185
000d7d20_3139,11753.220804239449
000d7d20_3140,11753.21768219871
000d7d20_3141,11753.214560157972
000d7d20_3142,11753.211438117236
000d7d20_3143,11753.208316076496
000d7d20_3144,11753.20519403576
000d7d20_3145,11753.205051641558
000d7d20_3146,11753.201929600822
000d7d20_3147,11753.198807560084
000d7d20_3148,11753.195685519348
000d7d20_3149,11753.240246385101
000d7d20_3150,11753.237124344363
000d7d20_3151,11753.234002303627
000d7d20_3152,11753.230880262889
000d7d20_3153,11753.170547775191
000d7d20_3154,11753.167425734455
000d7d20_3155,11753.234729408321
000d7d20_3156,11753.231607367583
000d7d20_3157,11753.228485326847
000d7d20_3158,11753.225363286108
000d7d20_3159,11753.222241245372
000d7d20_3160,11753.225232733455
000d7d20_3161,11753.222110692717
000d7d20_3162,11753.21898865198
000d7d20_3163,11753.215866611243
000d7d20_3164,11753.212744570505
000d7d20_3165,11753.209622529768
000d7d20_3166,11753.20650048903
000d7d20_3167,11753.158675188335
000d7d20_3168,11753.155553147599
000d7d20_3169,11753.15243110686
000d7d20_3170,11753.149309066122
000d7d20_3171,11753.146187025386
000d7d20_3172,11753.143064984648
000d7d20_3173,11753.142922590447
000d7d20_3174,11753.13980054971
000d7d20_3175,11753.136678508972
000d7d20_3176,11753.133556468234
000d7d20_3177,11753.130434427498
000d7d20_3178,11753.127312386761
000d7d20_3179,11753.12716999256
000d7d20_3180,11753.124047951822
000d7d20_3181,11753.120925911084
000d7d20_3182,11753.117803870347
000d7d20_3183,11753.11468182961
000d7d20_3184,11753.057483224196
000d7d20_3185,11753.05785512089
000d7d20_3186,11753.051239142722
000d7d20_3187,11753.048117101984
000d7d20_3188,11753.044995061246
000d7d20_3189,11753.04127172072
000d7d20_3190,11753.022200889274
000d7d20_3191,11753.019078848538
000d7d20_3192,11753.073013019011
000d7d20_3193,11753.06467748508
000d7d20_3194,11753.066768937537
000d7d20_3195,11753.066626543336
000d7d20_3196,11753.063504502597
000d7d20_3197,11753.060382461861
000d7d20_3198,11753.057260421123
000d7d20_3199,11753.076046464168
000d7d20_3200,11753.073525723219
000d7d20_3201,11753.07040368248
000d7d20_3202,11753.07026128828
000d7d20_3203,11753.067139247543
000d7d20_3204,11753.064017206805
000d7d20_3205,11753.063874812604
000d7d20_3206,11753.060752771868
000d7d20_3207,11753.05763073113
000d7d20_3208,11753.057488336928
000d7d20_3209,11753.093127271452
000d7d20_3210,11753.032949019504
000d7d20_3211,11753.032806625302
000d7d20_3212,11753.029684584566
000d7d20_3213,11753.029542190365
000d7d20_3214,11753.082875061049
000d7d20_3215,11753.082732666848
000d7d20_3216,11753.07961062611
000d7d20_3217,11753.07946823191
000d7d20_3218,11753.076346191172
000d7d20_3219,11753.07680509676
000d7d20_3220,11753.076662702559
000d7d20_3221,11753.073540661822
000d7d20_3222,11753.073398267621
000d7d20_3223,11753.070276226885
000d7d20_3224,11753.069532532892
000d7d20_3225,11753.050461701449
000d7d20_3226,11753.047339660709
000d7d20_3227,11753.04719726651
000d7d20_3228,11753.047054872308
000d7d20_3229,11753.062861268816
000d7d20_3230,11753.006263963192
000d7d20_3231,11753.006121568991
000d7d20_3232,11753.00597917479
000d7d20_3233,11753.002857134052
000d7d20_3234,11753.00271473985
000d7d20_3235,11753.002572345651
000d7d20_3236,11753.059486162661
000d7d20_3237,11753.05934376846
000d7d20_3238,11753.056221727722
000d7d20_3239,11753.05607933352
000d7d20_3240,11753.05593693932
000d7d20_3241,11753.055794545118
000d7d20_3242,11753.055652150919
000d7d20_3243,11753.055509756718
000d7d20_3244,11753.055367362516
000d7d20_3245,11752.998168757103
000d7d20_3246,11752.998026362904
000d7d20_3247,11752.997883968703
000d7d20_3248,11752.997741574502
000d7d20_3249,11752.9975991803
000d7d20_3250,11752.997456786099
000d7d20_3251,11752.997314391898
000d7d20_3252,11752.997171997697
000d7d20_3253,11753.000523540926
000d7d20_3254,11752.996887209294
000d7d20_3255,11753.000238752524
000d7d20_3256,11753.000096358322
000d7d20_3257,11752.999953964121
000d7d20_3258,11752.99981156992
000d7d20_3259,11752.999669175719
000d7d20_3260,11752.999012490625
000d7d20_3261,11752.998870096424
000d7d20_3262,11752.998727702223
000d7d20_3263,11752.998585308022
000d7d20_3264,11752.998442913822
000d7d20_3265,11752.91536765213
000d7d20_3266,11752.915225257928
000d7d20_3267,11752.915082863727
000d7d20_3268,11752.914940469525
000d7d20_3269,11752.917777721861
000d7d20_3270,11752.91763532766
000d7d20_3271,11752.917492933459
000d7d20_3272,11752.920330185794
000d7d20_3273,11752.920187791593
000d7d20_3274,11752.920045397394
000d7d20_3275,11752.922882649727
000d7d20_3276,11752.922740255526
000d7d20_3277,11752.925577507864
000d7d20_3278,11752.92543511366
000d7d20_3279,11752.928272365996
000d7d20_3280,11752.928129971797
000d7d20_3281,11752.927987577596
000d7d20_3282,11752.930824829931
000d7d20_3283,11752.93068243573
000d7d20_3284,11752.933519688066
000d7d20_3285,11752.936356940401
000d7d20_3286,11752.9362145462
000d7d20_3287,11752.939051798536
000d7d20_3288,11752.938909404334
000d7d20_3289,11752.94174665667
000d7d20_3290,11752.941604262469
000d7d20_3291,11752.944441514803
000d7d20_3292,11752.94727876714
000d7d20_3293,11752.947136372939
000d7d20_3294,11752.949973625275
000d7d20_3295,11752.949831231073
000d7d20_3296,11752.952668483409
000d7d20_3297,11752.952526089208
000d7d20_3298,11752.955363341542
000d7d20_3299,11752.955220947342
000d7d20_3300,11752.955078553141
000d7d20_3301,11752.957915805477
000d7d20_3302,11752.957773411275
000d7d20_3303,11752.957631017074
000d7d20_3304,11752.96046826941
000d7d20_3305,11752.960325875209
000d7d20_3306,11752.96018348101
000d7d20_3307,11752.963020733343
000d7d20_3308,11752.962878339142
000d7d20_3309,11752.96273594494
000d7d20_3310,11752.96259355074
000d7d20_3311,11752.965430803077
000d7d20_3312,11752.965288408875
000d7d20_3313,11752.965146014674
000d7d20_3314,11752.965003620473
000d7d20_3315,11752.964861226272
000d7d20_3316,11752.506717810345
000d7d20_3317,11752.506575416144
000d7d20_3318,11752.50941266848
000d7d20_3319,11752.50927027428
000d7d20_3320,11752.50912788008
000d7d20_3321,11752.508985485878
000d7d20_3322,11752.508843091677
000d7d20_3323,11752.508700697475
000d7d20_3324,11752.508558303274
000d7d20_3325,11752.508415909073
000d7d20_3326,11752.505293868337
000d7d20_3327,11752.505151474135
000d7d20_3328,11752.505009079934
000d7d20_3329,11752.504866685733
000d7d20_3330,11752.504724291532
000d7d20_3331,11752.50458189733
000d7d20_3332,11752.504439503131
000d7d20_3333,11752.501317462393
000d7d20_3334,11752.501175068192
000d7d20_3335,11752.50103267399
000d7d20_3336,11752.500890279789
000d7d20_3337,11752.497768239053
000d7d20_3338,11752.497625844851
000d7d20_3339,11752.49748345065
000d7d20_3340,11752.494361409914
000d7d20_3341,11752.494219015713
000d7d20_3342,11752.494076621511
000d7d20_3343,11752.490954580773
000d7d20_3344,11752.490812186572
000d7d20_3345,11752.487690145836
000d7d20_3346,11752.487547751634
000d7d20_3347,11752.487405357433
000d7d20_3348,11752.484283316695
000d7d20_3349,11752.531823828987
000d7d20_3350,11752.528701788251
000d7d20_3351,11752.52855939405
000d7d20_3352,11752.525437353313
000d7d20_3353,11752.522315312575
000d7d20_3354,11752.522172918374
000d7d20_3355,11752.515916995351
000d7d20_3356,11752.51577460115
000d7d20_3357,11752.512652560414
000d7d20_3358,11752.509530519676
000d7d20_3359,11752.509388125476
000d7d20_3360,11752.368869563117
000d7d20_3361,11752.365747522379
000d7d20_3362,11752.36262548164
000d7d20_3363,11752.362483087441
000d7d20_3364,11752.359361046703
000d7d20_3365,11752.356239005967
000d7d20_3366,11752.353116965229
000d7d20_3367,11752.34999492449
000d7d20_3368,11752.34985253029
000d7d20_3369,11752.346730489553
000d7d20_3370,11752.343608448815
000d7d20_3371,11752.340486408079
000d7d20_3372,11752.33736436734
000d7d20_3373,11752.334242326604
000d7d20_3374,11752.33425416815
000d7d20_3375,11752.331132127412
000d7d20_3376,11752.328010086674
000d7d20_3377,11752.324888045938
000d7d20_3378,11752.274083098708
000d7d20_3379,11752.270961057971
000d7d20_3380,11752.267839017233
000d7d20_3381,11752.264716976497
000d7d20_3382,11752.261594935759
000d7d20_3383,11752.255493248485
000d7d20_3384,11752.252371207747
000d7d20_3385,11752.24924916701
000d7d20_3386,11752.246127126273
000d7d20_3387,11752.243005085535
000d7d20_3388,11752.239883044796
000d7d20_3389,11752.23676100406
000d7d20_3390,11752.233638963324
000d7d20_3391,11752.208912528835
000d7d20_3392,11752.205790488097
000d7d20_3393,11752.20266844736
000d7d20_3394,11752.199546406622
000d7d20_3395,11752.196424365884
000d7d20_3396,11752.193302325148
000d7d20_3397,11752.190180284411
000d7d20_3398,11752.187058243673
000d7d20_3399,11752.180956556398
000d7d20_3400,11752.17783451566
000d7d20_3401,11752.174712474924
000d7d20_3402,11752.171590434187
000d7d20_3403,11752.168468393449
000d7d20_3404,11752.165346352711
000d7d20_3405,11752.162224311975
000d7d20_3406,11752.159102271236
000d7d20_3407,11752.155980230498
000d7d20_3408,11752.152858189762
000d7d20_3409,11752.146756502489
000d7d20_3410,11752.14363446175
000d7d20_3411,11752.140512421014
000d7d20_3412,11752.137390380276
000d7d20_3413,11752.134268339538
000d7d20_3414,11752.131146298801
000d7d20_3415,11752.128024258063
000d7d20_3416,11752.124902217325
000d7d20_3417,11752.121780176589
000d7d20_3418,11752.11865813585
000d7d20_3419,11752.115536095112
000d7d20_3420,11752.112414054376
000d7d20_3421,11752.106312367103
000d7d20_3422,11752.103190326365
000d7d20_3423,11752.100068285628
000d7d20_3424,11752.096946244888
000d7d20_3425,11752.093824204152
000d7d20_3426,11752.090702163414
000d7d20_3427,11752.176494626015
000d7d20_3428,11752.17037059597
000d7d20_3429,11752.081336041203
000d7d20_3430,11752.078214000465
000d7d20_3431,11752.075091959727
000d7d20_3432,11752.07196991899
000d7d20_3433,11752.068847878252
000d7d20_3434,11752.065725837516
000d7d20_3435,11752.062603796778
000d7d20_3436,11752.059481756041
000d7d20_3437,11752.056359715303
000d7d20_3438,11752.050258028028
000d7d20_3439,11752.047135987292
000d7d20_3440,11752.044013946554
000d7d20_3441,11752.040891905817
000d7d20_3442,11752.12368237911
000d7d20_3443,11752.120560338371
000d7d20_3444,11752.117438297635
000d7d20_3445,11752.114316256897
000d7d20_3446,11752.025281702128
000d7d20_3447,11752.022159661392
000d7d20_3448,11752.019037620654
000d7d20_3449,11752.015915579917
000d7d20_3450,11752.01279353918
000d7d20_3451,11752.009671498443
000d7d20_3452,11752.006549457705
000d7d20_3453,11752.003427416967
000d7d20_3454,11752.00030537623
000d7d20_3455,11751.98843133655
000d7d20_3456,11751.985309295811
000d7d20_3457,11751.982187255075
000d7d20_3458,11751.979065214338
000d7d20_3459,11751.975943173598
000d7d20_3460,11751.972821132862
000d7d20_3461,11751.978451091069
000d7d20_3462,11751.97532905033
000d7d20_3463,11751.972207009592
000d7d20_3464,11751.969084968856
000d7d20_3465,11751.965962928118
000d7d20_3466,11751.962840887381
000d7d20_3467,11751.959718846643
000d7d20_3468,11751.956596805905
000d7d20_3469,11751.953474765169
000d7d20_3470,11751.95035272443
000d7d20_3471,11751.947230683692
000d7d20_3472,11751.944108642956
000d7d20_3473,11751.940986602218
000d7d20_3474,11751.937864561482
000d7d20_3475,11751.934742520743
000d7d20_3476,11751.931620480005
000d7d20_3477,11751.928498439269
000d7d20_3478,11751.92537639853
000d7d20_3479,11751.922254357793
000d7d20_3480,11751.919132317056
000d7d20_3481,11751.91601027632
000d7d20_3482,11751.912888235582
000d7d20_3483,11751.909766194844
000d7d20_3484,11751.906644154107
000d7d20_3485,11751.903522113369
000d7d20_3486,11751.90040007263
000d7d20_3487,11751.897278031895
000d7d20_3488,11751.894155991156
000d7d20_3489,11751.891033950418
000d7d20_3490,11751.887911909682
000d7d20_3491,11751.884789868944
000d7d20_3492,11751.881667828207
000d7d20_3493,11751.87854578747
000d7d20_3494,11751.872444100196
000d7d20_3495,11751.869322059458
000d7d20_3496,11751.86620001872
000d7d20_3497,11751.863077977983
000d7d20_3498,11751.859955937245
000d7d20_3499,11751.856833896509
000d7d20_3500,11751.850732209234
000d7d20_3501,11751.847610168497
000d7d20_3502,11751.84448812776
000d7d20_3503,11751.927278601052
000d7d20_3504,11751.92117691378
000d7d20_3505,11751.921548810471
000d7d20_3506,11751.914932832304
000d7d20_3507,11751.911810791567
000d7d20_3508,11751.819796590262
000d7d20_3509,11751.816674549525
000d7d20_3510,11751.812951208998
000d7d20_3511,11751.806849521723
000d7d20_3512,11751.803727480987
000d7d20_3513,11751.801206740038
000d7d20_3514,11751.795105052764
000d7d20_3515,11751.791983012026
000d7d20_3516,11751.788860971288
000d7d20_3517,11751.782759284015
000d7d20_3518,11751.779637243279
000d7d20_3519,11751.773535556003
000d7d20_3520,11751.770413515267
000d7d20_3521,11751.764311827992
000d7d20_3522,11751.761189787256
000d7d20_3523,11751.758067746518
000d7d20_3524,11751.751966059244
000d7d20_3525,11751.748844018506
000d7d20_3526,11751.742742331233
000d7d20_3527,11751.739620290495
000d7d20_3528,11751.733518603221
000d7d20_3529,11751.730396562483
000d7d20_3530,11751.72429487521
000d7d20_3531,11751.718193187935
000d7d20_3532,11751.715071147199
000d7d20_3533,11751.708969459924
000d7d20_3534,11751.705847419187
000d7d20_3535,11751.699745731912
000d7d20_3536,11751.696623691176
000d7d20_3537,11751.6905220039
000d7d20_3538,11751.684420316627
000d7d20_3539,11751.681298275891
000d7d20_3540,11751.675196588616
000d7d20_3541,11751.669094901343
000d7d20_3542,11751.665972860605
000d7d20_3543,11751.659871173331
000d7d20_3544,11751.653769486056
000d7d20_3545,11751.65064744532
000d7d20_3546,11751.644545758045
000d7d20_3547,11751.638444070772
000d7d20_3548,11751.632342383498
000d7d20_3549,11751.62922034276
000d7d20_3550,11751.623118655487
000d7d20_3551,11751.617016968212
000d7d20_3552,11751.610915280939
000d7d20_3553,11751.6077932402
000d7d20_3554,11751.601691552927
000d7d20_3555,11751.595589865654
000d7d20_3556,11751.58948817838
000d7d20_3557,11751.583386491106
000d7d20_3558,11751.577284803832
000d7d20_3559,11751.574162763094
000d7d20_3560,11751.56806107582
000d7d20_3561,11751.561959388546
000d7d20_3562,11751.555857701273
000d7d20_3563,11751.549756014
000d7d20_3564,11751.543654326724
000d7d20_3565,11751.537552639451
000d7d20_3566,11751.531450952178
000d7d20_3567,11751.525349264903
000d7d20_3568,11751.51924757763
000d7d20_3569,11751.513145890356
000d7d20_3570,11751.507044203081
000d7d20_3571,11751.500942515808
000d7d20_3572,11751.494840828533
000d7d20_3573,11751.48873914126
000d7d20_3574,11751.482637453984
000d7d20_3575,11751.476535766713
000d7d20_3576,11751.470434079438
000d7d20_3577,11751.464332392165
000d7d20_3578,11751.45823070489
000d7d20_3579,11751.452129017616
000d7d20_3580,11751.446027330341
000d7d20_3581,11751.43992564307
000d7d20_3582,11751.433823955795
000d7d20_3583,11751.427722268521
000d7d20_3584,11751.418039634922
000d7d20_3585,11751.411937947647
000d7d20_3586,11751.38690782313
000d7d20_3587,11751.380806135854
000d7d20_3588,11751.37470444858
000d7d20_3589,11751.368602761308
000d7d20_3590,11751.362501074032
000d7d20_3591,11751.353419740222
000d7d20_3592,11751.347318052949
000d7d20_3593,11751.341216365674
000d7d20_3594,11751.3351146784
000d7d20_3595,11751.329012991127
000d7d20_3596,11751.319931657315
000d7d20_3597,11751.313829970044
000d7d20_3598,11751.307728282769
000d7d20_3599,11751.301626595494
000d7d20_3600,11751.292545261684
000d7d20_3601,11751.28644357441
000d7d20_3602,11751.280341887137
000d7d20_3603,11751.271260553327
000d7d20_3604,11751.265158866052
000d7d20_3605,11751.259057178779
000d7d20_3606,11751.249975844967
000d7d20_3607,11751.243874157695
000d7d20_3608,11751.23777247042
000d7d20_3609,11751.247619573855
000d7d20_3610,11751.222589449335
000d7d20_3611,11751.216487762062
000d7d20_3612,11751.207406428251
000d7d20_3613,11751.201304740978
000d7d20_3614,11751.195203053703
000d7d20_3615,11751.186121719893
000d7d20_3616,11751.174806539426
000d7d20_3617,11751.165725205614
000d7d20_3618,11751.159623518342
000d7d20_3619,11751.15054218453
000d7d20_3620,11751.144440497257
000d7d20_3621,11751.135359163447
000d7d20_3622,11751.129257476174
000d7d20_3623,11751.123155788899
000d7d20_3624,11751.114074455088
000d7d20_3625,11751.107972767813
000d7d20_3626,11751.104104927199
000d7d20_3627,11751.098003239924
000d7d20_3628,11751.08370841292
000d7d20_3629,11751.104799347806
000d7d20_3630,11751.077773728346
000d7d20_3631,11751.08961632672
000d7d20_3632,11751.083514639447
000d7d20_3633,11751.966787839981
000d7d20_3634,11751.960686152708
000d7d20_3635,11751.930680886711
000d7d20_3636,11751.921599552901
000d7d20_3637,11751.915497865626
000d7d20_3638,11751.906416531816
000d7d20_3639,11751.90031484454
000d7d20_3640,11751.89123351073
000d7d20_3641,11751.88215217692
000d7d20_3642,11751.876050489647
000d7d20_3643,11751.866969155837
000d7d20_3644,11751.857887822025
000d7d20_3645,11751.851786134754
000d7d20_3646,11751.842704800943
000d7d20_3647,11751.854547399318
000d7d20_3648,11751.845466065508
000d7d20_3649,11751.855095943385
000d7d20_3650,11751.851228102769
000d7d20_3651,11751.842146768959
000d7d20_3652,11751.836045081684
000d7d20_3653,11751.826963747873
000d7d20_3654,11751.836810851308
000d7d20_3655,11751.827729517498
000d7d20_3656,11751.818648183687
000d7d20_3657,11751.793618059168
000d7d20_3658,11751.784536725358
000d7d20_3659,11751.861367905578
000d7d20_3660,11751.847073078574
000d7d20_3661,11751.837991744764
000d7d20_3662,11751.691600419781
000d7d20_3663,11751.661595153782
000d7d20_3664,11751.652513819972
000d7d20_3665,11751.643432486162
000d7d20_3666,11751.634351152352
000d7d20_3667,11751.625269818542
000d7d20_3668,11751.616188484732
000d7d20_3669,11751.628031083106
000d7d20_3670,11751.618949749296
000d7d20_3671,11751.612848062025
000d7d20_3672,11751.603766728214
000d7d20_3673,11751.594685394402
000d7d20_3674,11751.564680128406
000d7d20_3675,11751.555598794595
000d7d20_3676,11751.546517460785
000d7d20_3677,11751.537436126975
000d7d20_3678,11751.528354793165
000d7d20_3679,11751.519273459355
000d7d20_3680,11751.510192125545
000d7d20_3681,11751.50409043827
000d7d20_3682,11751.49500910446
000d7d20_3683,11751.48592777065
000d7d20_3684,11751.476846436839
000d7d20_3685,11751.467765103029
000d7d20_3686,11751.458683769219
000d7d20_3687,11751.470526367593
000d7d20_3688,11751.477176598934
000d7d20_3689,11751.473308758317
000d7d20_3690,11751.464227424507
000d7d20_3691,11751.455146090697
000d7d20_3692,11751.464993194131
000d7d20_3693,11751.456513160108
000d7d20_3694,11751.450411472835
000d7d20_3695,11751.441330139025
000d7d20_3696,11751.432248805215
000d7d20_3697,11751.423167471405
000d7d20_3698,11751.414086137594
000d7d20_3699,11751.405004803784
000d7d20_3700,11751.395923469972
000d7d20_3701,11751.386842136162
000d7d20_3702,11751.377760802352
000d7d20_3703,11751.368679468542
000d7d20_3704,11751.359598134732
000d7d20_3705,11751.350516800921
000d7d20_3706,11751.341435467111
000d7d20_3707,11751.332354133301
000d7d20_3708,11751.323272799491
000d7d20_3709,11751.31419146568
000d7d20_3710,11751.30511013187
000d7d20_3711,11751.29602879806
000d7d20_3712,11751.28694746425
000d7d20_3713,11751.277866130438
000d7d20_3714,11751.268784796628
000d7d20_3715,11751.259703462818
000d7d20_3716,11751.250622129008
000d7d20_3717,11751.241540795198
000d7d20_3718,11751.235439107924
000d7d20_3719,11751.226357774114
000d7d20_3720,11751.217276440302
000d7d20_3721,11751.208195106492
000d7d20_3722,11751.285026286712
000d7d20_3723,11751.190032438872
000d7d20_3724,11751.180951105061
000d7d20_3725,11751.17186977125
000d7d20_3726,11751.16278843744
000d7d20_3727,11751.15370710363
000d7d20_3728,11751.144625769819
000d7d20_3729,11751.135544436009
000d7d20_3730,11751.126463102199
000d7d20_3731,11751.117381768388
000d7d20_3732,11751.194212948609
000d7d20_3733,11751.185131614799
000d7d20_3734,11751.176050280988
000d7d20_3735,11751.166968947178
000d7d20_3736,11751.157887613368
000d7d20_3737,11751.148806279556
000d7d20_3738,11751.050832785178
000d7d20_3739,11751.041751451368
000d7d20_3740,11751.032670117558
000d7d20_3741,11751.023588783748
000d7d20_3742,11751.014507449938
000d7d20_3743,11751.004824816338
000d7d20_3744,11750.995743482528
000d7d20_3745,11750.967733711474
000d7d20_3746,11750.958652377663
000d7d20_3747,11750.949571043853
000d7d20_3748,11751.000480966384
000d7d20_3749,11751.035443156072
000d7d20_3750,11751.02985575969
000d7d20_3751,11751.255706249876
000d7d20_3752,11751.246624916066
000d7d20_3753,11751.237543582254
000d7d20_3754,11751.228462248446
000d7d20_3755,11751.219380914634
000d7d20_3756,11751.210299580824
000d7d20_3757,11751.201218247013
000d7d20_3758,11751.188642975774
000d7d20_3759,11751.093649127934
000d7d20_3760,11751.084567794123
000d7d20_3761,11751.075486460313
000d7d20_3762,11751.066405126503
000d7d20_3763,11751.054344146156
000d7d20_3764,11751.045262812346
000d7d20_3765,11751.036181478536
000d7d20_3766,11751.027100144725
000d7d20_3767,11751.103931324946
000d7d20_3768,11751.008937477103
000d7d20_3769,11750.999856143293
000d7d20_3770,11750.979628315725
000d7d20_3771,11750.970546981915
000d7d20_3772,11750.961465648104
000d7d20_3773,11750.952384314294
000d7d20_3774,11750.910581046473
000d7d20_3775,11750.814954112153
000d7d20_3776,11750.805872778343
000d7d20_3777,11750.902121422847
000d7d20_3778,11750.893040089037
000d7d20_3779,11750.969871269257
000d7d20_3780,11750.855872222062
000d7d20_3781,11750.846790888252
000d7d20_3782,11750.837709554442
000d7d20_3783,11750.828628220632
000d7d20_3784,11750.819546886822
000d7d20_3785,11750.797714800392
000d7d20_3786,11750.72864221024
000d7d20_3787,11750.716066939
000d7d20_3788,11750.62107309116
000d7d20_3789,11750.61199175735
000d7d20_3790,11750.60291042354
000d7d20_3791,11750.593829089728
000d7d20_3792,11750.584747755918
000d7d20_3793,11750.575666422108
000d7d20_3794,11750.566585088298
000d7d20_3795,11750.557503754488
000d7d20_3796,11750.548422420678
000d7d20_3797,11750.539341086867
000d7d20_3798,11750.530259753057
000d7d20_3799,11750.521178419247
000d7d20_3800,11750.512097085437
000d7d20_3801,11750.503015751627
000d7d20_3802,11750.493934417816
000d7d20_3803,11750.497603836622
000d7d20_3804,11750.488522502812
000d7d20_3805,11751.346365646801
000d7d20_3806,11751.482351461142
000d7d20_3807,11751.478483620525
000d7d20_3808,11751.469402286715
000d7d20_3809,11751.460320952905
000d7d20_3810,11751.47016805634
000d7d20_3811,11751.461688022318
000d7d20_3812,11751.542646226446
000d7d20_3813,11751.53411829014
000d7d20_3814,11751.553711555407
000d7d20_3815,11751.544630221595
000d7d20_3816,11750.876333355865
000d7d20_3817,11750.867252022055
000d7d20_3818,11750.858170688245
000d7d20_3819,11750.860235848193
000d7d20_3820,11750.8536110238
000d7d20_3821,11750.837908744612
000d7d20_3822,11750.8288274108
000d7d20_3823,11750.822725723527
000d7d20_3824,11750.820265335095
000d7d20_3825,11750.812221429298
000d7d20_3826,11750.803140095488
000d7d20_3827,11750.790564824245
000d7d20_3828,11750.784485479746
000d7d20_3829,11750.771364728611
000d7d20_3830,11750.755662449425
000d7d20_3831,11751.216739233803
000d7d20_3832,11751.207657899993
000d7d20_3833,11751.198576566183
000d7d20_3834,11751.189495232373
000d7d20_3835,11751.18041389856
000d7d20_3836,11751.08231271048
000d7d20_3837,11751.076211023206
000d7d20_3838,11751.067129689396
000d7d20_3839,11751.058048355586
000d7d20_3840,11751.139387056919
000d7d20_3841,11751.130305723109
000d7d20_3842,11751.121224389299
000d7d20_3843,11751.112143055489
000d7d20_3844,11751.103061721678
000d7d20_3845,11751.099999084381
000d7d20_3846,11751.005005236542
000d7d20_3847,11750.995923902732
000d7d20_3848,11750.958528715106
000d7d20_3849,11750.949447381296
000d7d20_3850,11750.911395674746
000d7d20_3851,11750.902314340936
000d7d20_3852,11750.893233007126
000d7d20_3853,11750.884151673316
000d7d20_3854,11750.875070339505
000d7d20_3855,11750.865989005695
000d7d20_3856,11750.856907671885
000d7d20_3857,11750.85080598461
000d7d20_3858,11750.8417246508
000d7d20_3859,11750.815233808014
000d7d20_3860,11750.806152474204
000d7d20_3861,11750.801757977888
000d7d20_3862,11750.799297589454
000d7d20_3863,11750.797235319504
000d7d20_3864,11750.788259336625
000d7d20_3865,11750.865090516845
000d7d20_3866,11750.856009183035
000d7d20_3867,11750.849907495762
000d7d20_3868,11750.840826161952
000d7d20_3869,11750.831744828141
000d7d20_3870,11750.739730626836
000d7d20_3871,11750.730649293026
000d7d20_3872,11750.342485057303
000d7d20_3873,11750.336383370028
000d7d20_3874,11750.327302036218
000d7d20_3875,11750.321200348944
000d7d20_3876,11750.312119015134
000d7d20_3877,11750.303037681324
000d7d20_3878,11750.29693599405
000d7d20_3879,11750.28785466024
000d7d20_3880,11750.281752972965
000d7d20_3881,11750.272671639155
000d7d20_3882,11750.35248246591
000d7d20_3883,11750.342208232036
000d7d20_3884,11750.336106544763
000d7d20_3885,11750.344434719927
000d7d20_3886,11750.338333032654
000d7d20_3887,11750.33223134538
000d7d20_3888,11750.32315001157
000d7d20_3889,11750.313554386867
000d7d20_3890,11750.304473053056
000d7d20_3891,11750.212458851753
000d7d20_3892,11750.20635716448
000d7d20_3893,11750.19727583067
000d7d20_3894,11750.220144516134
000d7d20_3895,11750.299955342889
000d7d20_3896,11750.32566144686
000d7d20_3897,11750.378949716138
000d7d20_3898,11750.344362202013
000d7d20_3899,11750.301605017401
000d7d20_3900,11750.232532427248
000d7d20_3901,11750.24019043969
000d7d20_3902,11750.29408000876
000d7d20_3903,11750.268036300553
000d7d20_3904,11750.261934613278
000d7d20_3905,11750.255832926005
000d7d20_3906,11750.246751592194
000d7d20_3907,11750.240649904921
000d7d20_3908,11750.174556961305
000d7d20_3909,11750.16845527403
000d7d20_3910,11750.162353586755
000d7d20_3911,11750.156251899482
000d7d20_3912,11750.150150212208
000d7d20_3913,11750.144048524933
000d7d20_3914,11750.13794683766
000d7d20_3915,11750.19183640673
000d7d20_3916,11750.182240782025
000d7d20_3917,11750.090226580722
000d7d20_3918,11750.024133637107
000d7d20_3919,11750.018031949832
000d7d20_3920,11750.097842776588
000d7d20_3921,11750.091741089314
000d7d20_3922,11750.08563940204
000d7d20_3923,11750.083031652195
000d7d20_3924,11750.116565108794
000d7d20_3925,11750.115676914715
000d7d20_3926,11750.129104964475
000d7d20_3927,11750.123003277204
000d7d20_3928,11750.113407652498
000d7d20_3929,11750.107305965224
000d7d20_3930,11750.104183924486
000d7d20_3931,11750.098082237211
000d7d20_3932,11750.00606803591
000d7d20_3933,11749.999966348636
000d7d20_3934,11749.996844307898
000d7d20_3935,11749.990742620625
000d7d20_3936,11749.984640933351
000d7d20_3937,11749.981518892613
000d7d20_3938,11750.061329719367
000d7d20_3939,11750.055228032094
000d7d20_3940,11750.052105991357
000d7d20_3941,11750.046004304082
000d7d20_3942,11750.039902616809
000d7d20_3943,11750.036780576072
000d7d20_3944,11750.030678888797
000d7d20_3945,11749.94164433403
000d7d20_3946,11749.935542646757
000d7d20_3947,11749.93242060602
000d7d20_3948,11749.926318918746
000d7d20_3949,11750.009109392038
000d7d20_3950,11749.917095190734
000d7d20_3951,11749.999885664025
000d7d20_3952,11749.907871462723
000d7d20_3953,11749.904749421985
000d7d20_3954,11749.911704614193
000d7d20_3955,11749.908582573455
000d7d20_3956,11749.902480886181
000d7d20_3957,11749.899358845443
000d7d20_3958,11749.896236804707
000d7d20_3959,11749.890135117434
000d7d20_3960,11749.887013076695
000d7d20_3961,11749.88091138942
000d7d20_3962,11749.877789348684
000d7d20_3963,11749.874667307948
000d7d20_3964,11749.868565620673
000d7d20_3965,11749.865443579936
000d7d20_3966,11749.862321539198
000d7d20_3967,11749.856219851925
000d7d20_3968,11749.853097811187
000d7d20_3969,11749.849975770449
000d7d20_3970,11749.929786597206
000d7d20_3971,11749.926664556468
000d7d20_3972,11749.923542515731
000d7d20_3973,11749.920420474993
000d7d20_3974,11749.82840627369
000d7d20_3975,11749.825284232951
000d7d20_3976,11749.822162192213
000d7d20_3977,11749.819040151477
000d7d20_3978,11749.812938464202
000d7d20_3979,11749.809816423465
000d7d20_3980,11749.806694382729
000d7d20_3981,11749.889484856021
000d7d20_3982,11749.886362815283
000d7d20_3983,11749.880261128008
000d7d20_3984,11749.877139087272
000d7d20_3985,11749.874017046535
000d7d20_3986,11749.870895005797
000d7d20_3987,11749.867772965059
000d7d20_3988,11749.864650924323
000d7d20_3989,11749.858549237048
000d7d20_3990,11749.855427196311
000d7d20_3991,11749.766392641543
000d7d20_3992,11749.762669301017
000d7d20_3993,11749.759547260279
000d7d20_3994,11749.75702651933
000d7d20_3995,11749.839816992622
000d7d20_3996,11749.688671099862
000d7d20_3997,11749.688551048435
000d7d20_3998,11749.682427018388
000d7d20_3999,11749.67930497765
000d7d20_4000,11749.676182936913
000d7d20_4001,11749.673060896175
000d7d20_4002,11749.666444918008
000d7d20_4003,11749.66332287727
000d7d20_4004,11749.660200836533
000d7d20_4005,11749.657078795797
000d7d20_4006,11749.653956755059
000d7d20_4007,11749.564922200294
000d7d20_4008,11749.561800159556
000d7d20_4009,11749.558678118818
000d7d20_4010,11749.555556078081
000d7d20_4011,11749.552434037343
000d7d20_4012,11749.549311996605
000d7d20_4013,11749.546189955869
000d7d20_4014,11749.542030487117
000d7d20_4015,11749.542947863702
000d7d20_4016,11749.539803480191
000d7d20_4017,11749.536681439455
000d7d20_4018,11749.619471912747
000d7d20_4019,11749.616349872009
000d7d20_4020,11749.61322783127
000d7d20_4021,11749.610105790533
000d7d20_4022,11749.613457333762
000d7d20_4023,11749.610335293024
000d7d20_4024,11749.603719314859
000d7d20_4025,11749.60059727412
000d7d20_4026,11749.511562719354
000d7d20_4027,11749.511420325154
000d7d20_4028,11749.508298284416
000d7d20_4029,11749.505176243678
000d7d20_4030,11749.502054202942
000d7d20_4031,11749.50191180874
000d7d20_4032,11749.498789768002
000d7d20_4033,11749.495667727264
000d7d20_4034,11749.492545686528
000d7d20_4035,11749.492403292326
000d7d20_4036,11749.48928125159
000d7d20_4037,11749.486159210852
000d7d20_4038,11749.48601681665
000d7d20_4039,11749.482894775912
000d7d20_4040,11749.479772735176
000d7d20_4041,11749.479029041184
000d7d20_4042,11749.456978563205
000d7d20_4043,11749.456836169004
000d7d20_4044,11749.472642565508
000d7d20_4045,11749.470121824561
000d7d20_4046,11749.46997943036
000d7d20_4047,11749.466857389623
000d7d20_4048,11749.463735348885
000d7d20_4049,11749.463592954686
000d7d20_4050,11749.460470913948
000d7d20_4051,11749.45734887321
000d7d20_4052,11749.457206479008
000d7d20_4053,11749.454084438272
000d7d20_4054,11749.450962397534
000d7d20_4055,11749.450820003334
000d7d20_4056,11749.447697962594
000d7d20_4057,11749.444575921858
000d7d20_4058,11749.441453881122
000d7d20_4059,11749.44071018713
000d7d20_4060,11749.43758814639
000d7d20_4061,11749.434466105655
000d7d20_4062,11749.527348499254
000d7d20_4063,11749.527206105053
000d7d20_4064,11749.50515562707
000d7d20_4065,11749.446700145472
000d7d20_4066,11749.549020355798
000d7d20_4067,11749.548877961597
000d7d20_4068,11749.54575592086
000d7d20_4069,11749.542633880123
000d7d20_4070,11749.539511839386
000d7d20_4071,11749.536389798648
000d7d20_4072,11749.536761695339
000d7d20_4073,11749.536619301138
000d7d20_4074,11749.533497260401
000d7d20_4075,11749.530375219663
000d7d20_4076,11749.523759241496
000d7d20_4077,11749.52063720076
000d7d20_4078,11749.517515160022
000d7d20_4079,11749.514393119285
000d7d20_4080,11749.514250725082
000d7d20_4081,11749.511128684346
000d7d20_4082,11749.422094129579
000d7d20_4083,11749.41897208884
000d7d20_4084,11749.415850048103
000d7d20_4085,11749.498640521397
000d7d20_4086,11749.494917180868
000d7d20_4087,11749.491795140131
000d7d20_4088,11749.332304267298
000d7d20_4089,11749.32918222656
000d7d20_4090,11749.430901137097
000d7d20_4091,11749.428380396148
000d7d20_4092,11749.42525835541
000d7d20_4093,11749.422136314673
000d7d20_4094,11749.419014273935
000d7d20_4095,11749.329979719168
000d7d20_4096,11749.41277019246
000d7d20_4097,11749.409648151723
000d7d20_4098,11749.320613596958
000d7d20_4099,11749.31749155622
000d7d20_4100,11749.314369515483
000d7d20_4101,11749.310646174954
000d7d20_4102,11749.308125434007
000d7d20_4103,11749.30500339327
000d7d20_4104,11749.301881352532
000d7d20_4105,11749.384671825825
000d7d20_4106,11749.44443367907
000d7d20_4107,11749.381320381988
000d7d20_4108,11749.35629025747
000d7d20_4109,11749.353168216734
000d7d20_4110,11749.350046175994
000d7d20_4111,11749.346924135258
000d7d20_4112,11749.34030815709
000d7d20_4113,11749.337186116354
000d7d20_4114,11749.334064075616
000d7d20_4115,11749.33094203488
000d7d20_4116,11749.257856270819
000d7d20_4117,11749.255335529873
000d7d20_4118,11749.252213489135
000d7d20_4119,11749.249091448397
000d7d20_4120,11749.24596940766
000d7d20_4121,11749.239867720387
000d7d20_4122,11749.23674567965
000d7d20_4123,11749.233623638913
000d7d20_4124,11749.230501598173
000d7d20_4125,11749.227379557437
000d7d20_4126,11749.220676570372
000d7d20_4127,11749.217554529634
000d7d20_4128,11749.195504051655
000d7d20_4129,11749.192382010917
000d7d20_4130,11749.18106683045
000d7d20_4131,11749.16221322456
000d7d20_4132,11749.159091183821
000d7d20_4133,11749.155969143085
000d7d20_4134,11749.14986745581
000d7d20_4135,11749.248389494254
000d7d20_4136,11749.25048094671
000d7d20_4137,11749.244379259435
000d7d20_4138,11749.241257218699
000d7d20_4139,11749.238135177962
000d7d20_4140,11749.14612097666
000d7d20_4141,11749.142998935922
000d7d20_4142,11749.139876895184
000d7d20_4143,11749.136754854448
000d7d20_4144,11749.130653167173
000d7d20_4145,11749.127531126436
000d7d20_4146,11749.119195592504
000d7d20_4147,11749.116073551766
000d7d20_4148,11749.109971864493
000d7d20_4149,11749.106849823755
000d7d20_4150,11749.103727783018
000d7d20_4151,11749.105819235474
000d7d20_4152,11749.102697194736
000d7d20_4153,11749.099575154
000d7d20_4154,11749.093473466724
000d7d20_4155,11749.085137932794
000d7d20_4156,11748.299646904461
000d7d20_4157,11748.361513445569
000d7d20_4158,11748.35839140483
000d7d20_4159,11748.355269364092
000d7d20_4160,11748.352147323356
000d7d20_4161,11748.26013312205
000d7d20_4162,11748.257011081314
000d7d20_4163,11748.253889040576
000d7d20_4164,11748.25076699984
000d7d20_4165,11748.247644959101
000d7d20_4166,11748.244522918365
000d7d20_4167,11748.241400877627
000d7d20_4168,11748.238278836889
000d7d20_4169,11748.235156796152
000d7d20_4170,11748.232034755414
000d7d20_4171,11748.314825228706
000d7d20_4172,11748.3151971254
000d7d20_4173,11748.300928590903
000d7d20_4174,11748.297806550167
000d7d20_4175,11748.294684509428
000d7d20_4176,11748.575710079125
000d7d20_4177,11748.572588038389
000d7d20_4178,11748.565972060222
000d7d20_4179,11748.53417542041
000d7d20_4180,11748.441093530708
000d7d20_4181,11748.351425889461
000d7d20_4182,11748.35128349526
000d7d20_4183,11748.348161454524
000d7d20_4184,11748.345039413785
000d7d20_4185,11748.341917373049
000d7d20_4186,11748.33879533231
000d7d20_4187,11748.335673291574
000d7d20_4188,11748.224139600023
000d7d20_4189,11748.221017559285
000d7d20_4190,11748.220875165083
000d7d20_4191,11748.217753124347
000d7d20_4192,11748.201880330991
000d7d20_4193,11748.198758290255
000d7d20_4194,11748.195636249517
000d7d20_4195,11748.195493855315
000d7d20_4196,11748.192371814577
000d7d20_4197,11748.18924977384
000d7d20_4198,11748.186127733103
000d7d20_4199,11748.185985338903
000d7d20_4200,11748.128166882867
000d7d20_4201,11748.12504484213
000d7d20_4202,11748.121922801394
000d7d20_4203,11748.121780407193
000d7d20_4204,11748.282795892106
000d7d20_4205,11748.27967385137
000d7d20_4206,11748.277097785878
000d7d20_4207,11748.318361990514
000d7d20_4208,11748.315239949778
000d7d20_4209,11748.315097555576
000d7d20_4210,11748.311975514838
000d7d20_4211,11748.3088534741
000d7d20_4212,11748.428817609914
000d7d20_4213,11748.425695569174
000d7d20_4214,11748.422573528438
000d7d20_4215,11748.422431134237
000d7d20_4216,11748.4193090935
000d7d20_4217,11748.374780453927
000d7d20_4218,11748.45757092722
000d7d20_4219,11748.376830344576
000d7d20_4220,11748.37370830384
000d7d20_4221,11748.373565909638
000d7d20_4222,11748.370443868902
000d7d20_4223,11748.362007502576
000d7d20_4224,11748.361865108374
000d7d20_4225,11748.358743067636
000d7d20_4226,11748.358600673437
000d7d20_4227,11748.355478632699
000d7d20_4228,11748.39972248387
000d7d20_4229,11748.399580089668
000d7d20_4230,11748.396458048932
000d7d20_4231,11748.39631565473
000d7d20_4232,11748.393193613992
000d7d20_4233,11748.393051219791
000d7d20_4234,11748.389929179055
000d7d20_4235,11748.389786784854
000d7d20_4236,11748.389644390652
000d7d20_4237,11748.386522349916
000d7d20_4238,11748.386379955715
000d7d20_4239,11748.386237561514
000d7d20_4240,11748.263008990762
000d7d20_4241,11748.26286659656
000d7d20_4242,11748.218337956987
000d7d20_4243,11748.30490430053
000d7d20_4244,11748.304761906329
000d7d20_4245,11748.301639865593
000d7d20_4246,11748.214788733647
000d7d20_4247,11747.519734303989
000d7d20_4248,11747.51959190979
000d7d20_4249,11747.683942290976
000d7d20_4250,11747.683799896775
000d7d20_4251,11747.683657502574
000d7d20_4252,11747.683515108372
000d7d20_4253,11747.72489898283
000d7d20_4254,11747.724756588626
000d7d20_4255,11747.724614194427
000d7d20_4256,11747.682945531567
000d7d20_4257,11747.682803137368
000d7d20_4258,11747.768573257195
000d7d20_4259,11747.768430862994
000d7d20_4260,11747.768288468793
000d7d20_4261,11747.768146074592
000d7d20_4262,11747.685070812899
000d7d20_4263,11747.684928418697
000d7d20_4264,11747.684786024496
000d7d20_4265,11747.684643630295
000d7d20_4266,11747.684501236095
000d7d20_4267,11747.687338488431
000d7d20_4268,11747.68719609423
000d7d20_4269,11747.684671433046
000d7d20_4270,11747.77342119941
000d7d20_4271,11747.77327880521
000d7d20_4272,11747.77313641101
000d7d20_4273,11747.775973663345
000d7d20_4274,11747.775831269144
000d7d20_4275,11747.77866852148
000d7d20_4276,11747.778526127278
000d7d20_4277,11747.612380623179
000d7d20_4278,11747.612238228978
000d7d20_4279,11747.787552175178
000d7d20_4280,11747.787409780976
000d7d20_4281,11747.617770339448
000d7d20_4282,11747.617627945247
000d7d20_4283,11747.620465197582
000d7d20_4284,11747.620322803381
000d7d20_4285,11747.623160055717
000d7d20_4286,11747.625997308052
000d7d20_4287,11747.794837670288
000d7d20_4288,11747.711762408591
000d7d20_4289,11747.800512174957
000d7d20_4290,11747.803349427293
000d7d20_4291,11747.803207033092
000d7d20_4292,11747.720131771397
000d7d20_4293,11747.808881537763
000d7d20_4294,11747.811718790099
000d7d20_4295,11747.814556042435
000d7d20_4296,11747.814413648233
000d7d20_4297,11747.817250900569
000d7d20_4298,11747.820088152905
000d7d20_4299,11747.737012891208
000d7d20_4300,11747.739850143545
000d7d20_4301,11747.74268739588
000d7d20_4302,11747.745524648215
000d7d20_4303,11747.74836190055
000d7d20_4304,11747.751199152886
000d7d20_4305,11747.754036405222
000d7d20_4306,11747.756873657558
000d7d20_4307,11747.759710909893
000d7d20_4308,11747.762548162227
000d7d20_4309,11747.851297928593
000d7d20_4310,11747.857114827466
000d7d20_4311,11747.859952079802
000d7d20_4312,11747.776876818107
000d7d20_4313,11747.779714070442
000d7d20_4314,11747.782551322778
000d7d20_4315,11747.87428073568
000d7d20_4316,11747.877117988015
000d7d20_4317,11747.87995524035
000d7d20_4318,11747.882792492686
000d7d20_4319,11747.802696877528
000d7d20_4320,11747.805534129864
000d7d20_4321,11747.897263542765
000d7d20_4322,11747.900100795101
000d7d20_4323,11747.902938047437
000d7d20_4324,11747.90875494631
000d7d20_4325,11747.911592198645
000d7d20_4326,11747.917409097516
000d7d20_4327,11747.83433383582
000d7d20_4328,11747.840150734693
000d7d20_4329,11747.842987987027
000d7d20_4330,11747.845825239365
000d7d20_4331,11747.937554652266
000d7d20_4332,11747.940391904602
000d7d20_4333,11747.946208803474
000d7d20_4334,11747.949046055808
000d7d20_4335,11747.951883308144
000d7d20_4336,11747.871787692986
000d7d20_4337,11747.874624945322
000d7d20_4338,11747.818325428083
000d7d20_4339,11747.821162680419
000d7d20_4340,11747.823999932754
000d7d20_4341,11747.829816831625
000d7d20_4342,11747.83265408396
000d7d20_4343,11747.835491336296
000d7d20_4344,11747.88923200111
000d7d20_4345,11747.887605976008
000d7d20_4346,11747.890443228342
000d7d20_4347,11747.911936408285
000d7d20_4348,11747.914773660621
000d7d20_4349,11747.920590559494
000d7d20_4350,11747.92342781183
000d7d20_4351,11747.926265064165
000d7d20_4352,11747.929102316499
000d7d20_4353,11747.931939568834
000d7d20_4354,11747.937756467707
000d7d20_4355,11747.940593720043
000d7d20_4356,11747.943430972378
000d7d20_4357,11747.946268224714
000d7d20_4358,11747.949105477048
000d7d20_4359,11747.951942729385
000d7d20_4360,11747.95477998172
000d7d20_4361,11748.043529748085
000d7d20_4362,11748.049346646958
000d7d20_4363,11748.052183899294
000d7d20_4364,11748.05502115163
000d7d20_4365,11748.057858403965
000d7d20_4366,11748.060695656299
000d7d20_4367,11748.063532908634
000d7d20_4368,11748.06637016097
000d7d20_4369,11748.069207413308
000d7d20_4370,11747.986132151611
000d7d20_4371,11747.988969403947
000d7d20_4372,11747.991806656282
000d7d20_4373,11747.994643908618
000d7d20_4374,11748.10214757716
000d7d20_4375,11748.104984829495
000d7d20_4376,11748.0219095678
000d7d20_4377,11748.021767173599
000d7d20_4378,11748.024604425933
000d7d20_4379,11747.983055432898
000d7d20_4380,11747.985892685232
000d7d20_4381,11747.988729937568
000d7d20_4382,11747.991567189903
000d7d20_4383,11747.99440444224
000d7d20_4384,11747.997241694575
000d7d20_4385,11747.997099300374
000d7d20_4386,11748.08584906674
000d7d20_4387,11748.002773805045
000d7d20_4388,11748.00561105738
000d7d20_4389,11748.008448309716
000d7d20_4390,11748.008305915515
000d7d20_4391,11747.95115191151
000d7d20_4392,11747.953989163845
000d7d20_4393,11748.01681767252
000d7d20_4394,11748.016675278319
000d7d20_4395,11747.89940600064
000d7d20_4396,11747.902243252976
000d7d20_4397,11747.902100858777
000d7d20_4398,11747.888715854791
000d7d20_4399,11747.898996031101
000d7d20_4400,11747.8988536369
000d7d20_4401,11747.748766367218
000d7d20_4402,11747.751603619554
000d7d20_4403,11747.751461225354
000d7d20_4404,11747.754298477688
000d7d20_4405,11747.754156083487
000d7d20_4406,11747.751698494778
000d7d20_4407,11747.843942198571
000d7d20_4408,11747.84379980437
000d7d20_4409,11747.846637056708
000d7d20_4410,11747.846494662506
000d7d20_4411,11747.862082667458
000d7d20_4412,11747.861940273258
000d7d20_4413,11747.924768781935
000d7d20_4414,11747.864635131393
000d7d20_4415,11747.9933140293
000d7d20_4416,11747.993171635098
000d7d20_4417,11747.889172441215
000d7d20_4418,11747.889030047016
000d7d20_4419,11747.89186729935
000d7d20_4420,11747.89172490515
000d7d20_4421,11747.894562157486
000d7d20_4422,11747.894419763285
000d7d20_4423,11747.984870304526
000d7d20_4424,11747.987707556862
000d7d20_4425,11748.001472064114
000d7d20_4426,11748.00430931645
000d7d20_4427,11748.06415817859
000d7d20_4428,11748.066995430925
000d7d20_4429,11748.066853036724
000d7d20_4430,11748.06969028906
000d7d20_4431,11748.069547894858
000d7d20_4432,11748.069405500657
000d7d20_4433,11748.012251496652
000d7d20_4434,11748.01210910245
000d7d20_4435,11748.014946354786
000d7d20_4436,11748.014803960585
000d7d20_4437,11748.01764121292
000d7d20_4438,11748.01749881872
000d7d20_4439,11748.020336071055
000d7d20_4440,11748.020193676854
000d7d20_4441,11748.08302218553
000d7d20_4442,11748.082879791331
000d7d20_4443,11748.03464069823
000d7d20_4444,11748.003093635742
000d7d20_4445,11747.991857134819
000d7d20_4446,11748.00860128861
000d7d20_4447,11748.00845889441
000d7d20_4448,11748.011296146746
000d7d20_4449,11748.011153752544
000d7d20_4450,11748.013991004878
000d7d20_4451,11748.013848610677
000d7d20_4452,11748.016685863015
000d7d20_4453,11748.034041235645
000d7d20_4454,11748.100456411361
000d7d20_4455,11748.09971271737
000d7d20_4456,11748.08362153246
000d7d20_4457,11748.083479138259
000d7d20_4458,11748.086316390596
000d7d20_4459,11748.086173996395
000d7d20_4460,11748.08901124873
000d7d20_4461,11748.08886885453
000d7d20_4462,11748.091706106865
000d7d20_4463,11748.177476226692
000d7d20_4464,11748.180313479028
000d7d20_4465,11748.239483219473
000d7d20_4466,11748.15640795778
000d7d20_4467,11748.242178077608
000d7d20_4468,11748.2260868927
000d7d20_4469,11748.229438435928
000d7d20_4470,11748.287053451411
000d7d20_4471,11748.211188235719
000d7d20_4472,11748.214025488054
000d7d20_4473,11748.192444870774
000d7d20_4474,11748.192302476573
000d7d20_4475,11748.195139728909
000d7d20_4476,11748.194997334707
000d7d20_4477,11748.111922073012
000d7d20_4478,11748.257683449183
000d7d20_4479,11748.200529445177
000d7d20_4480,11748.114474536946
000d7d20_4481,11748.117311789281
000d7d20_4482,11748.128315888838
000d7d20_4483,11748.131153141174
000d7d20_4484,11748.131010746973
000d7d20_4485,11748.133847999308
000d7d20_4486,11748.136685251644
000d7d20_4487,11748.136542857443
000d7d20_4488,11748.139380109778
000d7d20_4489,11748.139237715577
000d7d20_4490,11748.142074967913
000d7d20_4491,11748.141932573712
000d7d20_4492,11748.144769826047
000d7d20_4493,11748.144627431848
000d7d20_4494,11748.207455940525
000d7d20_4495,11748.21029319286
000d7d20_4496,11748.210150798659
000d7d20_4497,11748.298900565023
000d7d20_4498,11748.298758170822
000d7d20_4499,11748.301595423158
000d7d20_4500,11748.215540514928
000d7d20_4501,11748.218377767264
000d7d20_4502,11748.161223763256
000d7d20_4503,11748.221072625398
000d7d20_4504,11748.223909877734
000d7d20_4505,11748.223767483532
000d7d20_4506,11748.166613479525
000d7d20_4507,11748.16945073186
000d7d20_4508,11748.16930833766
000d7d20_4509,11748.172145589995
000d7d20_4510,11748.172003195796
000d7d20_4511,11748.17484044813
000d7d20_4512,11748.177677700465
000d7d20_4513,11748.166388812506
000d7d20_4514,11748.169226064841
000d7d20_4515,11748.16908367064
000d7d20_4516,11748.231912179319
000d7d20_4517,11748.234749431655
000d7d20_4518,11748.17461578111
000d7d20_4519,11748.177453033446
000d7d20_4520,11748.177310639245
000d7d20_4521,11748.18014789158
000d7d20_4522,11748.18000549738
000d7d20_4523,11748.182842749715
000d7d20_4524,11748.18568000205
000d7d20_4525,11748.18553760785
000d7d20_4526,11748.248366116528
000d7d20_4527,11748.248223722327
000d7d20_4528,11748.19106971832
000d7d20_4529,11748.193906970655
000d7d20_4530,11748.193764576454
000d7d20_4531,11748.256593085132
000d7d20_4532,11748.196459434588
000d7d20_4533,11748.199296686924
000d7d20_4534,11748.199154292723
000d7d20_4535,11748.201991545058
000d7d20_4536,11748.204828797394
000d7d20_4537,11748.204686403193
000d7d20_4538,11748.207523655528
000d7d20_4539,11748.207381261327
000d7d20_4540,11748.210218513663
000d7d20_4541,11748.210076119462
000d7d20_4542,11748.249568869134
000d7d20_4543,11748.249426474933
000d7d20_4544,11748.257477220463
000d7d20_4545,11748.266247473362
000d7d20_4546,11748.271318572355
000d7d20_4547,11748.27415582469
000d7d20_4548,11748.27401343049
000d7d20_4549,11748.276850682825
000d7d20_4550,11748.276708288624
000d7d20_4551,11748.384386492235
000d7d20_4552,11748.384845397823
000d7d20_4553,11748.387682650158
000d7d20_4554,11748.387540255957
000d7d20_4555,11748.390377508293
000d7d20_4556,11748.304322600063
000d7d20_4557,11748.32176752964
000d7d20_4558,11748.321625135437
000d7d20_4559,11748.324462387773
000d7d20_4560,11748.344906579157
000d7d20_4561,11748.344764184956
000d7d20_4562,11748.329994498243
000d7d20_4563,11748.329852104041
000d7d20_4564,11748.332689356377
000d7d20_4565,11748.332546962176
000d7d20_4566,11748.335384214512
000d7d20_4567,11748.33524182031
000d7d20_4568,11748.338079072648
000d7d20_4569,11748.337936678447
000d7d20_4570,11748.34077393078
000d7d20_4571,11748.34063153658
000d7d20_4572,11748.343468788915
000d7d20_4573,11748.343326394715
000d7d20_4574,11748.34616364705
000d7d20_4575,11748.34602125285
000d7d20_4576,11748.348858505185
000d7d20_4577,11748.348716110984
000d7d20_4578,11748.351553363318
000d7d20_4579,11748.351410969117
000d7d20_4580,11748.354248221454
000d7d20_4581,11748.354105827253
000d7d20_4582,11748.353963433052
000d7d20_4583,11748.356800685386
000d7d20_4584,11748.356658291186
000d7d20_4585,11748.359495543522
000d7d20_4586,11748.35935314932
000d7d20_4587,11748.362190401656
000d7d20_4588,11748.362048007455
000d7d20_4589,11748.36488525979
000d7d20_4590,11748.36474286559
000d7d20_4591,11748.367580117925
000d7d20_4592,11748.422771164585
000d7d20_4593,11748.425608416921
000d7d20_4594,11748.42546602272
000d7d20_4595,11748.428303275055
000d7d20_4596,11748.428160880854
000d7d20_4597,11748.428018486653
000d7d20_4598,11748.516768253017
000d7d20_4599,11748.516625858818
000d7d20_4600,11748.519463111152
000d7d20_4601,11748.433408202924
000d7d20_4602,11748.380310714605
000d7d20_4603,11748.361239883161
000d7d20_4604,11748.364077135497
000d7d20_4605,11748.358721248102
000d7d20_4606,11748.34284728875
000d7d20_4607,11748.345684541084
000d7d20_4608,11748.345542146883
000d7d20_4609,11748.348379399218
000d7d20_4610,11748.327313072834
000d7d20_4611,11748.327170678633
000d7d20_4612,11748.350931863153
000d7d20_4613,11748.366521034104
000d7d20_4614,11748.371592133097
000d7d20_4615,11748.374429385432
000d7d20_4616,11748.374286991231
000d7d20_4617,11748.37414459703
000d7d20_4618,11748.395910286608
000d7d20_4619,11748.395767892407
000d7d20_4620,11748.396226797997
000d7d20_4621,11748.395483104006
000d7d20_4622,11748.395340709805
000d7d20_4623,11748.398177962139
000d7d20_4624,11748.379107130695
000d7d20_4625,11748.378964736496
000d7d20_4626,11748.378822342294
000d7d20_4627,11748.378679948093
000d7d20_4628,11748.397465991135
000d7d20_4629,11748.397323596935
000d7d20_4630,11748.397782502525
000d7d20_4631,11748.397640108324
000d7d20_4632,11748.397497714122
000d7d20_4633,11748.397355319921
000d7d20_4634,11748.39721292572
000d7d20_4635,11748.397070531519
000d7d20_4636,11748.396928137317
000d7d20_4637,11748.396785743116
000d7d20_4638,11748.396643348917
000d7d20_4639,11748.396500954716
000d7d20_4640,11748.393378913977
000d7d20_4641,11748.393236519776
000d7d20_4642,11748.393094125575
000d7d20_4643,11748.392951731374
000d7d20_4644,11748.392809337174
000d7d20_4645,11748.389687296436
000d7d20_4646,11748.389544902235
000d7d20_4647,11748.475315022064
000d7d20_4648,11748.475172627863
000d7d20_4649,11748.472050587125
000d7d20_4650,11748.385995678895
000d7d20_4651,11748.385853284693
000d7d20_4652,11748.468643757986
000d7d20_4653,11748.382588849756
000d7d20_4654,11748.465379323046
000d7d20_4655,11748.379324414816
000d7d20_4656,11748.462114888109
000d7d20_4657,11748.461972493908
000d7d20_4658,11748.461830099706
000d7d20_4659,11748.45870805897
000d7d20_4660,11748.455586018232
000d7d20_4661,11748.510777064892
000d7d20_4662,11748.421742510127
000d7d20_4663,11748.421600115926
000d7d20_4664,11748.418478075188
000d7d20_4665,11748.418335680986
000d7d20_4666,11748.415213640248
000d7d20_4667,11748.412091599512
000d7d20_4668,11748.41194920531
000d7d20_4669,11748.408827164574
000d7d20_4670,11748.309700689499
000d7d20_4671,11748.30657864876
000d7d20_4672,11748.30643625456
000d7d20_4673,11748.303314213823
000d7d20_4674,11748.300192173085
000d7d20_4675,11748.297070132347
000d7d20_4676,11748.296927738147
000d7d20_4677,11748.293805697409
000d7d20_4678,11748.290683656673
000d7d20_4679,11748.287561615934
000d7d20_4680,11748.284439575196
000d7d20_4681,11748.28131753446
000d7d20_4682,11748.278195493722
000d7d20_4683,11748.275073452984
000d7d20_4684,11748.271951412247
000d7d20_4685,11748.26882937151
000d7d20_4686,11748.265707330771
000d7d20_4687,11748.262585290035
000d7d20_4688,11748.345375763327
000d7d20_4689,11748.34225372259
000d7d20_4690,11748.339131681852
000d7d20_4691,11748.336009641116
000d7d20_4692,11748.246975086347
000d7d20_4693,11748.24385304561
000d7d20_4694,11748.240731004873
000d7d20_4695,11748.234629317598
000d7d20_4696,11748.231507276862
000d7d20_4697,11748.228385236123
000d7d20_4698,11748.225263195385
000d7d20_4699,11748.219161508112
000d7d20_4700,11748.216039467374
000d7d20_4701,11748.212917426637
000d7d20_4702,11748.209795385901
000d7d20_4703,11748.203693698626
000d7d20_4704,11748.200571657888
000d7d20_4705,11748.19744961715
000d7d20_4706,11748.191347929876
000d7d20_4707,11748.18822588914
000d7d20_4708,11748.185103848402
000d7d20_4709,11748.267293021905
000d7d20_4710,11748.245242543924
000d7d20_4711,11748.15322834262
000d7d20_4712,11748.144892808688
000d7d20_4713,11748.105115270613
000d7d20_4714,11748.101993229877
000d7d20_4715,11748.194875623474
000d7d20_4716,11748.191753582738
000d7d20_4717,11748.188631542
000d7d20_4718,11748.185509501262
000d7d20_4719,11748.127054019664
000d7d20_4720,11748.123931978927
000d7d20_4721,11748.120809938191
000d7d20_4722,11748.117687897453
000d7d20_4723,11748.114565856715
000d7d20_4724,11748.102691817036
000d7d20_4725,11748.099569776297
000d7d20_4726,11748.09644773556
000d7d20_4727,11748.093325694823
000d7d20_4728,11748.093183300622
000d7d20_4729,11748.090061259885
000d7d20_4730,11748.113298157139
000d7d20_4731,11748.092569177352
000d7d20_4732,11748.089447136615
000d7d20_4733,11748.089304742414
000d7d20_4734,11748.086182701676
000d7d20_4735,11748.083060660938
000d7d20_4736,11748.14290952308
000d7d20_4737,11748.079796226
000d7d20_4738,11748.136665441605
000d7d20_4739,11748.136523047404
000d7d20_4740,11748.133401006666
000d7d20_4741,11748.070287709586
000d7d20_4742,11748.070145315385
000d7d20_4743,11748.12701453099
000d7d20_4744,11748.126872136789
000d7d20_4745,11748.123750096052
000d7d20_4746,11748.123607701851
000d7d20_4747,11748.060494404772
000d7d20_4748,11748.120343266914
000d7d20_4749,11748.117221226174
000d7d20_4750,11748.117078831972
000d7d20_4751,11748.053965534895
000d7d20_4752,11748.102667903277
000d7d20_4753,11748.102525509075
000d7d20_4754,11748.099403468339
000d7d20_4755,11748.099261074138
000d7d20_4756,11748.099118679937
000d7d20_4757,11748.095996639198
000d7d20_4758,11748.095854244999
000d7d20_4759,11748.095711850798
000d7d20_4760,11748.09258981006
000d7d20_4761,11748.092447415858
000d7d20_4762,11748.092305021657
000d7d20_4763,11748.092162627458
000d7d20_4764,11748.078113331801
000d7d20_4765,11748.074991291065
000d7d20_4766,11748.100770154551
000d7d20_4767,11748.160619016693
000d7d20_4768,11748.15642928756
000d7d20_4769,11748.10572577982
000d7d20_4770,11748.10558338562
000d7d20_4771,11748.019528477389
000d7d20_4772,11748.019386083188
000d7d20_4773,11748.019243688987
000d7d20_4774,11748.019101294785
000d7d20_4775,11748.018958900586
000d7d20_4776,11748.018816506385
000d7d20_4777,11748.018674112183
000d7d20_4778,11748.018531717982
000d7d20_4779,11748.01838932378
000d7d20_4780,11747.958255673238
000d7d20_4781,11748.021084181915
000d7d20_4782,11748.020941787714
000d7d20_4783,11748.020799393515
000d7d20_4784,11748.020656999312
000d7d20_4785,11747.960523348771
000d7d20_4786,11747.96038095457
000d7d20_4787,11747.963218206904
000d7d20_4788,11747.963075812704
000d7d20_4789,11747.962933418503
000d7d20_4790,11747.965770670839
000d7d20_4791,11748.025619532978
000d7d20_4792,11748.025477138777
000d7d20_4793,11748.028314391113
000d7d20_4794,11748.028171996912
000d7d20_4795,11748.028029602712
000d7d20_4796,11748.030866855046
000d7d20_4797,11748.030724460845
000d7d20_4798,11748.033561713182
000d7d20_4799,11748.033419318981
000d7d20_4800,11748.036256571315
000d7d20_4801,11748.036114177114
000d7d20_4802,11747.975980526571
000d7d20_4803,11747.978817778907
000d7d20_4804,11747.978675384707
000d7d20_4805,11748.064445504535
000d7d20_4806,11748.06728275687
000d7d20_4807,11748.06714036267
000d7d20_4808,11747.98108545444
000d7d20_4809,11747.983922706775
000d7d20_4810,11747.983780312574
000d7d20_4811,11747.983637918373
000d7d20_4812,11748.037036284244
000d7d20_4813,11748.040941224976
000d7d20_4814,11748.054705732227
000d7d20_4815,11748.07846691675
000d7d20_4816,11748.094056087699
000d7d20_4817,11748.093913693498
000d7d20_4818,11748.101964439027
000d7d20_4819,11748.101822044828
000d7d20_4820,11748.101679650626
000d7d20_4821,11748.101537256425
000d7d20_4822,11748.104374508759
000d7d20_4823,11748.10423211456
000d7d20_4824,11748.104089720358
000d7d20_4825,11748.103947326157
000d7d20_4826,11748.103804931956
000d7d20_4827,11748.117788678052
000d7d20_4828,11748.22554504433
000d7d20_4829,11748.226440078142
000d7d20_4830,11748.226297683941
000d7d20_4831,11748.22615528974
000d7d20_4832,11748.228992542074
000d7d20_4833,11748.228850147874
000d7d20_4834,11748.228707753673
000d7d20_4835,11748.228565359472
000d7d20_4836,11748.22842296527
000d7d20_4837,11748.228280571071
000d7d20_4838,11748.22813817687
000d7d20_4839,11748.21144569217
000d7d20_4840,11748.202595867346
000d7d20_4841,11748.577851046304
000d7d20_4842,11748.577708652103
000d7d20_4843,11748.577566257902
000d7d20_4844,11748.637415120043
000d7d20_4845,11748.72318523987
000d7d20_4846,11748.723042845671
000d7d20_4847,11748.72290045147
000d7d20_4848,11748.722758057269
000d7d20_4849,11748.722615663068
000d7d20_4850,11748.722473268866
000d7d20_4851,11748.662339618324
000d7d20_4852,11748.576284710092
000d7d20_4853,11748.576142315891
000d7d20_4854,11748.635991178035
000d7d20_4855,11748.635848783833
000d7d20_4856,11748.635706389632
000d7d20_4857,11748.63556399543
000d7d20_4858,11748.63542160123
000d7d20_4859,11748.635279207028
000d7d20_4860,11748.721049326856
000d7d20_4861,11748.720906932655
000d7d20_4862,11748.720764538455
000d7d20_4863,11748.634709630225
000d7d20_4864,11748.634567236024
000d7d20_4865,11748.634424841823
000d7d20_4866,11748.634282447623
000d7d20_4867,11748.634140053422
000d7d20_4868,11748.622851165463
000d7d20_4869,11748.622708771261
000d7d20_4870,11748.619586730523
000d7d20_4871,11748.619444336322
000d7d20_4872,11748.619301942123
000d7d20_4873,11748.619159547921
000d7d20_4874,11748.61901715372
000d7d20_4875,11748.618874759519
000d7d20_4876,11748.618732365318
000d7d20_4877,11748.618589971116
000d7d20_4878,11748.61546793038
000d7d20_4879,11748.601418634724
000d7d20_4880,11748.59722890559
000d7d20_4881,11748.546525397853
000d7d20_4882,11748.546383003653
000d7d20_4883,11748.543260962913
000d7d20_4884,11748.543118568714
000d7d20_4885,11748.54297617451
000d7d20_4886,11748.48284252397
000d7d20_4887,11748.539711739573
000d7d20_4888,11748.539569345372
000d7d20_4889,11748.625339465203
000d7d20_4890,11748.625197071002
000d7d20_4891,11748.622075030264
000d7d20_4892,11748.621932636062
000d7d20_4893,11748.621790241861
000d7d20_4894,11748.621647847662
000d7d20_4895,11748.62150545346
000d7d20_4896,11748.532470898692
000d7d20_4897,11748.53232850449
000d7d20_4898,11748.53218611029
000d7d20_4899,11748.532043716088
000d7d20_4900,11748.531901321889
000d7d20_4901,11748.531758927687
000d7d20_4902,11748.531616533486
000d7d20_4903,11748.531474139285
000d7d20_4904,11748.5088326083
000d7d20_4905,11748.5086902141
000d7d20_4906,11748.42263530587
000d7d20_4907,11748.422492911668
000d7d20_4908,11748.422350517467
000d7d20_4909,11748.422208123266
000d7d20_4910,11748.422065729064
000d7d20_4911,11748.421923334863
000d7d20_4912,11748.421780940662
000d7d20_4913,11748.424618192998
000d7d20_4914,11748.424475798798
000d7d20_4915,11748.424333404597
000d7d20_4916,11748.424191010396
000d7d20_4917,11748.509961130225
000d7d20_4918,11748.426885868528
000d7d20_4919,11748.426743474329
000d7d20_4920,11748.426601080128
000d7d20_4921,11748.429438332463
000d7d20_4922,11748.429295938262
000d7d20_4923,11748.42915354406
000d7d20_4924,11748.431990796396
000d7d20_4925,11748.431848402195
000d7d20_4926,11748.43468565453
000d7d20_4927,11748.43454326033
000d7d20_4928,11748.437380512665
000d7d20_4929,11748.437238118466
000d7d20_4930,11748.4400753708
000d7d20_4931,11748.439932976598
000d7d20_4932,11748.442770228936
000d7d20_4933,11748.442627834733
000d7d20_4934,11748.445465087068
000d7d20_4935,11748.432571940251
000d7d20_4936,11748.435409192585
000d7d20_4937,11748.43824644492
000d7d20_4938,11748.438104050721
000d7d20_4939,11748.440941303055
000d7d20_4940,11748.443778555391
000d7d20_4941,11748.446615807727
000d7d20_4942,11748.446473413525
000d7d20_4943,11748.449310665861
000d7d20_4944,11748.452147918197
000d7d20_4945,11748.454985170532
000d7d20_4946,11748.457822422868
000d7d20_4947,11748.457680028667
000d7d20_4948,11748.460517281002
000d7d20_4949,11748.463354533338
000d7d20_4950,11748.466191785672
000d7d20_4951,11748.46902903801
000d7d20_4952,11748.471866290343
000d7d20_4953,11748.474703542679
000d7d20_4954,11748.477540795015
000d7d20_4955,11748.48037804735
000d7d20_4956,11748.483215299686
000d7d20_4957,11748.486052552022
000d7d20_4958,11748.501640556975
000d7d20_4959,11748.50447780931
000d7d20_4960,11748.510294708183
000d7d20_4961,11748.513131960517
000d7d20_4962,11748.54189047054
000d7d20_4963,11748.544727722876
000d7d20_4964,11748.547564975212
000d7d20_4965,11748.550402227547
000d7d20_4966,11748.616210382763
000d7d20_4967,11748.533135121066
000d7d20_4968,11748.535972373402
000d7d20_4969,11748.541789272274
000d7d20_4970,11748.54462652461
000d7d20_4971,11748.487472520605
000d7d20_4972,11748.553280675816
000d7d20_4973,11748.496126671811
000d7d20_4974,11748.610355221497
000d7d20_4975,11748.613192473833
000d7d20_4976,11748.616029726167
000d7d20_4977,11748.62184662504
000d7d20_4978,11748.624683877377
000d7d20_4979,11748.630500776248
000d7d20_4980,11748.633338028583
000d7d20_4981,11748.639154927456
000d7d20_4982,11748.644971826327
000d7d20_4983,11748.647809078662
000d7d20_4984,11748.653625977535
000d7d20_4985,11748.65646322987
000d7d20_4986,11748.662280128741
000d7d20_4987,11748.668097027614
000d7d20_4988,11748.730925536289
000d7d20_4989,11748.67675117882
000d7d20_4990,11748.679588431156
000d7d20_4991,11748.735966443563
000d7d20_4992,11748.74583067737
000d7d20_4993,11748.748667929704
000d7d20_4994,11748.754484828576
000d7d20_4995,11748.771228982365
000d7d20_4996,11748.777045881237
000d7d20_4997,11748.779883133571
000d7d20_4998,11748.782720385909
000d7d20_4999,11748.78853728478
000d7d20_5000,11748.791374537115
000d7d20_5001,11748.797191435988
000d7d20_5002,11748.800028688322
000d7d20_5003,11749.731562681369
000d7d20_5004,11749.73737958024
000d7d20_5005,11749.740216832575
000d7d20_5006,11749.74305408491
000d7d20_5007,11749.769794915966
000d7d20_5008,11749.890636234435
000d7d20_5009,11749.893473486773
000d7d20_5010,11749.896310739106
000d7d20_5011,11749.921657375015
000d7d20_5012,11749.92449462735
000d7d20_5013,11749.927331879686
000d7d20_5014,11749.930169132022
000d7d20_5015,11749.933006384355
000d7d20_5016,11749.938823283228
000d7d20_5017,11749.855748021533
000d7d20_5018,11749.858585273869
000d7d20_5019,11749.861422526204
000d7d20_5020,11749.86425977854
000d7d20_5021,11749.867097030874
000d7d20_5022,11749.869934283211
000d7d20_5023,11749.872771535545
000d7d20_5024,11749.875608787881
000d7d20_5025,11749.878446040217
000d7d20_5026,11749.881283292552
000d7d20_5027,11749.884120544888
000d7d20_5028,11749.886957797224
000d7d20_5029,11749.88979504956
000d7d20_5030,11749.892632301895
000d7d20_5031,11749.89546955423
000d7d20_5032,11749.898306806565
000d7d20_5033,11749.898164412363
000d7d20_5034,11749.901001664699
000d7d20_5035,11749.903838917035
000d7d20_5036,11749.90667616937
000d7d20_5037,11749.964846862567
000d7d20_5038,11749.964704468366
000d7d20_5039,11749.967541720702
000d7d20_5040,11749.970378973037
000d7d20_5041,11749.973216225373
000d7d20_5042,11749.877069396834
000d7d20_5043,11749.87990664917
000d7d20_5044,11749.882743901506
000d7d20_5045,11749.882601507305
000d7d20_5046,11749.88543875964
000d7d20_5047,11749.888276011976
000d7d20_5048,11749.888133617775
000d7d20_5049,11749.89097087011
000d7d20_5050,11749.890828475909
000d7d20_5051,11749.893665728245
000d7d20_5052,11749.89650298058
000d7d20_5053,11749.89636058638
000d7d20_5054,11749.899197838715
000d7d20_5055,11749.899055444514
000d7d20_5056,11749.90189269685
000d7d20_5057,11749.652514865134
000d7d20_5058,11749.652372470933
000d7d20_5059,11749.654608423478
000d7d20_5060,11749.635537592036
000d7d20_5061,11749.63837484437
000d7d20_5062,11749.552319936138
000d7d20_5063,11749.552177541937
000d7d20_5064,11749.555014794272
000d7d20_5065,11749.554872400073
000d7d20_5066,11749.554730005872
000d7d20_5067,11749.557567258205
000d7d20_5068,11749.653429298342
000d7d20_5069,11749.65328690414
000d7d20_5070,11749.73905702397
000d7d20_5071,11749.741894276305
000d7d20_5072,11749.741751882104
000d7d20_5073,11749.760537925147
000d7d20_5074,11749.705062090085
000d7d20_5075,11749.705520995674
000d7d20_5076,11749.705378601473
000d7d20_5077,11749.622303339778
000d7d20_5078,11749.622160945579
000d7d20_5079,11749.622018551378
000d7d20_5080,11749.621876157176
000d7d20_5081,11749.707646277004
000d7d20_5082,11749.707503882802
000d7d20_5083,11749.621448974573
000d7d20_5084,11749.621306580371
000d7d20_5085,11749.62116418617
000d7d20_5086,11749.62102179197
000d7d20_5087,11749.62087939777
000d7d20_5088,11749.679050090966
000d7d20_5089,11749.678907696765
000d7d20_5090,11749.678765302564
000d7d20_5091,11749.678622908363
000d7d20_5092,11749.678480514161
000d7d20_5093,11749.582333685625
000d7d20_5094,11749.582191291422
000d7d20_5095,11749.58204889722
000d7d20_5096,11749.581906503021
000d7d20_5097,11749.584743755357
000d7d20_5098,11749.584601361155
000d7d20_5099,11749.584458966954
000d7d20_5100,11749.584316572753
000d7d20_5101,11749.670086692582
000d7d20_5102,11749.673438235812
000d7d20_5103,11749.67329584161
000d7d20_5104,11749.67315344741
000d7d20_5105,11749.673011053208
000d7d20_5106,11749.675848305544
000d7d20_5107,11749.672211973913
000d7d20_5108,11749.672069579712
000d7d20_5109,11749.67192718551
000d7d20_5110,11749.67178479131
000d7d20_5111,11749.671642397108
000d7d20_5112,11749.671500002909
000d7d20_5113,11749.674337255245
000d7d20_5114,11749.674194861043
000d7d20_5115,11749.674052466842
000d7d20_5116,11749.58799755861
000d7d20_5117,11749.67376767844
000d7d20_5118,11749.673625284238
000d7d20_5119,11749.673482890037
000d7d20_5120,11749.676320142373
000d7d20_5121,11749.676177748173
000d7d20_5122,11749.6795292914
000d7d20_5123,11749.6793868972
000d7d20_5124,11749.679244502999
000d7d20_5125,11749.679102108797
000d7d20_5126,11749.681939361133
000d7d20_5127,11749.681796966932
000d7d20_5128,11749.678160635302
000d7d20_5129,11749.678018241102
000d7d20_5130,11749.67727454711
000d7d20_5131,11749.658203715666
000d7d20_5132,11749.724526161772
000d7d20_5133,11749.659179018036
000d7d20_5134,11749.643305058682
000d7d20_5135,11749.618744794865
000d7d20_5136,11749.618602400664
000d7d20_5137,11749.53552713897
000d7d20_5138,11749.53538474477
000d7d20_5139,11749.621154864597
000d7d20_5140,11749.535099956367
000d7d20_5141,11749.555881494354
000d7d20_5142,11749.57445031184
000d7d20_5143,11749.579521410833
000d7d20_5144,11749.675383450967
000d7d20_5145,11749.675241056766
000d7d20_5146,11749.66988516937
000d7d20_5147,11749.617388980847
000d7d20_5148,11749.601515021493
000d7d20_5149,11749.601372627292
000d7d20_5150,11749.616961798245
000d7d20_5151,11749.774444951021
000d7d20_5152,11749.777282203355
000d7d20_5153,11749.782353302347
000d7d20_5154,11749.782210908148
000d7d20_5155,11749.782068513947
000d7d20_5156,11749.781926119746
000d7d20_5157,11749.784763372081
000d7d20_5158,11749.78462097788
000d7d20_5159,11749.784478583679
000d7d20_5160,11749.803264626724
000d7d20_5161,11749.806101879058
000d7d20_5162,11749.787031047612
000d7d20_5163,11749.786888653412
000d7d20_5164,11749.786746259211
000d7d20_5165,11749.789583511547
000d7d20_5166,11749.789441117344
000d7d20_5167,11749.789298723144
000d7d20_5168,11749.789156328943
000d7d20_5169,11749.789013934744
000d7d20_5170,11749.791851187078
000d7d20_5171,11749.791708792876
000d7d20_5172,11749.877478912706
000d7d20_5173,11749.875102671846
000d7d20_5174,11749.859228712494
000d7d20_5175,11749.838162386106
000d7d20_5176,11749.752107477878
000d7d20_5177,11749.754944730214
000d7d20_5178,11749.75480233601
000d7d20_5179,11749.754659941811
000d7d20_5180,11749.75451754761
000d7d20_5181,11749.861211599624
000d7d20_5182,11749.793867903081
000d7d20_5183,11749.798939002074
000d7d20_5184,11749.798796607873
000d7d20_5185,11749.798654213671
000d7d20_5186,11749.820419903252
000d7d20_5187,11749.82087880884
000d7d20_5188,11749.82013511485
000d7d20_5189,11749.820594020439
000d7d20_5190,11749.823431272775
000d7d20_5191,11749.822687578784
000d7d20_5192,11749.822545184583
000d7d20_5193,11749.822402790382
000d7d20_5194,11749.82226039618
000d7d20_5195,11749.806169211271
000d7d20_5196,11749.80602681707
000d7d20_5197,11749.891796936898
000d7d20_5198,11749.886441049504
000d7d20_5199,11749.870567090153
000d7d20_5200,11749.8524804103
000d7d20_5201,11749.766425502072
000d7d20_5202,11749.76628310787
000d7d20_5203,11749.76614071367
000d7d20_5204,11749.765998319468
000d7d20_5205,11749.768835571804
000d7d20_5206,11749.768693177602
000d7d20_5207,11749.768550783403
000d7d20_5208,11749.768408389202
000d7d20_5209,11749.768265995
000d7d20_5210,11749.771103247334
000d7d20_5211,11749.770960853133
000d7d20_5212,11749.770818458934
000d7d20_5213,11749.770676064732
000d7d20_5214,11749.770533670531
000d7d20_5215,11749.77039127633
000d7d20_5216,11749.79415246085
000d7d20_5217,11749.79401006665
000d7d20_5218,11749.895511751629
000d7d20_5219,11749.900582850623
000d7d20_5220,11749.900440456422
000d7d20_5221,11749.833313985437
000d7d20_5222,11749.836752537562
000d7d20_5223,11749.83661014336
000d7d20_5224,11749.836467749159
000d7d20_5225,11749.836325354958
000d7d20_5226,11749.836182960757
000d7d20_5227,11749.836040566557
000d7d20_5228,11749.835898172354
000d7d20_5229,11749.838735424692
000d7d20_5230,11749.83859303049
000d7d20_5231,11749.838450636289
000d7d20_5232,11749.838308242088
000d7d20_5233,11749.838165847887
000d7d20_5234,11749.838023453685
000d7d20_5235,11749.837881059484
000d7d20_5236,11749.84011701203
000d7d20_5237,11749.821046180585
000d7d20_5238,11749.839832223628
000d7d20_5239,11749.926203643246
000d7d20_5240,11749.926061249045
000d7d20_5241,11749.925918854844
000d7d20_5242,11749.925776460643
000d7d20_5243,11749.925634066443
000d7d20_5244,11749.928471318777
000d7d20_5245,11749.928328924576
000d7d20_5246,11749.928186530375
000d7d20_5247,11749.842131622147
000d7d20_5248,11749.841989227945
000d7d20_5249,11749.841846833744
000d7d20_5250,11749.841704439543
000d7d20_5251,11749.841562045342
000d7d20_5252,11749.84141965114
000d7d20_5253,11749.926588471179
000d7d20_5254,11749.91049728627
000d7d20_5255,11749.910354892068
000d7d20_5256,11749.929140935114
000d7d20_5257,11749.929599840701
000d7d20_5258,11749.928856146711
000d7d20_5259,11749.92871375251
000d7d20_5260,11749.928571358309
000d7d20_5261,11749.928428964107
000d7d20_5262,11749.928887869697
000d7d20_5263,11749.842832961465
000d7d20_5264,11749.842690567264
000d7d20_5265,11749.842548173065
000d7d20_5266,11749.8453854254
000d7d20_5267,11749.845243031199
000d7d20_5268,11750.064957947936
000d7d20_5269,11750.064815553735
000d7d20_5270,11750.064071859742
000d7d20_5271,11750.045001028298
000d7d20_5272,11750.044858634097
000d7d20_5273,11750.044716239896
000d7d20_5274,11750.044573845695
000d7d20_5275,11750.044431451493
000d7d20_5276,11750.039075564098
000d7d20_5277,11750.023201604747
00bbac68_1545,12222.512254526699
00bbac68_1546,12222.509246961617
00bbac68_1547,12222.50290334583
00bbac68_1548,12222.499895780751
00bbac68_1549,12222.49688821567
00bbac68_1550,12222.49388065059
00bbac68_1551,12222.49087308551
00bbac68_1552,12222.48786552043
00bbac68_1553,12222.484857955349
00bbac68_1554,12222.407270095682
00bbac68_1555,12222.404262530603
00bbac68_1556,12222.401254965524
00bbac68_1557,12222.398247400442
00bbac68_1558,12222.469820129947
00bbac68_1559,12222.391584191186
00bbac68_1560,12222.392560755907
00bbac68_1561,12222.389553190827
00bbac68_1562,12222.386545625746
00bbac68_1563,12222.383538060665
00bbac68_1564,12222.380530495586
00bbac68_1565,12222.380858981212
00bbac68_1566,12222.313939297637
00bbac68_1567,12222.286786275303
00bbac68_1568,12222.255813555286
00bbac68_1569,12222.284755274944
00bbac68_1570,12222.281747709863
00bbac68_1571,12222.28207619549
00bbac68_1572,12222.29200814967
00bbac68_1573,12222.292336635295
00bbac68_1574,12222.276389550954
00bbac68_1575,12222.273381985873
00bbac68_1576,12222.34991403016
00bbac68_1577,12222.424822810372
00bbac68_1578,12222.42181524529
00bbac68_1579,12222.422143730917
00bbac68_1580,12222.419136165836
00bbac68_1581,12222.419464651462
00bbac68_1582,12222.416457086381
00bbac68_1583,12222.416137492912
00bbac68_1584,12222.416465978538
00bbac68_1585,12222.414106492553
00bbac68_1586,12222.414434978178
00bbac68_1587,12222.414763463805
00bbac68_1588,12222.415091949431
00bbac68_1589,12222.41208438435
00bbac68_1590,12222.412412869977
00bbac68_1591,12222.412741355602
00bbac68_1592,12222.413069841228
00bbac68_1593,12222.413398326855
00bbac68_1594,12222.41372681248
00bbac68_1595,12222.414055298106
00bbac68_1596,12222.411047733025
00bbac68_1597,12222.508629476772
00bbac68_1598,12222.508957962396
00bbac68_1599,12222.509286448023
00bbac68_1600,12222.50961493365
00bbac68_1601,12222.509943419274
00bbac68_1602,12222.510271904901
00bbac68_1603,12222.513936441232
00bbac68_1604,12222.514264926858
00bbac68_1605,12222.514593412485
00bbac68_1606,12222.51492189811
00bbac68_1607,12222.52645632173
00bbac68_1608,12222.526784807356
00bbac68_1609,12222.527113292981
00bbac68_1610,12222.527441778608
00bbac68_1611,12222.527770264234
00bbac68_1612,12222.528098749859
00bbac68_1613,12222.51321493731
00bbac68_1614,12222.513543422934
00bbac68_1615,12222.51387190856
00bbac68_1616,12222.514200394187
00bbac68_1617,12222.529741177988
00bbac68_1618,12222.530069663615
00bbac68_1619,12222.53039814924
00bbac68_1620,12222.530726634866
00bbac68_1621,12222.531055120491
00bbac68_1622,12222.531383606118
00bbac68_1623,12222.531712091743
00bbac68_1624,12222.53204057737
00bbac68_1625,12222.532369062996
00bbac68_1626,12222.53269754862
00bbac68_1627,12222.533026034247
00bbac68_1628,12222.533354519874
00bbac68_1629,12222.533683005498
00bbac68_1630,12222.534011491125
00bbac68_1631,12222.531003926044
00bbac68_1632,12222.53133241167
00bbac68_1633,12222.531012818199
00bbac68_1634,12222.531989382922
00bbac68_1635,12222.532317868547
00bbac68_1636,12222.532646354173
00bbac68_1637,12222.5329748398
00bbac68_1638,12222.533303325425
00bbac68_1639,12222.533631811051
00bbac68_1640,12222.533960296678
00bbac68_1641,12222.534288782303
00bbac68_1642,12222.530633138125
00bbac68_1643,12222.530961623752
00bbac68_1644,12222.531290109378
00bbac68_1645,12222.5322666741
00bbac68_1646,12222.458014865138
00bbac68_1647,12222.458343350765
00bbac68_1648,12222.458023757294
00bbac68_1649,12222.45566427131
00bbac68_1650,12222.440570012357
00bbac68_1651,12222.444602881817
00bbac68_1652,12222.444126948561
00bbac68_1653,12222.490681185354
00bbac68_1654,12222.490361591885
00bbac68_1655,12222.487354026804
00bbac68_1656,12222.48768251243
00bbac68_1657,12222.488659077151
00bbac68_1658,12222.488987562778
00bbac68_1659,12222.489316048403
00bbac68_1660,12222.486308483323
00bbac68_1661,12222.486636968948
00bbac68_1662,12222.456756420463
00bbac68_1663,12222.457084906087
00bbac68_1664,12222.457413391714
00bbac68_1665,12222.528986121222
00bbac68_1666,12222.525820669418
00bbac68_1667,12222.526149155045
00bbac68_1668,12222.52647764067
00bbac68_1669,12222.52347007559
00bbac68_1670,12222.523798561217
00bbac68_1671,12222.524127046841
00bbac68_1672,12222.524455532468
00bbac68_1673,12222.510242029393
00bbac68_1674,12222.51057051502
00bbac68_1675,12222.510899000645
00bbac68_1676,12222.507891435565
00bbac68_1677,12222.507571842096
00bbac68_1678,12222.433320033133
00bbac68_1679,12222.43364851876
00bbac68_1680,12222.431289032775
00bbac68_1681,12222.4316175184
00bbac68_1682,12222.510020236043
00bbac68_1683,12222.507012670962
00bbac68_1684,12222.507341156588
00bbac68_1685,12222.507669642215
00bbac68_1686,12222.504662077134
00bbac68_1687,12222.50499056276
00bbac68_1688,12222.501825110958
00bbac68_1689,12222.498817545877
00bbac68_1690,12222.499146031501
00bbac68_1691,12222.499474517128
00bbac68_1692,12222.496466952047
00bbac68_1693,12222.508001375667
00bbac68_1694,12222.504993810588
00bbac68_1695,12222.505322296212
00bbac68_1696,12222.505650781839
00bbac68_1697,12222.502643216758
00bbac68_1698,12222.502971702384
00bbac68_1699,12222.484751839127
00bbac68_1700,12222.485080324754
00bbac68_1701,12222.497285057849
00bbac68_1702,12222.497613543475
00bbac68_1703,12222.494605978394
00bbac68_1704,12222.49493446402
00bbac68_1705,12222.49192689894
00bbac68_1706,12222.473707035682
00bbac68_1707,12222.474035521309
00bbac68_1708,12222.486240254406
00bbac68_1709,12222.483232689327
00bbac68_1710,12222.480225124244
00bbac68_1711,12222.48055360987
00bbac68_1712,12222.47754604479
00bbac68_1713,12222.47453847971
00bbac68_1714,12222.471530914629
00bbac68_1715,12222.46852334955
00bbac68_1716,12222.465515784468
00bbac68_1717,12222.462508219389
00bbac68_1718,12222.444288356131
00bbac68_1719,12222.456493089228
00bbac68_1720,12222.453485524147
00bbac68_1721,12222.450477959068
00bbac68_1722,12222.447470393987
00bbac68_1723,12222.444462828906
00bbac68_1724,12222.441455263826
00bbac68_1725,12222.43511164804
00bbac68_1726,12222.43210408296
00bbac68_1727,12222.429096517879
00bbac68_1728,12222.426088952798
00bbac68_1729,12222.41974533701
00bbac68_1730,12222.416737771931
00bbac68_1731,12222.410394156144
00bbac68_1732,12222.407386591065
00bbac68_1733,12222.404379025986
00bbac68_1734,12222.398035410199
00bbac68_1735,12222.379815546941
00bbac68_1736,12222.373471931154
00bbac68_1737,12222.370464366075
00bbac68_1738,12222.379333048464
00bbac68_1739,12222.372989432679
00bbac68_1740,12222.328456465453
00bbac68_1741,12222.322112849668
00bbac68_1742,12222.315769233881
00bbac68_1743,12222.313409747898
00bbac68_1744,12222.30706613211
00bbac68_1745,12222.300722516324
00bbac68_1746,12222.294378900537
00bbac68_1747,12222.213454990164
00bbac68_1748,12222.14384733498
00bbac68_1749,12222.18868106472
00bbac68_1750,12222.272340488096
00bbac68_1751,12222.310368132787
00bbac68_1752,12222.30053057957
00bbac68_1753,12222.294186963783
00bbac68_1754,12222.287843347996
00bbac68_1755,12222.281499732211
00bbac68_1756,12222.271820065718
00bbac68_1757,12222.265476449931
00bbac68_1758,12222.259132834144
00bbac68_1759,12222.252789218357
00bbac68_1760,12222.246445602574
00bbac68_1761,12222.236765936079
00bbac68_1762,12222.230422320292
00bbac68_1763,12222.224078704507
00bbac68_1764,12222.214399038014
00bbac68_1765,12222.208055422227
00bbac68_1766,12222.20171180644
00bbac68_1767,12222.194877998281
00bbac68_1768,12222.144811201115
00bbac68_1769,12222.135131534622
00bbac68_1770,12222.17315917931
00bbac68_1771,12222.163479512818
00bbac68_1772,12222.157135897032
00bbac68_1773,12222.147456230538
00bbac68_1774,12222.137776564046
00bbac68_1775,12222.13143294826
00bbac68_1776,12222.121753281766
00bbac68_1777,12222.108579677844
00bbac68_1778,12222.10223606206
00bbac68_1779,12222.092556395564
00bbac68_1780,12222.082876729073
00bbac68_1781,12222.057984764404
00bbac68_1782,12222.04830509791
00bbac68_1783,12222.038625431418
00bbac68_1784,12222.047494113807
00bbac68_1785,12222.037814447314
00bbac68_1786,12222.028134780823
00bbac68_1787,12222.018455114328
00bbac68_1788,12222.008775447837
00bbac68_1789,12221.995759730638
00bbac68_1790,12221.986080064144
00bbac68_1791,12221.976400397652
00bbac68_1792,12221.96672073116
00bbac68_1793,12221.957041064667
00bbac68_1794,12221.947361398174
00bbac68_1795,12221.93768173168
00bbac68_1796,12221.912789767011
00bbac68_1797,12221.899774049813
00bbac68_1798,12221.905306681496
00bbac68_1799,12221.895627015005
00bbac68_1800,12221.88594734851
00bbac68_1801,12221.876267682017
00bbac68_1802,12221.866588015526
00bbac68_1803,12221.856908349033
00bbac68_1804,12221.84722868254
00bbac68_1805,12221.834212965341
00bbac68_1806,12221.824533298848
00bbac68_1807,12221.814853632355
00bbac68_1808,12221.805173965862
00bbac68_1809,12221.79549429937
00bbac68_1810,12221.785814632876
00bbac68_1811,12221.776134966385
00bbac68_1812,12221.76645529989
00bbac68_1813,12221.7567756334
00bbac68_1814,12221.698271711153
00bbac68_1815,12221.688592044658
00bbac68_1816,12221.678912378167
00bbac68_1817,12221.53072171262
00bbac68_1818,12221.521042046126
00bbac68_1819,12221.511362379633
00bbac68_1820,12221.50168271314
00bbac68_1821,12221.492003046647
00bbac68_1822,12221.482323380154
00bbac68_1823,12221.472643713663
00bbac68_1824,12221.459627996463
00bbac68_1825,12221.44994832997
00bbac68_1826,12221.440268663478
00bbac68_1827,12221.430588996984
00bbac68_1828,12221.420909330493
00bbac68_1829,12221.411229664
00bbac68_1830,12221.401549997507
00bbac68_1831,12221.391870331014
00bbac68_1832,12221.366978366344
00bbac68_1833,12221.372510998028
00bbac68_1834,12221.362831331535
00bbac68_1835,12221.353151665044
00bbac68_1836,12221.343471998549
00bbac68_1837,12221.33045628135
00bbac68_1838,12221.320776614859
00bbac68_1839,12221.311096948366
00bbac68_1840,12221.289698921126
00bbac68_1841,12221.29523155281
00bbac68_1842,12221.282057948887
00bbac68_1843,12221.272378282394
00bbac68_1844,12221.262698615901
00bbac68_1845,12221.253018949408
00bbac68_1846,12221.243339282915
00bbac68_1847,12221.233659616422
00bbac68_1848,12221.22397994993
00bbac68_1849,12221.214300283436
00bbac68_1850,12221.204620616945
00bbac68_1851,12221.194940950452
00bbac68_1852,12221.185261283958
00bbac68_1853,12221.175581617466
00bbac68_1854,12221.150689652797
00bbac68_1855,12221.141009986304
00bbac68_1856,12221.146542617988
00bbac68_1857,12221.133526900789
00bbac68_1858,12221.123847234296
00bbac68_1859,12221.114167567803
00bbac68_1860,12221.089275603134
00bbac68_1861,12221.094808234819
00bbac68_1862,12221.085128568324
00bbac68_1863,12221.075448901833
00bbac68_1864,12221.06576923534
00bbac68_1865,12221.056089568847
00bbac68_1866,12221.031197604178
00bbac68_1867,12221.021517937685
00bbac68_1868,12221.027050569368
00bbac68_1869,12221.017370902875
00bbac68_1870,12221.007691236382
00bbac68_1871,12220.998011569889
00bbac68_1872,12220.973119605222
00bbac68_1873,12220.963439938729
00bbac68_1874,12220.968972570412
00bbac68_1875,12220.959292903919
00bbac68_1876,12220.949613237426
00bbac68_1877,12220.939933570933
00bbac68_1878,12220.93025390444
00bbac68_1879,12220.920574237947
00bbac68_1880,12220.910894571454
00bbac68_1881,12220.886002606785
00bbac68_1882,12220.876322940294
00bbac68_1883,12220.842250766187
00bbac68_1884,12220.825950154318
00bbac68_1885,12221.192178022897
00bbac68_1886,12221.164892386494
00bbac68_1887,12221.155212720001
00bbac68_1888,12221.160745351683
00bbac68_1889,12221.10035358456
00bbac68_1890,12221.075461619888
00bbac68_1891,12221.131706352204
00bbac68_1892,12221.125520623144
00bbac68_1893,12221.115840956649
00bbac68_1894,12221.094285042687
00bbac68_1895,12221.030399338131
00bbac68_1896,12221.035931969815
00bbac68_1897,12221.026252303322
00bbac68_1898,12221.016572636829
00bbac68_1899,12221.006892970338
00bbac68_1900,12220.997213303843
00bbac68_1901,12220.987533637352
00bbac68_1902,12220.981190021565
00bbac68_1903,12221.022222455704
00bbac68_1904,12221.01254278921
00bbac68_1905,12221.002863122718
00bbac68_1906,12220.97797115805
00bbac68_1907,12220.968291491557
00bbac68_1908,12220.911235775136
00bbac68_1909,12220.916768406822
00bbac68_1910,12220.910582677758
00bbac68_1911,12220.906595772327
00bbac68_1912,12220.938756696632
00bbac68_1913,12220.92907703014
00bbac68_1914,12220.919397363647
00bbac68_1915,12220.91036577625
00bbac68_1916,12220.904022160465
00bbac68_1917,12220.819762199386
00bbac68_1918,12220.733878974233
00bbac68_1919,12220.688363656955
00bbac68_1920,12220.717855691953
00bbac68_1921,12220.858959878708
00bbac68_1922,12220.896987523396
00bbac68_1923,12220.883813919474
00bbac68_1924,12220.87413425298
00bbac68_1925,12220.867790637196
00bbac68_1926,12220.858110970701
00bbac68_1927,12220.851767354914
00bbac68_1928,12220.842087688423
00bbac68_1929,12220.832408021928
00bbac68_1930,12220.826064406143
00bbac68_1931,12220.81638473965
00bbac68_1932,12220.810041123863
00bbac68_1933,12220.80036145737
00bbac68_1934,12220.794017841585
00bbac68_1935,12220.784338175092
00bbac68_1936,12220.777994559305
00bbac68_1937,12220.768314892812
00bbac68_1938,12220.761971277025
00bbac68_1939,12220.752291610532
00bbac68_1940,12220.745947994747
00bbac68_1941,12220.736268328254
00bbac68_1942,12220.729924712467
00bbac68_1943,12220.7050327478
00bbac68_1944,12220.713901430187
00bbac68_1945,12220.704221763695
00bbac68_1946,12220.697878147908
00bbac68_1947,12220.691534532121
00bbac68_1948,12220.681854865628
00bbac68_1949,12220.765728271024
00bbac68_1950,12220.75604860453
00bbac68_1951,12220.749704988744
00bbac68_1952,12220.743361372957
00bbac68_1953,12220.733681706464
00bbac68_1954,12220.727338090677
00bbac68_1955,12220.720994474892
00bbac68_1956,12220.711314808399
00bbac68_1957,12220.704971192612
00bbac68_1958,12220.698627576825
00bbac68_1959,12220.688947910334
00bbac68_1960,12220.682604294547
00bbac68_1961,12220.67626067876
00bbac68_1962,12220.669917062973
00bbac68_1963,12220.660237396482
00bbac68_1964,12220.653893780694
00bbac68_1965,12220.647550164907
00bbac68_1966,12220.706639610831
00bbac68_1967,12220.69695994434
00bbac68_1968,12220.690616328553
00bbac68_1969,12220.684272712766
00bbac68_1970,12220.677929096979
00bbac68_1971,12220.671585481192
00bbac68_1972,12220.6619058147
00bbac68_1973,12220.655562198914
00bbac68_1974,12220.649218583127
00bbac68_1975,12220.64287496734
00bbac68_1976,12220.621319053378
00bbac68_1977,12220.614975437591
00bbac68_1978,12220.612125759235
00bbac68_1979,12220.698802910349
00bbac68_1980,12220.689123243857
00bbac68_1981,12220.694497988816
00bbac68_1982,12220.688154373029
00bbac68_1983,12220.681810757242
00bbac68_1984,12220.675467141456
00bbac68_1985,12220.672617463099
00bbac68_1986,12220.666273847311
00bbac68_1987,12220.64122399592
00bbac68_1988,12220.634880380134
00bbac68_1989,12220.643749062521
00bbac68_1990,12220.637405446736
00bbac68_1991,12220.63106183095
00bbac68_1992,12220.624718215164
00bbac68_1993,12220.61503854867
00bbac68_1994,12220.608694932884
00bbac68_1995,12220.602351317097
00bbac68_1996,12220.596007701311
00bbac68_1997,12220.589664085524
00bbac68_1998,12220.568108171561
00bbac68_1999,12220.561764555776
00bbac68_2000,12220.555420939989
00bbac68_2001,12220.564289622376
00bbac68_2002,12220.557946006591
00bbac68_2003,12220.536390092628
00bbac68_2004,12220.545258775019
00bbac68_2005,12220.538915159232
00bbac68_2006,12220.529235492739
00bbac68_2007,12220.522891876952
00bbac68_2008,12220.516548261166
00bbac68_2009,12220.51020464538
00bbac68_2010,12220.503861029592
00bbac68_2011,12220.48230511563
00bbac68_2012,12220.491173798018
00bbac68_2013,12220.484830182233
00bbac68_2014,12220.478486566446
00bbac68_2015,12220.47214295066
00bbac68_2016,12219.817167860074
00bbac68_2017,12219.810824244287
00bbac68_2018,12219.8044806285
00bbac68_2019,12220.061902883645
00bbac68_2020,12220.032267025937
00bbac68_2021,12220.06727380858
00bbac68_2022,12220.016558932317
00bbac68_2023,12220.010215316532
00bbac68_2024,12219.929291406159
00bbac68_2025,12219.923595869468
00bbac68_2026,12219.976620250092
00bbac68_2027,12219.970276634307
00bbac68_2028,12219.979145316694
00bbac68_2029,12219.957589402733
00bbac68_2030,12219.951245786946
00bbac68_2031,12219.944902171159
00bbac68_2032,12219.950434802842
00bbac68_2033,12219.944091187055
00bbac68_2034,12219.978624894315
00bbac68_2035,12219.97228127853
00bbac68_2036,12219.965937662742
00bbac68_2037,12219.959594046955
00bbac68_2038,12219.953250431168
00bbac68_2039,12219.946906815381
00bbac68_2040,12219.925350901422
00bbac68_2041,12219.919007285635
00bbac68_2042,12219.91266366985
00bbac68_2043,12219.921532352237
00bbac68_2044,12219.91518873645
00bbac68_2045,12219.905509069957
00bbac68_2046,12219.89916545417
00bbac68_2047,12219.892821838384
00bbac68_2048,12219.886478222597
00bbac68_2049,12219.88013460681
00bbac68_2050,12219.873790991023
00bbac68_2051,12219.867447375236
00bbac68_2052,12219.861103759451
00bbac68_2053,12219.854760143664
00bbac68_2054,12219.848416527879
00bbac68_2055,12219.842072912092
00bbac68_2056,12219.835729296305
00bbac68_2057,12219.829385680518
00bbac68_2058,12219.819706014025
00bbac68_2059,12219.81336239824
00bbac68_2060,12219.807018782452
00bbac68_2061,12219.800675166665
00bbac68_2062,12219.794331550878
00bbac68_2063,12219.787987935091
00bbac68_2064,12219.781644319306
00bbac68_2065,12219.775300703519
00bbac68_2066,12219.768957087734
00bbac68_2067,12219.762613471947
00bbac68_2068,12219.75626985616
00bbac68_2069,12219.749926240373
00bbac68_2070,12219.650561857688
00bbac68_2071,12218.75924896536
00bbac68_2072,12218.752905349571
00bbac68_2073,12218.74591365469
00bbac68_2074,12218.739570038902
00bbac68_2075,12218.733874502213
00bbac68_2076,12218.727530886426
00bbac68_2077,12218.72118727064
00bbac68_2078,12218.714843654852
00bbac68_2079,12218.708500039065
00bbac68_2080,12218.609135656381
00bbac68_2081,12218.602792040594
00bbac68_2082,12218.593112374101
00bbac68_2083,12218.586768758316
00bbac68_2084,12218.580425142529
00bbac68_2085,12218.574081526742
00bbac68_2086,12218.567737910955
00bbac68_2087,12218.561394295168
00bbac68_2088,12218.555050679382
00bbac68_2089,12218.548707063595
00bbac68_2090,12218.539027397102
00bbac68_2091,12218.532683781315
00bbac68_2092,12218.52634016553
00bbac68_2093,12218.519996549743
00bbac68_2094,12218.62458566122
00bbac68_2095,12219.31325200286
00bbac68_2096,12219.306908387072
00bbac68_2097,12219.300564771285
00bbac68_2098,12219.294221155498
00bbac68_2099,12219.287877539711
00bbac68_2100,12219.27819787322
00bbac68_2101,12219.271854257433
00bbac68_2102,12219.265510641646
00bbac68_2103,12219.259167025859
00bbac68_2104,12219.249487359368
00bbac68_2105,12219.24314374358
00bbac68_2106,12219.236800127794
00bbac68_2107,12219.230456512007
00bbac68_2108,12219.220776845514
00bbac68_2109,12219.214433229728
00bbac68_2110,12219.208089613941
00bbac68_2111,12219.198409947448
00bbac68_2112,12219.192066331661
00bbac68_2113,12219.185722715876
00bbac68_2114,12219.176043049381
00bbac68_2115,12219.169699433596
00bbac68_2116,12219.16335581781
00bbac68_2117,12219.153676151316
00bbac68_2118,12219.14733253553
00bbac68_2119,12219.140988919744
00bbac68_2120,12219.131309253251
00bbac68_2121,12219.124965637464
00bbac68_2122,12219.118622021677
00bbac68_2123,12219.108942355186
00bbac68_2124,12219.102598739399
00bbac68_2125,12219.092919072906
00bbac68_2126,12219.086575457119
00bbac68_2127,12219.080231841333
00bbac68_2128,12219.070552174839
00bbac68_2129,12219.064208559052
00bbac68_2130,12219.05452889256
00bbac68_2131,12219.048185276773
00bbac68_2132,12219.03850561028
00bbac68_2133,12219.032161994495
00bbac68_2134,12219.025818378708
00bbac68_2135,12219.016138712215
00bbac68_2136,12219.009795096428
00bbac68_2137,12219.000115429935
00bbac68_2138,12218.993771814148
00bbac68_2139,12218.984092147655
00bbac68_2140,12218.97774853187
00bbac68_2141,12218.968068865377
00bbac68_2142,12218.96172524959
00bbac68_2143,12218.952045583097
00bbac68_2144,12218.94570196731
00bbac68_2145,12218.936022300819
00bbac68_2146,12218.929678685032
00bbac68_2147,12218.919999018539
00bbac68_2148,12218.913655402752
00bbac68_2149,12218.903975736259
00bbac68_2150,12218.894296069768
00bbac68_2151,12218.88795245398
00bbac68_2152,12218.878272787488
00bbac68_2153,12218.8719291717
00bbac68_2154,12218.862249505208
00bbac68_2155,12218.852569838717
00bbac68_2156,12218.84622622293
00bbac68_2157,12218.911009562886
00bbac68_2158,12218.9046659471
00bbac68_2159,12218.894986280608
00bbac68_2160,12218.885306614115
00bbac68_2161,12218.878962998328
00bbac68_2162,12218.869283331835
00bbac68_2163,12218.86293971605
00bbac68_2164,12218.853260049556
00bbac68_2165,12218.921388851788
00bbac68_2166,12218.915045236
00bbac68_2167,12218.920577867684
00bbac68_2168,12218.910898201191
00bbac68_2169,12218.904554585406
00bbac68_2170,12218.894874918913
00bbac68_2171,12218.88519525242
00bbac68_2172,12218.875515585927
00bbac68_2173,12218.869171970142
00bbac68_2174,12218.859492303647
00bbac68_2175,12218.849812637156
00bbac68_2176,12218.843469021369
00bbac68_2177,12218.833789354874
00bbac68_2178,12218.824109688383
00bbac68_2179,12218.81443002189
00bbac68_2180,12218.808086406103
00bbac68_2181,12218.79840673961
00bbac68_2182,12218.788727073119
00bbac68_2183,12218.782383457332
00bbac68_2184,12218.772703790839
00bbac68_2185,12218.763024124346
00bbac68_2186,12218.753344457853
00bbac68_2187,12218.747000842066
00bbac68_2188,12218.737321175573
00bbac68_2189,12218.727641509082
00bbac68_2190,12218.717961842587
00bbac68_2191,12218.714464085135
00bbac68_2192,12218.49281209668
00bbac68_2193,12218.561782858755
00bbac68_2194,12218.552751271358
00bbac68_2195,12218.667782965891
00bbac68_2196,12218.6581032994
00bbac68_2197,12218.585549730024
00bbac68_2198,12218.57587006353
00bbac68_2199,12218.621070797273
00bbac68_2200,12218.590860234242
00bbac68_2201,12218.659266768807
00bbac68_2202,12218.649587102314
00bbac68_2203,12218.639907435821
00bbac68_2204,12218.633563820036
00bbac68_2205,12218.623884153543
00bbac68_2206,12218.61420448705
00bbac68_2207,12218.603876741461
00bbac68_2208,12218.594197074968
00bbac68_2209,12218.588501538277
00bbac68_2210,12218.578821871786
00bbac68_2211,12218.569142205291
00bbac68_2212,12218.5594625388
00bbac68_2213,12218.549782872306
00bbac68_2214,12218.540103205814
00bbac68_2215,12218.533759590027
00bbac68_2216,12218.355830782952
00bbac68_2217,12218.2699475578
00bbac68_2218,12218.27320741057
00bbac68_2219,12218.327439862569
00bbac68_2220,12218.317760196078
00bbac68_2221,12218.235213021631
00bbac68_2222,12218.225533355138
00bbac68_2223,12218.215853688645
00bbac68_2224,12218.206174022152
00bbac68_2225,12218.272697914319
00bbac68_2226,12218.337598542412
00bbac68_2227,12218.372290136394
00bbac68_2228,12218.36245258318
00bbac68_2229,12218.352772916687
00bbac68_2230,12218.343093250194
00bbac68_2231,12218.333413583701
00bbac68_2232,12218.323733917208
00bbac68_2233,12218.29884195254
00bbac68_2234,12218.289162286048
00bbac68_2235,12218.279482619555
00bbac68_2236,12218.27313900377
00bbac68_2237,12218.278671635451
00bbac68_2238,12218.268991968958
00bbac68_2239,12218.259312302465
00bbac68_2240,12218.249632635972
00bbac68_2241,12218.317761438204
00bbac68_2242,12218.308081771711
00bbac68_2243,12218.298402105218
00bbac68_2244,12218.288722438725
00bbac68_2245,12218.29425507041
00bbac68_2246,12218.284575403915
00bbac68_2247,12218.181874970523
00bbac68_2248,12218.175531354736
00bbac68_2249,12218.165851688243
00bbac68_2250,12218.15617202175
00bbac68_2251,12218.146492355258
00bbac68_2252,12218.136812688765
00bbac68_2253,12218.127133022273
00bbac68_2254,12218.108701356838
00bbac68_2255,12218.066248287145
00bbac68_2256,12218.05656862065
00bbac68_2257,12218.047537033255
00bbac68_2258,12218.086842857632
00bbac68_2259,12218.139170505048
00bbac68_2260,12218.129490838555
00bbac68_2261,12218.119811172062
00bbac68_2262,12218.116752450946
00bbac68_2263,12218.131465292066
00bbac68_2264,12218.121785625575
00bbac68_2265,12218.087713451467
00bbac68_2266,12218.083900505357
00bbac68_2267,12218.044407308415
00bbac68_2268,12218.034727641922
00bbac68_2269,12218.000655467815
00bbac68_2270,12217.984354855946
00bbac68_2271,12217.974675189453
00bbac68_2272,12217.964995522962
00bbac68_2273,12217.955315856467
00bbac68_2274,12217.945636189976
00bbac68_2275,12217.966969976473
00bbac68_2276,12217.93162528511
00bbac68_2277,12217.921945618617
00bbac68_2278,12217.866040200957
00bbac68_2279,12217.862981479842
00bbac68_2280,12217.874358270257
00bbac68_2281,12217.864678603764
00bbac68_2282,12217.854998937271
00bbac68_2283,12217.713590972613
00bbac68_2284,12217.70391130612
00bbac68_2285,12217.694231639627
00bbac68_2286,12217.725587182904
00bbac68_2287,12217.712413578982
00bbac68_2288,12217.70273391249
00bbac68_2289,12217.693054245996
00bbac68_2290,12217.683374579505
00bbac68_2291,12217.670358862306
00bbac68_2292,12217.660679195813
00bbac68_2293,12217.65099952932
00bbac68_2294,12217.641319862827
00bbac68_2295,12217.628304145628
00bbac68_2296,12217.618624479135
00bbac68_2297,12217.608944812642
00bbac68_2298,12217.595929095443
00bbac68_2299,12217.561856921337
00bbac68_2300,12217.54555630947
00bbac68_2301,12217.532540592269
00bbac68_2302,12217.522860925776
00bbac68_2303,12217.494139402028
00bbac68_2304,12217.512137137819
00bbac68_2305,12217.502457471328
00bbac68_2306,12217.496271742264
00bbac68_2307,12217.697505239797
00bbac68_2308,12217.488788656749
00bbac68_2309,12217.431401679074
00bbac68_2310,12217.42172201258
00bbac68_2311,12217.430436124247
00bbac68_2312,12217.417420407048
00bbac68_2313,12217.407740740553
00bbac68_2314,12217.320144728768
00bbac68_2315,12217.235045203352
00bbac68_2316,12217.22202948615
00bbac68_2317,12217.21234981966
00bbac68_2318,12217.199982181557
00bbac68_2319,12217.211913172581
00bbac68_2320,12217.198897455384
00bbac68_2321,12217.174005490715
00bbac68_2322,12217.270323714427
00bbac68_2323,12217.387035393567
00bbac68_2324,12217.398412183982
00bbac68_2325,12217.400608764958
00bbac68_2326,12217.390929098465
00bbac68_2327,12217.377913381266
00bbac68_2328,12217.367585635675
00bbac68_2329,12217.405282019112
00bbac68_2330,12217.430770842007
00bbac68_2331,12217.421091175514
00bbac68_2332,12217.318720498248
00bbac68_2333,12217.248260017672
00bbac68_2334,12217.180860300807
00bbac68_2335,12217.207016285098
00bbac68_2336,12217.258117432688
00bbac68_2337,12217.260524460067
00bbac68_2338,12217.33730133563
00bbac68_2339,12217.32428561843
00bbac68_2340,12217.314605951939
00bbac68_2341,12217.342467557784
00bbac68_2342,12217.329451840587
00bbac68_2343,12217.319772174094
00bbac68_2344,12217.213735689995
00bbac68_2345,12217.200719972796
00bbac68_2346,12217.187704255595
00bbac68_2347,12217.174688538398
00bbac68_2348,12217.165008871903
00bbac68_2349,12217.151993154705
00bbac68_2350,12217.138977437506
00bbac68_2351,12217.125961720307
00bbac68_2352,12217.112946003108
00bbac68_2353,12217.103266336615
00bbac68_2354,12217.090250619416
00bbac68_2355,12217.062022604043
00bbac68_2356,12217.049006886844
00bbac68_2357,12217.035991169645
00bbac68_2358,12217.03818775062
00bbac68_2359,12217.025172033422
00bbac68_2360,12217.012156316223
00bbac68_2361,12216.999140599022
00bbac68_2362,12216.989460932531
00bbac68_2363,12216.976445215332
00bbac68_2364,12216.963429498133
00bbac68_2365,12217.043434547835
00bbac68_2366,12217.030418830636
00bbac68_2367,12217.017403113437
00bbac68_2368,12217.004387396239
00bbac68_2369,12216.991371679038
00bbac68_2370,12216.97835596184
00bbac68_2371,12216.96534024464
00bbac68_2372,12216.955660578147
00bbac68_2373,12216.942644860948
00bbac68_2374,12216.92962914375
00bbac68_2375,12216.901401128374
00bbac68_2376,12216.888385411175
00bbac68_2377,12216.890581992153
00bbac68_2378,12216.877566274954
00bbac68_2379,12216.864550557755
00bbac68_2380,12216.854870891262
00bbac68_2381,12216.803350633969
00bbac68_2382,12216.79033491677
00bbac68_2383,12216.777319199571
00bbac68_2384,12216.76430348237
00bbac68_2385,12216.751287765172
00bbac68_2386,12216.776776588069
00bbac68_2387,12216.763760870868
00bbac68_2388,12216.754081204377
00bbac68_2389,12216.725853189
00bbac68_2390,12216.712837471801
00bbac68_2391,12216.71503405278
00bbac68_2392,12216.702018335582
00bbac68_2393,12216.63528578011
00bbac68_2394,12216.640818411794
00bbac68_2395,12216.627802694595
00bbac68_2396,12216.614786977396
00bbac68_2397,12216.601771260197
00bbac68_2398,12216.588755542998
00bbac68_2399,12216.5757398258
00bbac68_2400,12216.308939270406
00bbac68_2401,12216.299259603913
00bbac68_2402,12216.286243886714
00bbac68_2403,12216.273228169515
00bbac68_2404,12216.298716992409
00bbac68_2405,12216.28570127521
00bbac68_2406,12216.272685558011
00bbac68_2407,12216.263005891518
00bbac68_2408,12216.24999017432
00bbac68_2409,12216.23697445712
00bbac68_2410,12216.226804598256
00bbac68_2411,12216.169417620582
00bbac68_2412,12216.081821608794
00bbac68_2413,12216.072790021397
00bbac68_2414,12216.11914230061
00bbac68_2415,12216.07511313042
00bbac68_2416,12216.062097413222
00bbac68_2417,12216.080095149013
00bbac68_2418,12216.070415482522
00bbac68_2419,12216.057399765321
00bbac68_2420,12216.058948267204
00bbac68_2421,12216.045932550003
00bbac68_2422,12216.032916832804
00bbac68_2423,12216.023885245408
00bbac68_2424,12216.010869528209
00bbac68_2425,12215.59141777173
00bbac68_2426,12215.581404043842
00bbac68_2427,12215.568388326643
00bbac68_2428,12215.534316152536
00bbac68_2429,12215.545692942951
00bbac68_2430,12215.529675236441
00bbac68_2431,12215.516659519242
00bbac68_2432,12215.551017051828
00bbac68_2433,12215.537843447908
00bbac68_2434,12215.521825741398
00bbac68_2435,12215.511812013508
00bbac68_2436,12215.474403788698
00bbac68_2437,12215.48578057911
00bbac68_2438,12215.47610091262
00bbac68_2439,12215.46308519542
00bbac68_2440,12215.447067488909
00bbac68_2441,12215.43405177171
00bbac68_2442,12216.098809451145
00bbac68_2443,12216.085793733946
00bbac68_2444,12216.072778016745
00bbac68_2445,12216.059762299548
00bbac68_2446,12216.052928491386
00bbac68_2447,12215.995541513712
00bbac68_2448,12215.982525796513
00bbac68_2449,12215.969510079314
00bbac68_2450,12215.792877430431
00bbac68_2451,12215.779861713232
00bbac68_2452,12215.766845996033
00bbac68_2453,12215.846851045733
00bbac68_2454,12215.833835328534
00bbac68_2455,12215.824155662041
00bbac68_2456,12215.888722228741
00bbac68_2457,12215.851314003929
00bbac68_2458,12215.83829828673
00bbac68_2459,12215.897382388326
00bbac68_2460,12215.880872733696
00bbac68_2461,12215.867857016498
00bbac68_2462,12215.816336759206
00bbac68_2463,12215.803321042007
00bbac68_2464,12215.793641375514
00bbac68_2465,12215.780625658314
00bbac68_2466,12215.781721973595
00bbac68_2467,12215.730201716304
00bbac68_2468,12215.717185999103
00bbac68_2469,12215.707506332612
00bbac68_2470,12215.668171022393
00bbac68_2471,12215.655155305194
00bbac68_2472,12215.639137598682
00bbac68_2473,12215.626121881483
00bbac68_2474,12215.613106164285
00bbac68_2475,12215.606428487104
00bbac68_2476,12215.593412769904
00bbac68_2477,12215.92996683568
00bbac68_2478,12215.892558610867
00bbac68_2479,12215.879542893668
00bbac68_2480,12215.8700211139
00bbac68_2481,12215.881397904315
00bbac68_2482,12215.864888249685
00bbac68_2483,12215.851872532487
00bbac68_2484,12215.842192865994
00bbac68_2485,12215.829177148795
00bbac68_2486,12215.816161431596
00bbac68_2487,12215.803145714397
00bbac68_2488,12215.790129997198
00bbac68_2489,12215.777114279997
00bbac68_2490,12215.7640985628
00bbac68_2491,12215.7510828456
00bbac68_2492,12215.7380671284
00bbac68_2493,12215.700658903588
00bbac68_2494,12215.709033704694
00bbac68_2495,12215.696017987495
00bbac68_2496,12215.683002270296
00bbac68_2497,12215.669986553097
00bbac68_2498,12215.525242537733
00bbac68_2499,12215.512226820534
00bbac68_2500,12215.499211103335
00bbac68_2501,12215.486195386136
00bbac68_2502,12215.473179668938
00bbac68_2503,12215.460163951739
00bbac68_2504,12215.44714823454
00bbac68_2505,12215.434132517341
00bbac68_2506,12215.42111680014
00bbac68_2507,12215.408101082943
00bbac68_2508,12215.395085365744
00bbac68_2509,12215.513797946709
00bbac68_2510,12215.50378421882
00bbac68_2511,12215.490768501622
00bbac68_2512,12215.474750795112
00bbac68_2513,12215.461735077914
00bbac68_2514,12215.451721350024
00bbac68_2515,12215.435703643516
00bbac68_2516,12215.422687926315
00bbac68_2517,12215.412674198427
00bbac68_2518,12215.399658481228
00bbac68_2519,12215.793616470692
00bbac68_2520,12215.780600753493
00bbac68_2521,12215.764583046985
00bbac68_2522,12215.751567329784
00bbac68_2523,12215.73521556188
00bbac68_2524,12215.72219984468
00bbac68_2525,12215.712186116793
00bbac68_2526,12215.696168410283
00bbac68_2527,12215.685998551417
00bbac68_2528,12215.673630913314
00bbac68_2529,12215.660615196113
00bbac68_2530,12215.647599478916
00bbac68_2531,12215.631089824288
00bbac68_2532,12215.618231993813
00bbac68_2533,12215.605216276612
00bbac68_2534,12215.592200559413
00bbac68_2535,12215.575690904785
00bbac68_2536,12215.562675187586
00bbac68_2537,12215.549659470387
00bbac68_2538,12215.584019803116
00bbac68_2539,12215.571004085916
00bbac68_2540,12215.596492908811
00bbac68_2541,12215.583477191612
00bbac68_2542,12215.570461474414
00bbac68_2543,12215.557445757215
00bbac68_2544,12215.541093989312
00bbac68_2545,12215.528078272111
00bbac68_2546,12215.515062554912
00bbac68_2547,12215.502046837713
00bbac68_2548,12215.485695069809
00bbac68_2549,12215.47267935261
00bbac68_2550,12215.45966363541
00bbac68_2551,12215.446647918212
00bbac68_2552,12215.433632201011
00bbac68_2553,12215.417280433106
00bbac68_2554,12215.404264715908
00bbac68_2555,12215.394094857042
00bbac68_2556,12215.09581640453
00bbac68_2557,12214.988141482592
00bbac68_2558,12214.954849912303
00bbac68_2559,12214.941834195104
00bbac68_2560,12214.928818477903
00bbac68_2561,12214.91246671
00bbac68_2562,12214.8994509928
00bbac68_2563,12214.8864352756
00bbac68_2564,12214.873419558402
00bbac68_2565,12214.857067790497
00bbac68_2566,12215.104169867454
00bbac68_2567,12215.132031473302
00bbac68_2568,12215.119015756103
00bbac68_2569,12215.102663988197
00bbac68_2570,12215.089648270998
00bbac68_2571,12215.076632553799
00bbac68_2572,12215.0636168366
00bbac68_2573,12215.047265068695
00bbac68_2574,12215.034249351496
00bbac68_2575,12215.021233634297
00bbac68_2576,12215.008217917097
00bbac68_2577,12214.991866149194
00bbac68_2578,12214.978850431995
00bbac68_2579,12214.965834714794
00bbac68_2580,12214.952818997597
00bbac68_2581,12214.93646722969
00bbac68_2582,12214.923451512492
00bbac68_2583,12214.910435795293
00bbac68_2584,12214.8970860167
00bbac68_2585,12215.292118702211
00bbac68_2586,12215.2761009957
00bbac68_2587,12215.2630852785
00bbac68_2588,12215.246733510596
00bbac68_2589,12215.233717793397
00bbac68_2590,12215.220702076198
00bbac68_2591,12215.204350308293
00bbac68_2592,12215.191334591094
00bbac68_2593,12215.178318873895
00bbac68_2594,12215.164969095302
00bbac68_2595,12215.151953378103
00bbac68_2596,12215.135935671591
00bbac68_2597,12215.125921943703
00bbac68_2598,12215.10656818649
00bbac68_2599,12215.093552469289
00bbac68_2600,12215.08053675209
00bbac68_2601,12215.064184984185
00bbac68_2602,12215.051169266986
00bbac68_2603,12215.038153549787
00bbac68_2604,12215.02180178188
00bbac68_2605,12215.008786064682
00bbac68_2606,12215.088791114382
00bbac68_2607,12215.072439346477
00bbac68_2608,12215.059423629278
00bbac68_2609,12215.04640791208
00bbac68_2610,12215.030056144175
00bbac68_2611,12215.017040426974
00bbac68_2612,12215.004024709775
00bbac68_2613,12214.98767294187
00bbac68_2614,12214.974657224671
00bbac68_2615,12215.034945801724
00bbac68_2616,12215.015592044509
00bbac68_2617,12215.002576327308
00bbac68_2618,12214.98956061011
00bbac68_2619,12214.973208842206
00bbac68_2620,12214.963687062434
00bbac68_2621,12214.953673334547
00bbac68_2622,12214.930825639902
00bbac68_2623,12214.917809922703
00bbac68_2624,12214.904794205504
00bbac68_2625,12214.8884424376
00bbac68_2626,12214.878428709711
00bbac68_2627,12214.865412992513
00bbac68_2628,12214.846059235297
00bbac68_2629,12214.833043518098
00bbac68_2630,12214.820027800897
00bbac68_2631,12214.803676032992
00bbac68_2632,12214.790660315794
00bbac68_2633,12214.777644598595
00bbac68_2634,12214.761292830688
00bbac68_2635,12214.74827711349
00bbac68_2636,12214.731925345584
00bbac68_2637,12214.721911617697
00bbac68_2638,12214.708895900498
00bbac68_2639,12214.689542143282
00bbac68_2640,12214.676526426083
00bbac68_2641,12214.663510708884
00bbac68_2642,12214.647158940978
00bbac68_2643,12214.63414322378
00bbac68_2644,12214.617791455874
00bbac68_2645,12214.604775738675
00bbac68_2646,12214.591760021478
00bbac68_2647,12214.575408253571
00bbac68_2648,12214.665914578467
00bbac68_2649,12214.65305674799
00bbac68_2650,12214.637039041483
00bbac68_2651,12214.620687273577
00bbac68_2652,12214.60767155638
00bbac68_2653,12214.587825851044
00bbac68_2654,12214.574810133845
00bbac68_2655,12214.55845836594
00bbac68_2656,12214.545442648741
00bbac68_2657,12214.529090880835
00bbac68_2658,12214.51273911293
00bbac68_2659,12214.499723395731
00bbac68_2660,12214.483371627826
00bbac68_2661,12214.470355910627
00bbac68_2662,12214.45400414272
00bbac68_2663,12214.437652374816
00bbac68_2664,12214.424636657617
00bbac68_2665,12214.408284889712
00bbac68_2666,12214.391933121808
00bbac68_2667,12214.378917404609
00bbac68_2668,12214.362565636704
00bbac68_2669,12214.346213868797
00bbac68_2670,12214.333198151598
00bbac68_2671,12214.316846383694
00bbac68_2672,12214.300494615789
00bbac68_2673,12214.284142847882
00bbac68_2674,12214.267791079978
00bbac68_2675,12214.257777352088
00bbac68_2676,12214.736777402302
00bbac68_2677,12214.720425634398
00bbac68_2678,12214.61105309959
00bbac68_2679,12214.594701331687
00bbac68_2680,12214.57834956378
00bbac68_2681,12214.565333846582
00bbac68_2682,12214.548982078677
00bbac68_2683,12214.532630310772
00bbac68_2684,12214.516278542866
00bbac68_2685,12214.49992677496
00bbac68_2686,12214.483575007056
00bbac68_2687,12214.46722323915
00bbac68_2688,12214.450871471245
00bbac68_2689,12214.43451970334
00bbac68_2690,12214.418167935435
00bbac68_2691,12214.404818156841
00bbac68_2692,12214.962712362463
00bbac68_2693,12214.94335860525
00bbac68_2694,12214.927006837344
00bbac68_2695,12215.003675836339
00bbac68_2696,12214.987324068432
00bbac68_2697,12214.970972300527
00bbac68_2698,12214.954620532622
00bbac68_2699,12214.845247997819
00bbac68_2700,12214.828896229912
00bbac68_2701,12214.809208411301
00bbac68_2702,12214.792856643397
00bbac68_2703,12214.776504875492
00bbac68_2704,12214.760153107585
00bbac68_2705,12214.74380133968
00bbac68_2706,12214.72680149268
00bbac68_2707,12214.707761753165
00bbac68_2708,12214.691409985258
00bbac68_2709,12214.675058217354
00bbac68_2710,12214.658706449449
00bbac68_2711,12214.642020620146
00bbac68_2712,12214.62916278967
00bbac68_2713,12214.609809032456
00bbac68_2714,12214.59345726455
00bbac68_2715,12214.573769445939
00bbac68_2716,12214.557417678034
00bbac68_2717,12214.515249392422
00bbac68_2718,12214.49556157381
00bbac68_2719,12214.479209805904
00bbac68_2720,12214.459521987294
00bbac68_2721,12214.443170219387
00bbac68_2722,12214.426818451482
00bbac68_2723,12214.40713063287
00bbac68_2724,12214.390778864967
00bbac68_2725,12214.371091046354
00bbac68_2726,12214.35473927845
00bbac68_2727,12214.338387510545
00bbac68_2728,12214.318699691932
00bbac68_2729,12214.302347924027
00bbac68_2730,12214.285662094728
00bbac68_2731,12214.269310326821
00bbac68_2732,12214.2466205189
00bbac68_2733,12214.226932700289
00bbac68_2734,12214.210580932382
00bbac68_2735,12214.190893113771
00bbac68_2736,12214.178035283296
00bbac68_2737,12214.158347464683
00bbac68_2738,12214.141995696778
00bbac68_2739,12214.122307878168
00bbac68_2740,12214.099126122126
00bbac68_2741,12214.082774354221
00bbac68_2742,12214.06308653561
00bbac68_2743,12214.046734767704
00bbac68_2744,12214.027046949093
00bbac68_2745,12214.007359130483
00bbac68_2746,12213.991007362576
00bbac68_2747,12213.971319543965
00bbac68_2748,12214.160059074373
00bbac68_2749,12213.989587402513
00bbac68_2750,12213.860565642992
00bbac68_2751,12213.844213875087
00bbac68_2752,12213.824526056474
00bbac68_2753,12213.80817428857
00bbac68_2754,12213.788486469959
00bbac68_2755,12213.769446730443
00bbac68_2756,12213.753094962538
00bbac68_2757,12213.733407143925
00bbac68_2758,12213.71705537602
00bbac68_2759,12213.69736755741
00bbac68_2760,12213.6776797388
00bbac68_2761,12213.660679891796
00bbac68_2762,12213.66191600537
00bbac68_2763,12213.810825883947
00bbac68_2764,12213.865718359924
00bbac68_2765,12213.846030541312
00bbac68_2766,12213.829678773407
00bbac68_2767,12213.809990954796
00bbac68_2768,12213.79363918689
00bbac68_2769,12213.77695335759
00bbac68_2770,12213.754263549667
00bbac68_2771,12213.782283042237
00bbac68_2772,12213.759101286198
00bbac68_2773,12213.745751507602
00bbac68_2774,12213.810802203227
00bbac68_2775,12213.791114384614
00bbac68_2776,12213.774762616711
00bbac68_2777,12213.755074798099
00bbac68_2778,12213.738723030194
00bbac68_2779,12213.719035211581
00bbac68_2780,12213.699347392969
00bbac68_2781,12213.682995625066
00bbac68_2782,12213.669803733195
00bbac68_2783,12213.64995802786
00bbac68_2784,12213.627268219938
00bbac68_2785,12213.607580401325
00bbac68_2786,12213.59122863342
00bbac68_2787,12213.57154081481
00bbac68_2788,12213.555189046903
00bbac68_2789,12213.514110709988
00bbac68_2790,12213.518815398991
00bbac68_2791,12213.499461641775
00bbac68_2792,12213.483267760594
00bbac68_2793,12213.466915992689
00bbac68_2794,12213.447228174076
00bbac68_2795,12213.427540355466
00bbac68_2796,12213.41118858756
00bbac68_2797,12213.350131497784
00bbac68_2798,12213.330777740568
00bbac68_2799,12212.678408713622
00bbac68_2800,12212.559222523245
00bbac68_2801,12212.54287075534
00bbac68_2802,12212.52318293673
00bbac68_2803,12212.506831168823
00bbac68_2804,12212.487143350212
00bbac68_2805,12212.467455531601
00bbac68_2806,12212.451103763695
00bbac68_2807,12212.431415945084
00bbac68_2808,12212.415064177178
00bbac68_2809,12212.39472827947
00bbac68_2810,12212.375688539956
00bbac68_2811,12212.35933677205
00bbac68_2812,12212.339648953439
00bbac68_2813,12212.323297185534
00bbac68_2814,12212.303609366922
00bbac68_2815,12212.283273469215
00bbac68_2816,12212.267569780406
00bbac68_2817,12212.247881961794
00bbac68_2818,12212.231530193889
00bbac68_2819,12212.211842375278
00bbac68_2820,12212.192154556666
00bbac68_2821,12212.17580278876
00bbac68_2822,12212.15611497015
00bbac68_2823,12212.139763202245
00bbac68_2824,12212.120075383633
00bbac68_2825,12212.100387565022
00bbac68_2826,12212.08338771802
00bbac68_2827,12212.063699899409
00bbac68_2828,12212.0479962106
00bbac68_2829,12212.03115425032
00bbac68_2830,12211.936886137122
00bbac68_2831,12211.995762742901
00bbac68_2832,12211.901494629703
00bbac68_2833,12211.981147296134
00bbac68_2834,12212.036039772109
00bbac68_2835,12211.944459630522
00bbac68_2836,12211.925419891006
00bbac68_2837,12211.908420044005
00bbac68_2838,12211.837382914335
00bbac68_2839,12211.888781452879
00bbac68_2840,12211.875275543307
00bbac68_2841,12211.780849543387
00bbac68_2842,12211.765145854577
00bbac68_2843,12211.748794086674
00bbac68_2844,12211.810516550782
00bbac68_2845,12211.790670845448
00bbac68_2846,12211.77781301497
00bbac68_2847,12211.757967309637
00bbac68_2848,12211.741615541732
00bbac68_2849,12211.725263773827
00bbac68_2850,12211.70891200592
00bbac68_2851,12211.695896288722
00bbac68_2852,12211.679544520819
00bbac68_2853,12211.663192752912
00bbac68_2854,12211.650177035714
00bbac68_2855,12211.633825267809
00bbac68_2856,12211.617473499904
00bbac68_2857,12211.604457782703
00bbac68_2858,12211.591442065506
00bbac68_2859,12211.5750902976
00bbac68_2860,12211.5620745804
00bbac68_2861,12211.548410784106
00bbac68_2862,12211.532707095297
00bbac68_2863,12211.519691378098
00bbac68_2864,12211.5066756609
00bbac68_2865,12211.493659943699
00bbac68_2866,12211.480644226502
00bbac68_2867,12211.467628509301
00bbac68_2868,12211.454612792102
00bbac68_2869,12211.403721741168
00bbac68_2870,12211.390706023969
00bbac68_2871,12211.419059577935
00bbac68_2872,12211.406043860736
00bbac68_2873,12211.393028143537
00bbac68_2874,12211.372920139129
00bbac68_2875,12211.359904421928
00bbac68_2876,12211.244263325016
00bbac68_2877,12211.30996837199
00bbac68_2878,12211.296952654791
00bbac68_2879,12211.287272988298
00bbac68_2880,12211.271255281788
00bbac68_2881,12211.261575615295
00bbac68_2882,12211.204188637621
00bbac68_2883,12211.194508971128
00bbac68_2884,12211.184829304635
00bbac68_2885,12211.171813587436
00bbac68_2886,12211.162133920945
00bbac68_2887,12211.196825514926
00bbac68_2888,12211.183651911004
00bbac68_2889,12211.173972244513
00bbac68_2890,12211.16429257802
00bbac68_2891,12211.154612911527
00bbac68_2892,12211.144933245034
00bbac68_2893,12211.13525357854
00bbac68_2894,12211.125573912048
00bbac68_2895,12211.115894245555
00bbac68_2896,12211.106214579062
00bbac68_2897,12211.099870963277
00bbac68_2898,12211.090191296784
00bbac68_2899,12211.08051163029
00bbac68_2900,12211.074168014504
00bbac68_2901,12211.06448834801
00bbac68_2902,12211.058144732226
00bbac68_2903,12211.048465065733
00bbac68_2904,12211.042121449946
00bbac68_2905,12211.035777834159
00bbac68_2906,12211.026098167666
00bbac68_2907,12211.019754551879
00bbac68_2908,12211.013410936093
00bbac68_2909,12211.007067320306
00bbac68_2910,12210.997387653813
00bbac68_2911,12210.991044038026
00bbac68_2912,12211.07772118914
00bbac68_2913,12210.978356806454
00bbac68_2914,12210.972013190667
00bbac68_2915,12210.965669574882
00bbac68_2916,12210.959325959095
00bbac68_2917,12210.956318394014
00bbac68_2918,12210.949974778228
00bbac68_2919,12210.943631162441
00bbac68_2920,12210.937287546654
00bbac68_2921,12210.934279981575
00bbac68_2922,12210.927936365788
00bbac68_2923,12210.92159275
00bbac68_2924,12210.918585184922
00bbac68_2925,12210.912241569133
00bbac68_2926,12210.909234004053
00bbac68_2927,12210.902890388266
00bbac68_2928,12210.899882823187
00bbac68_2929,12210.896875258106
00bbac68_2930,12210.986536076656
00bbac68_2931,12210.983528511575
00bbac68_2932,12210.977184895788
00bbac68_2933,12210.974177330709
00bbac68_2934,12210.967833714922
00bbac68_2935,12210.868821715505
00bbac68_2936,12210.865814150424
00bbac68_2937,12210.954826889878
00bbac68_2938,12210.952467403893
00bbac68_2939,12210.946123788108
00bbac68_2940,12210.943116223027
00bbac68_2941,12210.93946057885
00bbac68_2942,12210.858536668477
00bbac68_2943,12210.855529103395
00bbac68_2944,12210.794500125845
00bbac68_2945,12210.728228521368
00bbac68_2946,12210.712281437027
00bbac68_2947,12210.673340457402
00bbac68_2948,12210.702930256159
00bbac68_2949,12210.71286221034
00bbac68_2950,12210.757853826803
00bbac68_2951,12210.76677506887
00bbac68_2952,12210.838347798377
00bbac68_2953,12210.83200418259
00bbac68_2954,12210.828996617509
00bbac68_2955,12210.82598905243
00bbac68_2956,12210.819645436643
00bbac68_2957,12210.819639860874
00bbac68_2958,12210.813630306482
00bbac68_2959,12210.807286690695
00bbac68_2960,12210.804279125616
00bbac68_2961,12210.801271560535
00bbac68_2962,12210.801109853786
00bbac68_2963,12210.794766238001
00bbac68_2964,12210.747387412444
00bbac68_2965,12210.66979955278
00bbac68_2966,12210.600191897594
00bbac68_2967,12210.584892892348
00bbac68_2968,12210.58708488625
00bbac68_2969,12210.534839013939
00bbac68_2970,12210.528495398154
00bbac68_2971,12210.574726140305
00bbac68_2972,12210.623829795979
00bbac68_2973,12210.684086270296
00bbac68_2974,12210.7556589998
00bbac68_2975,12210.745821446584
00bbac68_2976,12210.742813881505
00bbac68_2977,12210.739806316424
00bbac68_2978,12210.736798751344
00bbac68_2979,12210.730455135557
00bbac68_2980,12210.727447570476
00bbac68_2981,12210.724440005397
00bbac68_2982,12210.721432440316
00bbac68_2983,12210.718424875236
00bbac68_2984,12210.715417310155
00bbac68_2985,12210.709073694368
00bbac68_2986,12210.706066129289
00bbac68_2987,12210.70305856421
00bbac68_2988,12210.700050999127
00bbac68_2989,12210.697043434047
00bbac68_2990,12210.694035868968
00bbac68_2991,12210.687692253181
00bbac68_2992,12210.6846846881
00bbac68_2993,12210.68167712302
00bbac68_2994,12210.67866955794
00bbac68_2995,12210.675661992858
00bbac68_2996,12210.672654427779
00bbac68_2997,12210.669646862698
00bbac68_2998,12210.666639297619
00bbac68_2999,12210.66363173254
00bbac68_3000,12210.657288116752
00bbac68_3001,12210.654280551671
00bbac68_3002,12210.65127298659
00bbac68_3003,12210.64826542151
00bbac68_3004,12210.64525785643
00bbac68_3005,12210.64225029135
00bbac68_3006,12210.639242726269
00bbac68_3007,12210.63623516119
00bbac68_3008,12210.633227596109
00bbac68_3009,12210.630220031027
00bbac68_3010,12210.627212465948
00bbac68_3011,12210.630700827607
00bbac68_3012,12210.680024714078
00bbac68_3013,12210.677017148997
00bbac68_3014,12210.674009583918
00bbac68_3015,12210.671002018837
00bbac68_3016,12210.667994453757
00bbac68_3017,12210.664986888676
00bbac68_3018,12210.661979323595
00bbac68_3019,12210.562967324178
00bbac68_3020,12210.559959759099
00bbac68_3021,12210.55345825659
00bbac68_3022,12210.55045069151
00bbac68_3023,12210.54744312643
00bbac68_3024,12210.544435561349
00bbac68_3025,12210.541427996268
00bbac68_3026,12210.538420431189
00bbac68_3027,12210.535412866107
00bbac68_3028,12210.532405301026
00bbac68_3029,12210.529397735947
00bbac68_3030,12210.526390170868
00bbac68_3031,12210.523382605787
00bbac68_3032,12210.520375040705
00bbac68_3033,12210.517367475626
00bbac68_3034,12210.514359910545
00bbac68_3035,12210.511352345466
00bbac68_3036,12210.508344780385
00bbac68_3037,12210.505337215303
00bbac68_3038,12210.502329650224
00bbac68_3039,12210.499322085143
00bbac68_3040,12210.496314520064
00bbac68_3041,12210.493306954984
00bbac68_3042,12210.490299389903
00bbac68_3043,12210.487291824822
00bbac68_3044,12210.487620310449
00bbac68_3045,12210.484612745367
00bbac68_3046,12210.481605180288
00bbac68_3047,12210.478597615207
00bbac68_3048,12210.475590050128
00bbac68_3049,12210.475584474356
00bbac68_3050,12210.469574919967
00bbac68_3051,12210.466567354886
00bbac68_3052,12210.463559789805
00bbac68_3053,12210.460552224726
00bbac68_3054,12210.46088071035
00bbac68_3055,12210.45787314527
00bbac68_3056,12210.45486558019
00bbac68_3057,12210.451858015109
00bbac68_3058,12210.44885045003
00bbac68_3059,12210.44584288495
00bbac68_3060,12210.484023812063
00bbac68_3061,12210.481016246982
00bbac68_3062,12210.481344732609
00bbac68_3063,12210.478337167528
00bbac68_3064,12210.47833159176
00bbac68_3065,12210.475324026678
00bbac68_3066,12210.472316461599
00bbac68_3067,12210.466306907207
00bbac68_3068,12210.463299342126
00bbac68_3069,12210.463627827752
00bbac68_3070,12210.460620262671
00bbac68_3071,12210.457612697592
00bbac68_3072,12210.45460513251
00bbac68_3073,12210.45509150486
00bbac68_3074,12210.407064600207
00bbac68_3075,12210.407393085834
00bbac68_3076,12210.26654118677
00bbac68_3077,12210.251242181525
00bbac68_3078,12210.248234616443
00bbac68_3079,12210.245227051364
00bbac68_3080,12210.245555536989
00bbac68_3081,12210.318751530569
00bbac68_3082,12210.315743965488
00bbac68_3083,12210.387316694992
00bbac68_3084,12210.384309129913
00bbac68_3085,12210.384637615538
00bbac68_3086,12210.422507373505
00bbac68_3087,12210.419499808424
00bbac68_3088,12210.416492243345
00bbac68_3089,12210.413484678265
00bbac68_3090,12210.41381316389
00bbac68_3091,12210.410805598809
00bbac68_3092,12210.407798033728
00bbac68_3093,12210.404790468649
00bbac68_3094,12210.405118954273
00bbac68_3095,12210.402111389194
00bbac68_3096,12210.399103824113
00bbac68_3097,12210.396096259034
00bbac68_3098,12210.39642474466
00bbac68_3099,12210.393417179579
00bbac68_3100,12210.390409614498
00bbac68_3101,12210.387402049419
00bbac68_3102,12210.387730535043
00bbac68_3103,12210.384722969964
00bbac68_3104,12210.381715404883
00bbac68_3105,12210.378707839804
00bbac68_3106,12210.38203831474
00bbac68_3107,12210.376028760349
00bbac68_3108,12210.373021195268
00bbac68_3109,12210.370013630189
00bbac68_3110,12210.370342115813
00bbac68_3111,12210.367334550734
00bbac68_3112,12210.364326985653
00bbac68_3113,12210.36465547128
00bbac68_3114,12210.368143832939
00bbac68_3115,12210.365136267857
00bbac68_3116,12210.362462764173
00bbac68_3117,12210.362457188403
00bbac68_3118,12210.359449623324
00bbac68_3119,12210.315406848475
00bbac68_3120,12210.312399283393
00bbac68_3121,12210.350760989477
00bbac68_3122,12210.354091464415
00bbac68_3123,12210.323197454292
00bbac68_3124,12210.41321065611
00bbac68_3125,12210.43793164935
00bbac68_3126,12210.410531576656
00bbac68_3127,12210.407524011574
00bbac68_3128,12210.432245004815
00bbac68_3129,12210.429237439734
00bbac68_3130,12210.40183736704
00bbac68_3131,12210.266736453304
00bbac68_3132,12210.263728888225
00bbac68_3133,12210.270678319228
00bbac68_3134,12210.210337708138
00bbac68_3135,12210.265791499976
00bbac68_3136,12210.266119985601
00bbac68_3137,12210.263112420522
00bbac68_3138,12210.239048398533
00bbac68_3139,12210.260433341067
00bbac68_3140,12210.260761826692
00bbac68_3141,12210.257754261613
00bbac68_3142,12210.254746696532
00bbac68_3143,12210.230682674544
00bbac68_3144,12210.317979023353
00bbac68_3145,12210.22800359509
00bbac68_3146,12210.218375084632
00bbac68_3147,12210.21870357026
00bbac68_3148,12210.083967707014
00bbac68_3149,12210.084296192641
00bbac68_3150,12210.08128862756
00bbac68_3151,12210.069806612302
00bbac68_3152,12210.066799047221
00bbac68_3153,12210.048085675593
00bbac68_3154,12210.045078110512
00bbac68_3155,12210.045406596138
00bbac68_3156,12210.042399031057
00bbac68_3157,12210.042727516684
00bbac68_3158,12210.23875686816
00bbac68_3159,12210.239085353787
00bbac68_3160,12210.236077788706
00bbac68_3161,12210.243027219709
00bbac68_3162,12210.240019654628
00bbac68_3163,12210.233727194878
00bbac68_3164,12210.261733082787
00bbac68_3165,12210.270870079987
00bbac68_3166,12210.274358441646
00bbac68_3167,12210.274686927272
00bbac68_3168,12210.36531932679
00bbac68_3169,12210.355815834968
00bbac68_3170,12210.356144320594
00bbac68_3171,12210.353136755513
00bbac68_3172,12210.35346524114
00bbac68_3173,12210.350457676059
00bbac68_3174,12210.350786161685
00bbac68_3175,12210.35111464731
00bbac68_3176,12210.34810708223
00bbac68_3177,12210.348435567856
00bbac68_3178,12210.348764053482
00bbac68_3179,12210.345756488401
00bbac68_3180,12210.14704805747
00bbac68_3181,12210.144040492389
00bbac68_3182,12210.144368978015
00bbac68_3183,12210.166585179228
00bbac68_3184,12210.163577614148
00bbac68_3185,12210.163906099775
00bbac68_3186,12210.08680843248
00bbac68_3187,12210.0838008674
00bbac68_3188,12210.020865313629
00bbac68_3189,12210.139982578157
00bbac68_3190,12210.07554457497
00bbac68_3191,12210.005710821175
00bbac68_3192,12210.006039306802
00bbac68_3193,12209.983765076195
00bbac68_3194,12209.956645657894
00bbac68_3195,12210.046190784245
00bbac68_3196,12210.046519269872
00bbac68_3197,12209.223865934402
00bbac68_3198,12209.224194420029
00bbac68_3199,12209.224522905653
00bbac68_3200,12209.221515340574
00bbac68_3201,12209.262514819673
00bbac68_3202,12209.183240361966
00bbac68_3203,12209.263171790924
00bbac68_3204,12209.260164225845
00bbac68_3205,12209.185045183747
00bbac68_3206,12209.104570050156
00bbac68_3207,12209.104898535781
00bbac68_3208,12209.101890970702
00bbac68_3209,12209.091072962568
00bbac68_3210,12209.091401448193
00bbac68_3211,12209.09172993382
00bbac68_3212,12209.092058419446
00bbac68_3213,12209.06945612599
00bbac68_3214,12208.926032064928
00bbac68_3215,12208.926360550553
00bbac68_3216,12208.92668903618
00bbac68_3217,12208.968052731576
00bbac68_3218,12208.964887279772
00bbac68_3219,12208.935105567249
00bbac68_3220,12208.935434052873
00bbac68_3221,12208.932426487794
00bbac68_3222,12208.920004220801
00bbac68_3223,12208.923826643857
00bbac68_3224,12208.920819078776
00bbac68_3225,12208.921147564402
00bbac68_3226,12208.877104789553
00bbac68_3227,12208.921804535654
00bbac68_3228,12208.783502366834
00bbac68_3229,12208.78383085246
00bbac68_3230,12208.784159338087
00bbac68_3231,12208.772812604795
00bbac68_3232,12208.773141090422
00bbac68_3233,12208.773469576048
00bbac68_3234,12208.666334354264
00bbac68_3235,12208.6642291686
00bbac68_3236,12208.664557654225
00bbac68_3237,12208.66488613985
00bbac68_3238,12208.66187857477
00bbac68_3239,12208.658713122968
00bbac68_3240,12208.659041608593
00bbac68_3241,12208.656034043514
00bbac68_3242,12208.700787903974
00bbac68_3243,12208.7011163896
00bbac68_3244,12208.69810882452
00bbac68_3245,12208.65750587274
00bbac68_3246,12208.697863416355
00bbac68_3247,12208.698191901982
00bbac68_3248,12208.70685955582
00bbac68_3249,12208.704500069836
00bbac68_3250,12208.660457294987
00bbac68_3251,12208.79608038435
00bbac68_3252,12208.837444079745
00bbac68_3253,12208.90793480479
00bbac68_3254,12209.023638550569
00bbac68_3255,12209.020630985488
00bbac68_3256,12209.033062144636
00bbac68_3257,12209.030054579554
00bbac68_3258,12209.060493263329
00bbac68_3259,12208.940246929818
00bbac68_3260,12208.848829356015
00bbac68_3261,12208.849805920736
00bbac68_3262,12208.825226344374
00bbac68_3263,12208.869926090474
00bbac68_3264,12208.866760638672
00bbac68_3265,12208.86375307359
00bbac68_3266,12208.868223575742
00bbac68_3267,12208.864567931567
00bbac68_3268,12208.820525156716
00bbac68_3269,12208.861888852112
00bbac68_3270,12208.862217337737
00bbac68_3271,12209.002899114215
00bbac68_3272,12208.959567623591
00bbac68_3273,12208.959896109218
00bbac68_3274,12208.975835193418
00bbac68_3275,12208.97681175814
00bbac68_3276,12208.97380419306
00bbac68_3277,12208.97348459959
00bbac68_3278,12209.011354357557
00bbac68_3279,12209.033254854465
00bbac68_3280,12209.082821647324
00bbac68_3281,12209.079166003146
00bbac68_3282,12209.079494488771
00bbac68_3283,12209.027896695556
00bbac68_3284,12209.088609982173
00bbac68_3285,12209.085602417092
00bbac68_3286,12209.12510260421
00bbac68_3287,12209.198298597788
00bbac68_3288,12209.273207378003
00bbac68_3289,12209.270199812921
00bbac68_3290,12209.270528298548
00bbac68_3291,12209.267520733467
00bbac68_3292,12209.267849219093
00bbac68_3293,12209.264841654012
00bbac68_3294,12209.265170139639
00bbac68_3295,12209.262162574558
00bbac68_3296,12209.262491060184
00bbac68_3297,12209.259483495103
00bbac68_3298,12209.340615599947
00bbac68_3299,12209.340610024175
00bbac68_3300,12209.340938509802
00bbac68_3301,12209.413378472445
00bbac68_3302,12209.413706958072
00bbac68_3303,12209.40769740368
00bbac68_3304,12209.407691827912
00bbac68_3305,12209.408020313538
00bbac68_3306,12209.405012748457
00bbac68_3307,12209.38094872647
00bbac68_3308,12209.377941161389
00bbac68_3309,12209.371648701635
00bbac68_3310,12209.423974577418
00bbac68_3311,12209.337284043824
00bbac68_3312,12209.241608095115
00bbac68_3313,12209.262993037648
00bbac68_3314,12209.263321523274
00bbac68_3315,12209.260313958193
00bbac68_3316,12209.257306393114
00bbac68_3317,12209.226621425747
00bbac68_3318,12209.223613860668
00bbac68_3319,12209.251953809973
00bbac68_3320,12209.339250158782
00bbac68_3321,12209.339244583012
00bbac68_3322,12209.339573068639
00bbac68_3323,12209.337057451678
00bbac68_3324,12209.295545346504
00bbac68_3325,12209.295873832129
00bbac68_3326,12209.267167477265
00bbac68_3327,12209.288113878682
00bbac68_3328,12209.285106313602
00bbac68_3329,12209.285434799229
00bbac68_3330,12209.282427234148
00bbac68_3331,12209.276417679755
00bbac68_3332,12209.279748154693
00bbac68_3333,12209.276740589612
00bbac68_3334,12209.270731035222
00bbac68_3335,12209.26772347014
00bbac68_3336,12209.268051955765
00bbac68_3337,12209.265044390686
00bbac68_3338,12209.262036825607
00bbac68_3339,12209.259029260524
00bbac68_3340,12209.259357746152
00bbac68_3341,12209.256350181071
00bbac68_3342,12209.25334261599
00bbac68_3343,12209.25033505091
00bbac68_3344,12209.24732748583
00bbac68_3345,12209.247007892358
00bbac68_3346,12209.244648406377
00bbac68_3347,12209.241640841294
00bbac68_3348,12209.238633276214
00bbac68_3349,12209.235625711135
00bbac68_3350,12209.232618146054
00bbac68_3351,12209.23294663168
00bbac68_3352,12209.232784924932
00bbac68_3353,12209.185406099376
00bbac68_3354,12209.107818239709
00bbac68_3355,12209.0773627707
00bbac68_3356,12209.087633240139
00bbac68_3357,12209.068864200548
00bbac68_3358,12209.072411890826
00bbac68_3359,12209.065517959696
00bbac68_3360,12209.012624008288
00bbac68_3361,12208.98869251102
00bbac68_3362,12208.98568494594
00bbac68_3363,12209.053487699375
00bbac68_3364,12209.089651835788
00bbac68_3365,12209.098935710874
00bbac68_3366,12209.159840264285
00bbac68_3367,12209.156832699206
00bbac68_3368,12209.153825134124
00bbac68_3369,12209.150817569045
00bbac68_3370,12209.147810003964
00bbac68_3371,12209.21588879604
00bbac68_3372,12209.21288123096
00bbac68_3373,12209.20987366588
00bbac68_3374,12209.213362027538
00bbac68_3375,12209.210354462459
00bbac68_3376,12209.20085097064
00bbac68_3377,12209.197843405558
00bbac68_3378,12209.290840274814
00bbac68_3379,12209.287832709735
00bbac68_3380,12209.287827133965
00bbac68_3381,12209.284819568886
00bbac68_3382,12209.281812003805
00bbac68_3383,12209.275802449414
00bbac68_3384,12209.272794884333
00bbac68_3385,12209.269787319254
00bbac68_3386,12209.266779754173
00bbac68_3387,12209.170769744065
00bbac68_3388,12209.167762178986
00bbac68_3389,12209.161418563199
00bbac68_3390,12209.197424876045
00bbac68_3391,12209.194417310964
00bbac68_3392,12209.191409745883
00bbac68_3393,12209.188402180804
00bbac68_3394,12209.185394615724
00bbac68_3395,12209.182387050641
00bbac68_3396,12209.154986977948
00bbac68_3397,12209.142022416783
00bbac68_3398,12209.048710937815
00bbac68_3399,12209.049197310163
00bbac68_3400,12209.046189745084
00bbac68_3401,12209.039688242574
00bbac68_3402,12209.02487017661
00bbac68_3403,12208.951321241635
00bbac68_3404,12208.948313676554
00bbac68_3405,12208.945306111473
00bbac68_3406,12208.942298546393
00bbac68_3407,12208.935954930606
00bbac68_3408,12208.932947365527
00bbac68_3409,12208.929939800448
00bbac68_3410,12208.936550698154
00bbac68_3411,12208.933543133075
00bbac68_3412,12208.930535567994
00bbac68_3413,12208.927528002914
00bbac68_3414,12208.921184387127
00bbac68_3415,12208.899134964791
00bbac68_3416,12208.892791349006
00bbac68_3417,12208.889783783925
00bbac68_3418,12208.886776218846
00bbac68_3419,12208.880432603059
00bbac68_3420,12208.87742503798
00bbac68_3421,12208.934096777895
00bbac68_3422,12208.931089212814
00bbac68_3423,12208.928081647733
00bbac68_3424,12208.921738031946
00bbac68_3425,12208.918730466867
00bbac68_3426,12208.91238685108
00bbac68_3427,12208.846363930297
00bbac68_3428,12208.84002031451
00bbac68_3429,12208.86802620242
00bbac68_3430,12208.405440542956
00bbac68_3431,12208.405926915308
00bbac68_3432,12208.375190791907
00bbac68_3433,12208.368689289397
00bbac68_3434,12208.374156174494
00bbac68_3435,12208.361191613329
00bbac68_3436,12208.35818404825
00bbac68_3437,12208.351840432462
00bbac68_3438,12208.355453812761
00bbac68_3439,12208.349110196974
00bbac68_3440,12208.342766581187
00bbac68_3441,12208.364151523721
00bbac68_3442,12208.357807907934
00bbac68_3443,12208.351464292147
00bbac68_3444,12208.348456727068
00bbac68_3445,12208.342113111281
00bbac68_3446,12208.423071420073
00bbac68_3447,12208.416727804286
00bbac68_3448,12208.413720239207
00bbac68_3449,12208.40737662342
00bbac68_3450,12208.401033007633
00bbac68_3451,12208.394689391847
00bbac68_3452,12208.391681826766
00bbac68_3453,12208.38533821098
00bbac68_3454,12208.381996584503
00bbac68_3455,12208.372650979407
00bbac68_3456,12208.36630736362
00bbac68_3457,12208.36329979854
00bbac68_3458,12208.356956182753
00bbac68_3459,12208.354106504396
00bbac68_3460,12208.347114809512
00bbac68_3461,12208.341419272823
00bbac68_3462,12208.335075657036
00bbac68_3463,12208.32873204125
00bbac68_3464,12208.318246408937
00bbac68_3465,12208.240941611242
00bbac68_3466,12208.177153232078
00bbac68_3467,12208.13950841065
00bbac68_3468,12208.091377207096
00bbac68_3469,12208.084385512213
00bbac68_3470,12208.028803589192
00bbac68_3471,12208.023146698739
00bbac68_3472,12207.975925759907
00bbac68_3473,12208.03678746331
00bbac68_3474,12208.045695201099
00bbac68_3475,12208.039351585314
00bbac68_3476,12208.033007969527
00bbac68_3477,12208.06769956351
00bbac68_3478,12208.061355947722
00bbac68_3479,12208.055012331935
00bbac68_3480,12208.141179213057
00bbac68_3481,12208.13483559727
00bbac68_3482,12208.073158540621
00bbac68_3483,12208.066814924834
00bbac68_3484,12208.060471309047
00bbac68_3485,12208.14649212738
00bbac68_3486,12208.061364933163
00bbac68_3487,12207.97421769816
00bbac68_3488,12207.967874082371
00bbac68_3489,12207.961530466586
00bbac68_3490,12207.955186850799
00bbac68_3491,12207.945507184306
00bbac68_3492,12207.93916356852
00bbac68_3493,12207.921673458975
00bbac68_3494,12207.915329843188
00bbac68_3495,12207.905650176695
00bbac68_3496,12207.89930656091
00bbac68_3497,12207.892962945123
00bbac68_3498,12207.878456247876
00bbac68_3499,12207.868065297156
00bbac68_3500,12207.841408674993
00bbac68_3501,12207.8317290085
00bbac68_3502,12207.825385392714
00bbac68_3503,12207.771334465746
00bbac68_3504,12207.809362110434
00bbac68_3505,12207.799524557217
00bbac68_3506,12207.789844890724
00bbac68_3507,12207.787643291465
00bbac68_3508,12207.777315545874
00bbac68_3509,12207.696490471464
00bbac68_3510,12207.686810804971
00bbac68_3511,12207.680467189184
00bbac68_3512,12207.670787522693
00bbac68_3513,12207.664443906906
00bbac68_3514,12207.654764240413
00bbac68_3515,12207.648420624626
00bbac68_3516,12207.638740958133
00bbac68_3517,12207.629061291642
00bbac68_3518,12207.622717675853
00bbac68_3519,12207.61303800936
00bbac68_3520,12207.644235665915
00bbac68_3521,12207.637892050128
00bbac68_3522,12207.628212383635
00bbac68_3523,12207.618532717142
00bbac68_3524,12207.612189101357
00bbac68_3525,12207.602509434862
00bbac68_3526,12207.592829768371
00bbac68_3527,12207.583798180975
00bbac68_3528,12207.580948502617
00bbac68_3529,12207.13350375896
00bbac68_3530,12207.119682075941
00bbac68_3531,12207.110002409448
00bbac68_3532,12207.103658793663
00bbac68_3533,12207.094627206267
00bbac68_3534,12207.105871471958
00bbac68_3535,12207.1454301127
00bbac68_3536,12207.135750446207
00bbac68_3537,12207.165242481205
00bbac68_3538,12207.17936975852
00bbac68_3539,12207.23451824104
00bbac68_3540,12207.245088349882
00bbac68_3541,12207.309988977973
00bbac68_3542,12207.303645362186
00bbac68_3543,12207.293965695695
00bbac68_3544,12207.284286029202
00bbac68_3545,12207.28575285647
00bbac68_3546,12207.27573912858
00bbac68_3547,12207.263057472777
00bbac68_3548,12207.259873733023
00bbac68_3549,12207.25019406653
00bbac68_3550,12207.240514400037
00bbac68_3551,12207.230834733544
00bbac68_3552,12207.22115506705
00bbac68_3553,12207.207981463129
00bbac68_3554,12207.279105415855
00bbac68_3555,12207.341871287776
00bbac68_3556,12207.328855570577
00bbac68_3557,12207.322177893395
00bbac68_3558,12207.370215680336
00bbac68_3559,12207.364029951272
00bbac68_3560,12207.296632831345
00bbac68_3561,12207.40328895382
00bbac68_3562,12207.393609287326
00bbac68_3563,12207.223586787684
00bbac68_3564,12207.210905131882
00bbac68_3565,12207.200891403994
00bbac68_3566,12207.248929190937
00bbac68_3567,12207.245870469818
00bbac68_3568,12207.165022416379
00bbac68_3569,12207.155342749887
00bbac68_3570,12207.145663083393
00bbac68_3571,12207.132647366194
00bbac68_3572,12207.180685153138
00bbac68_3573,12207.116769165872
00bbac68_3574,12207.032675252889
00bbac68_3575,12206.990958756598
00bbac68_3576,12206.961007035141
00bbac68_3577,12206.915417662252
00bbac68_3578,12206.902401945053
00bbac68_3579,12206.937093539036
00bbac68_3580,12206.920583884408
00bbac68_3581,12206.920522680706
00bbac68_3582,12206.910843014211
00bbac68_3583,12206.897827297014
00bbac68_3584,12206.888147630521
00bbac68_3585,12206.856090056066
00bbac68_3586,12206.846410389573
00bbac68_3587,12206.86930437877
00bbac68_3588,12206.85628866157
00bbac68_3589,12206.810699288682
00bbac68_3590,12206.797683571484
00bbac68_3591,12206.78800390499
00bbac68_3592,12206.810897894187
00bbac68_3593,12206.797882176988
00bbac68_3594,12206.7522928041
00bbac68_3595,12206.739277086901
00bbac68_3596,12206.726261369702
00bbac68_3597,12206.716581703207
00bbac68_3598,12206.70356598601
00bbac68_3599,12206.729796025913
00bbac68_3600,12206.779795664414
00bbac68_3601,12206.766779947216
00bbac68_3602,12206.72119057433
00bbac68_3603,12206.645159501426
00bbac68_3604,12206.632143784227
00bbac68_3605,12206.622464117736
00bbac68_3606,12206.672463756238
00bbac68_3607,12206.568954758968
00bbac68_3608,12206.496259736772
00bbac68_3609,12206.483244019571
00bbac68_3610,12206.47356435308
00bbac68_3611,12206.460548635881
00bbac68_3612,12206.447532918683
00bbac68_3613,12206.437853252188
00bbac68_3614,12206.42483753499
00bbac68_3615,12206.130964357792
00bbac68_3616,12206.1212846913
00bbac68_3617,12206.108268974102
00bbac68_3618,12206.095253256903
00bbac68_3619,12206.08557359041
00bbac68_3620,12206.198960859678
00bbac68_3621,12206.05954215601
00bbac68_3622,12206.049862489519
00bbac68_3623,12206.03684677232
00bbac68_3624,12206.02383105512
00bbac68_3625,12206.014151388628
00bbac68_3626,12206.001135671428
00bbac68_3627,12205.988119954229
00bbac68_3628,12205.978440287738
00bbac68_3629,12205.965424570537
00bbac68_3630,12205.95240885334
00bbac68_3631,12205.942729186845
00bbac68_3632,12205.929713469646
00bbac68_3633,12205.916697752447
00bbac68_3634,12205.907018085956
00bbac68_3635,12206.020405355222
00bbac68_3636,12206.007389638024
00bbac68_3637,12206.057389276528
00bbac68_3638,12206.047709610035
00bbac68_3639,12205.908290906367
00bbac68_3640,12205.912046909767
00bbac68_3641,12205.902367243274
00bbac68_3642,12205.889351526075
00bbac68_3643,12205.876335808876
00bbac68_3644,12205.866656142383
00bbac68_3645,12205.853640425184
00bbac68_3646,12205.840624707986
00bbac68_3647,12205.751157965193
00bbac68_3648,12205.738142247994
00bbac68_3649,12205.725126530795
00bbac68_3650,12205.712110813596
00bbac68_3651,12205.702431147103
00bbac68_3652,12205.689415429904
00bbac68_3653,12205.676399712705
00bbac68_3654,12205.666720046213
00bbac68_3655,12205.653704329014
00bbac68_3656,12205.640688611815
00bbac68_3657,12205.627672894616
00bbac68_3658,12205.617993228123
00bbac68_3659,12205.604977510924
00bbac68_3660,12205.591961793725
00bbac68_3661,12205.582282127232
00bbac68_3662,12205.569266410033
00bbac68_3663,12205.556250692835
00bbac68_3664,12205.543234975634
00bbac68_3665,12205.533555309143
00bbac68_3666,12205.520539591944
00bbac68_3667,12205.52429559534
00bbac68_3668,12205.494508157546
00bbac68_3669,12205.484828491053
00bbac68_3670,12205.471812773854
00bbac68_3671,12205.458797056654
00bbac68_3672,12205.445781339457
00bbac68_3673,12205.436101672964
00bbac68_3674,12205.43985767636
00bbac68_3675,12205.426841959163
00bbac68_3676,12205.543565279138
00bbac68_3677,12205.53054956194
00bbac68_3678,12205.51753384474
00bbac68_3679,12205.304979337707
00bbac68_3680,12205.295299671212
00bbac68_3681,12205.282283954015
00bbac68_3682,12205.269268236814
00bbac68_3683,12205.256252519615
00bbac68_3684,12205.369639788885
00bbac68_3685,12205.233557135924
00bbac68_3686,12205.220541418725
00bbac68_3687,12205.207525701526
00bbac68_3688,12205.131494628626
00bbac68_3689,12205.118478911427
00bbac68_3690,12205.231866180695
00bbac68_3691,12205.281865819199
00bbac68_3692,12205.145783166237
00bbac68_3693,12205.069752093337
00bbac68_3694,12205.056736376138
00bbac68_3695,12205.043720658938
00bbac68_3696,12205.01393322114
00bbac68_3697,12205.000917503943
00bbac68_3698,12204.987901786742
00bbac68_3699,12205.118060776611
00bbac68_3700,12204.978642072943
00bbac68_3701,12204.965626355744
00bbac68_3702,12204.935838917947
00bbac68_3703,12204.922823200748
00bbac68_3704,12204.90980748355
00bbac68_3705,12204.89679176635
00bbac68_3706,12204.89039699453
00bbac68_3707,12204.903694045315
00bbac68_3708,12204.857902501477
00bbac68_3709,12204.841392846849
00bbac68_3710,12204.834998075028
00bbac68_3711,12204.83379285871
00bbac68_3712,12204.814156196133
00bbac68_3713,12204.801140478936
00bbac68_3714,12204.772978210147
00bbac68_3715,12205.047440898325
00bbac68_3716,12205.07239056327
00bbac68_3717,12205.062868783501
00bbac68_3718,12205.046517015595
00bbac68_3719,12205.033501298396
00bbac68_3720,12205.020485581197
00bbac68_3721,12205.007469863998
00bbac68_3722,12204.991118096093
00bbac68_3723,12204.974608441466
00bbac68_3724,12205.051896638155
00bbac68_3725,12205.03554487025
00bbac68_3726,12204.9060703579
00bbac68_3727,12204.886433695325
00bbac68_3728,12204.87008192742
00bbac68_3729,12204.857066210221
00bbac68_3730,12204.902720519778
00bbac68_3731,12204.88970480258
00bbac68_3732,12204.870068140004
00bbac68_3733,12204.8537163721
00bbac68_3734,12204.828890154016
00bbac68_3735,12204.812538386112
00bbac68_3736,12204.799522668913
00bbac68_3737,12204.789791846384
00bbac68_3738,12204.770155183807
00bbac68_3739,12204.7538034159
00bbac68_3740,12204.773563525343
00bbac68_3741,12204.757703705556
00bbac68_3742,12204.712127228766
00bbac68_3743,12204.698777450169
00bbac68_3744,12204.682425682264
00bbac68_3745,12204.80408513943
00bbac68_3746,12204.787733371526
00bbac68_3747,12204.774717654327
00bbac68_3748,12204.75836588642
00bbac68_3749,12204.738520181087
00bbac68_3750,12204.725504463888
00bbac68_3751,12204.709152695983
00bbac68_3752,12204.692800928078
00bbac68_3753,12204.67978521088
00bbac68_3754,12204.663433442973
00bbac68_3755,12204.644079685757
00bbac68_3756,12204.627727917852
00bbac68_3757,12204.614712200651
00bbac68_3758,12204.598360432748
00bbac68_3759,12204.582008664844
00bbac68_3760,12204.565656896937
00bbac68_3761,12204.549305129032
00bbac68_3762,12204.536289411833
00bbac68_3763,12204.519937643929
00bbac68_3764,12204.503585876022
00bbac68_3765,12204.506275965372
00bbac68_3766,12204.489924197467
00bbac68_3767,12204.47357242956
00bbac68_3768,12204.457220661658
00bbac68_3769,12204.440868893751
00bbac68_3770,12204.427853176552
00bbac68_3771,12204.369976006506
00bbac68_3772,12204.08436432277
00bbac68_3773,12203.864977288462
00bbac68_3774,12203.92822846389
00bbac68_3775,12203.940577475081
00bbac68_3776,12203.963378326367
00bbac68_3777,12203.946378479366
00bbac68_3778,12203.93002671146
00bbac68_3779,12203.913674943555
00bbac68_3780,12203.897971254746
00bbac68_3781,12203.881619486841
00bbac68_3782,12203.865267718935
00bbac68_3783,12203.968535882275
00bbac68_3784,12204.061518055281
00bbac68_3785,12204.121369846034
00bbac68_3786,12204.108354128835
00bbac68_3787,12204.231729976646
00bbac68_3788,12204.287112644995
00bbac68_3789,12204.214779357133
00bbac68_3790,12204.198427589228
00bbac68_3791,12204.110989464165
00bbac68_3792,12204.018276250876
00bbac68_3793,12203.963400860577
00bbac68_3794,12203.998394137825
00bbac68_3795,12204.05000171913
00bbac68_3796,12204.066759839257
00bbac68_3797,12204.049759992256
00bbac68_3798,12204.033408224352
00bbac68_3799,12204.017056456447
00bbac68_3800,12204.004040739248
00bbac68_3801,12203.987688971341
00bbac68_3802,12203.945432944838
00bbac68_3803,12203.794572893656
00bbac68_3804,12203.556420188563
00bbac68_3805,12203.491171271038
00bbac68_3806,12203.358535622592
00bbac68_3807,12203.379934510547
00bbac68_3808,12203.367566872446
00bbac68_3809,12203.350567025444
00bbac68_3810,12203.334215257539
00bbac68_3811,12203.321847619436
00bbac68_3812,12203.304847772433
00bbac68_3813,12203.291832055234
00bbac68_3814,12203.27548028733
00bbac68_3815,12203.26246457013
00bbac68_3816,12203.365732733473
00bbac68_3817,12203.34439604809
00bbac68_3818,12203.323996945252
00bbac68_3819,12203.287174284247
00bbac68_3820,12203.271470595437
00bbac68_3821,12203.286309156978
00bbac68_3822,12203.274784419827
00bbac68_3823,12203.261120623532
00bbac68_3824,12203.244768855628
00bbac68_3825,12203.231753138429
00bbac68_3826,12203.219385500326
00bbac68_3827,12203.20303373242
00bbac68_3828,12203.210941947407
00bbac68_3829,12203.294146681985
00bbac68_3830,12203.360828460874
00bbac68_3831,12203.347812743676
00bbac68_3832,12203.304243658338
00bbac68_3833,12203.230447127058
00bbac68_3834,12203.294283047613
00bbac68_3835,12203.352511574294
00bbac68_3836,12203.339495857095
00bbac68_3837,12203.326480139896
00bbac68_3838,12203.324610916457
00bbac68_3839,12203.30825914855
00bbac68_3840,12203.295243431354
00bbac68_3841,12203.282227714153
00bbac68_3842,12203.269211996954
00bbac68_3843,12203.249366291622
00bbac68_3844,12203.236350574422
00bbac68_3845,12203.223334857223
00bbac68_3846,12203.210319140024
00bbac68_3847,12203.197303422825
00bbac68_3848,12203.184287705626
00bbac68_3849,12203.167935937721
00bbac68_3850,12203.154920220522
00bbac68_3851,12203.141904503322
00bbac68_3852,12203.128888786125
00bbac68_3853,12203.115873068924
00bbac68_3854,12203.102857351725
00bbac68_3855,12203.089841634526
00bbac68_3856,12203.076825917327
00bbac68_3857,12203.139257727851
00bbac68_3858,12203.129243999963
00bbac68_3859,12203.119722220194
00bbac68_3860,12203.103704513684
00bbac68_3861,12203.093690785796
00bbac68_3862,12203.080675068597
00bbac68_3863,12203.067659351398
00bbac68_3864,12203.051641644888
00bbac68_3865,12203.041627916999
00bbac68_3866,12203.080451703232
00bbac68_3867,12202.971431551698
00bbac68_3868,12202.958415834499
00bbac68_3869,12202.942398127987
00bbac68_3870,12202.929382410788
00bbac68_3871,12202.91986063102
00bbac68_3872,12202.906844913821
00bbac68_3873,12202.893829196622
00bbac68_3874,12202.880813479424
00bbac68_3875,12202.867797762225
00bbac68_3876,12202.854782045026
00bbac68_3877,12202.838272390396
00bbac68_3878,12202.828592723903
00bbac68_3879,12202.815577006704
00bbac68_3880,12202.075710198715
00bbac68_3881,12202.059692492207
00bbac68_3882,12202.046676775008
00bbac68_3883,12202.033661057809
00bbac68_3884,12202.02064534061
00bbac68_3885,12202.007629623411
00bbac68_3886,12201.99461390621
00bbac68_3887,12201.98460017832
00bbac68_3888,12201.971584461124
00bbac68_3889,12201.952230703908
00bbac68_3890,12201.939214986709
00bbac68_3891,12201.92619926951
00bbac68_3892,12201.913183552311
00bbac68_3893,12201.900167835112
00bbac68_3894,12201.887152117914
00bbac68_3895,12201.876982259048
00bbac68_3896,12201.863966541847
00bbac68_3897,12201.854600893057
00bbac68_3898,12201.838583186545
00bbac68_3899,12201.825567469346
00bbac68_3900,12201.811903673053
00bbac68_3901,12201.798887955852
00bbac68_3902,12201.783184267044
00bbac68_3903,12201.773170539156
00bbac68_3904,12201.760154821957
00bbac68_3905,12201.744137115447
00bbac68_3906,12201.731121398248
00bbac68_3907,12201.72110767036
00bbac68_3908,12201.708091953162
00bbac68_3909,12201.691740185255
00bbac68_3910,12201.678724468056
00bbac68_3911,12201.662214813427
00bbac68_3912,12201.649199096228
00bbac68_3913,12201.636183379029
00bbac68_3914,12201.619831611124
00bbac68_3915,12201.603813904616
00bbac68_3916,12201.590798187415
00bbac68_3917,12201.478080272766
00bbac68_3918,12201.465064555568
00bbac68_3919,12201.44571079835
00bbac68_3920,12201.432695081152
00bbac68_3921,12201.419679363953
00bbac68_3922,12201.406663646754
00bbac68_3923,12201.39031187885
00bbac68_3924,12201.37729616165
00bbac68_3925,12201.367282433763
00bbac68_3926,12201.354266716564
00bbac68_3927,12201.334912959348
00bbac68_3928,12201.32189724215
00bbac68_3929,12201.308881524948
00bbac68_3930,12201.292529757044
00bbac68_3931,12201.279514039845
00bbac68_3932,12201.266498322646
00bbac68_3933,12201.250146554741
00bbac68_3934,12201.23713083754
00bbac68_3935,12201.224115120342
00bbac68_3936,12201.207763352437
00bbac68_3937,12201.194747635238
00bbac68_3938,12201.181731918039
00bbac68_3939,12201.168382139445
00bbac68_3940,12201.158860359676
00bbac68_3941,12201.142194574071
00bbac68_3942,12200.869537403833
00bbac68_3943,12200.65348642023
00bbac68_3944,12200.716737595658
00bbac68_3945,12200.704369957555
00bbac68_3946,12200.691354240356
00bbac68_3947,12200.67500247245
00bbac68_3948,12200.661986755253
00bbac68_3949,12200.645634987348
00bbac68_3950,12200.631971191051
00bbac68_3951,12200.615619423146
00bbac68_3952,12200.62010147278
00bbac68_3953,12200.894745419564
00bbac68_3954,12200.953622025343
00bbac68_3955,12200.940606308144
00bbac68_3956,12200.708019534559
00bbac68_3957,12200.691509879933
00bbac68_3958,12200.771162546362
00bbac68_3959,12200.761640766592
00bbac68_3960,12200.819869293275
00bbac68_3961,12200.806853576076
00bbac68_3962,12200.79050180817
00bbac68_3963,12200.773992153543
00bbac68_3964,12200.702306944775
00bbac68_3965,12200.689291227576
00bbac68_3966,12200.672939459671
00bbac68_3967,12200.659923742473
00bbac68_3968,12200.643571974568
00bbac68_3969,12200.630556257369
00bbac68_3970,12200.614204489462
00bbac68_3971,12200.601188772263
00bbac68_3972,12200.58483700436
00bbac68_3973,12200.57182128716
00bbac68_3974,12200.555469519255
00bbac68_3975,12200.542453802056
00bbac68_3976,12200.525453955055
00bbac68_3977,12200.512438237856
00bbac68_3978,12200.519740479012
00bbac68_3979,12200.506724761814
00bbac68_3980,12200.490372993909
00bbac68_3981,12200.47735727671
00bbac68_3982,12200.461005508805
00bbac68_3983,12200.447989791604
00bbac68_3984,12200.434974074407
00bbac68_3985,12200.417974227405
00bbac68_3986,12200.404958510206
00bbac68_3987,12200.389254821397
00bbac68_3988,12200.376239104198
00bbac68_3989,12200.284439808569
00bbac68_3990,12200.256001346792
00bbac68_3991,12200.17822068571
00bbac68_3992,12200.201480794742
00bbac68_3993,12200.139226770312
00bbac68_3994,12200.101951070219
00bbac68_3995,12200.09242929045
00bbac68_3996,12200.076077522543
00bbac68_3997,12200.063061805344
00bbac68_3998,12200.047358116535
00bbac68_3999,12200.034342399336
00bbac68_4000,12200.021326682137
00bbac68_4001,12200.004974914233
00bbac68_4002,12199.991959197034
00bbac68_4003,12199.975607429129
00bbac68_4004,12199.96259171193
00bbac68_4005,12200.058909935642
00bbac68_4006,12200.115267788966
00bbac68_4007,12200.176832366353
00bbac68_4008,12200.163816649154
00bbac68_4009,12200.14746488125
00bbac68_4010,12200.13444916405
00bbac68_4011,12200.117449317047
00bbac68_4012,12200.028986072128
00bbac68_4013,12199.94139006034
00bbac68_4014,12199.925038292435
00bbac68_4015,12199.836467095673
00bbac68_4016,12199.791502093736
00bbac68_4017,12199.767927909077
00bbac68_4018,12199.70502580555
00bbac68_4019,12199.671086156162
00bbac68_4020,12199.65473438826
00bbac68_4021,12199.641718671059
00bbac68_4022,12199.62870295386
00bbac68_4023,12199.612999265051
00bbac68_4024,12199.599983547852
00bbac68_4025,12199.586967830654
00bbac68_4026,12199.569967983653
00bbac68_4027,12199.556952266454
00bbac68_4028,12199.544584628351
00bbac68_4029,12199.528232860444
00bbac68_4030,12199.536141075432
00bbac68_4031,12199.694234852357
00bbac68_4032,12199.749461389729
00bbac68_4033,12199.73644567253
00bbac68_4034,12199.722781876233
00bbac68_4035,12199.709766159036
00bbac68_4036,12199.693414391131
00bbac68_4037,12199.681046753027
00bbac68_4038,12199.668031035828
00bbac68_4039,12199.651679267923
00bbac68_4040,12199.638663550724
00bbac68_4041,12199.547573601509
00bbac68_4042,12199.470645765818
00bbac68_4043,12199.405676714588
00bbac68_4044,12199.343422690155
00bbac68_4045,12199.309483040772
00bbac68_4046,12199.297115402669
00bbac68_4047,12199.280115555666
00bbac68_4048,12199.267099838467
00bbac68_4049,12199.254084121269
00bbac68_4050,12199.24106840407
00bbac68_4051,12199.224716636165
00bbac68_4052,12199.212348998062
00bbac68_4053,12199.199333280863
00bbac68_4054,12199.185669484566
00bbac68_4055,12199.169317716663
00bbac68_4056,12199.156301999463
00bbac68_4057,12199.143286282264
00bbac68_4058,12199.130918644161
00bbac68_4059,12199.111072938826
00bbac68_4060,12199.122475091242
00bbac68_4061,12199.16592009803
00bbac68_4062,12199.145033884983
00bbac68_4063,12199.132018167784
00bbac68_4064,12199.11965052968
00bbac68_4065,12199.105986733386
00bbac68_4066,12199.092971016187
00bbac68_4067,12199.08717771574
00bbac68_4068,12199.106759362376
00bbac68_4069,12199.047741955548
00bbac68_4070,12198.98483985202
00bbac68_4071,12198.950900202635
00bbac68_4072,12198.941868615238
00bbac68_4073,12198.949776830226
00bbac68_4074,12198.936113033931
00bbac68_4075,12198.923097316732
00bbac68_4076,12198.959319906766
00bbac68_4077,12198.954174685417
00bbac68_4078,12198.933288472366
00bbac68_4079,12199.031841121048
00bbac68_4080,12199.018825403848
00bbac68_4081,12199.009145737356
00bbac68_4082,12198.996130020158
00bbac68_4083,12198.983114302957
00bbac68_4084,12198.97009858576
00bbac68_4085,12198.960418919267
00bbac68_4086,12198.948051281164
00bbac68_4087,12198.938529501393
00bbac68_4088,12198.928849834901
00bbac68_4089,12198.9158341177
00bbac68_4090,12198.902818400504
00bbac68_4091,12198.96330097343
00bbac68_4092,12199.06566051638
00bbac68_4093,12199.123731156338
00bbac68_4094,12199.114051489847
00bbac68_4095,12199.101035772648
00bbac68_4096,12199.091356106153
00bbac68_4097,12199.078340388956
00bbac68_4098,12199.068660722463
00bbac68_4099,12199.055645005263
00bbac68_4100,12199.045965338772
00bbac68_4101,12199.03294962157
00bbac68_4102,12199.02326995508
00bbac68_4103,12199.01025423788
00bbac68_4104,12199.000574571386
00bbac68_4105,12198.990894904895
00bbac68_4106,12199.05332671542
00bbac68_4107,12199.043647048928
00bbac68_4108,12199.047220073928
00bbac68_4109,12199.037206346038
00bbac68_4110,12199.024524690236
00bbac68_4111,12199.014845023743
00bbac68_4112,12199.001829306544
00bbac68_4113,12198.992149640051
00bbac68_4114,12198.982469973558
00bbac68_4115,12199.400592005119
00bbac68_4116,12199.390912338626
00bbac68_4117,12199.377896621427
00bbac68_4118,12199.368216954934
00bbac68_4119,12199.35853728844
00bbac68_4120,12199.34885762195
00bbac68_4121,12199.339177955455
00bbac68_4122,12199.329498288964
00bbac68_4123,12199.31981862247
00bbac68_4124,12199.310138955978
00bbac68_4125,12199.300459289485
00bbac68_4126,12199.290779622992
00bbac68_4127,12199.281099956499
00bbac68_4128,12199.271420290006
00bbac68_4129,12199.261740623513
00bbac68_4130,12199.307394397882
00bbac68_4131,12199.29771473139
00bbac68_4132,12199.288035064896
00bbac68_4133,12199.182350964069
00bbac68_4134,12199.172671297576
00bbac68_4135,12199.166327681789
00bbac68_4136,12199.156648015296
00bbac68_4137,12199.146968348803
00bbac68_4138,12199.13728868231
00bbac68_4139,12199.127609015817
00bbac68_4140,12199.124267389341
00bbac68_4141,12199.093689152665
00bbac68_4142,12199.108401993786
00bbac68_4143,12199.095720337982
00bbac68_4144,12199.089376722197
00bbac68_4145,12199.079697055702
00bbac68_4146,12199.070017389211
00bbac68_4147,12199.063673773424
00bbac68_4148,12199.053994106931
00bbac68_4149,12199.047650491146
00bbac68_4150,12199.037970824651
00bbac68_4151,12199.028133271437
00bbac68_4152,12199.018453604942
00bbac68_4153,12199.00877393845
00bbac68_4154,12199.002430322664
00bbac68_4155,12198.99275065617
00bbac68_4156,12198.986407040386
00bbac68_4157,12198.976727373893
00bbac68_4158,12198.96973567901
00bbac68_4159,12198.964040142318
00bbac68_4160,12198.954360475826
00bbac68_4161,12198.948016860038
00bbac68_4162,12198.938337193546
00bbac68_4163,12198.93199357776
00bbac68_4164,12198.922313911267
00bbac68_4165,12198.91597029548
00bbac68_4166,12198.909626679695
00bbac68_4167,12198.8999470132
00bbac68_4168,12198.892955318319
00bbac68_4169,12198.904699791574
00bbac68_4170,12198.898356175787
00bbac68_4171,12198.815809001342
00bbac68_4172,12198.77418005011
00bbac68_4173,12198.760614017572
00bbac68_4174,12198.754918480881
00bbac68_4175,12198.689905373527
00bbac68_4176,12198.634323450508
00bbac68_4177,12198.627331755626
00bbac68_4178,12198.600064207652
00bbac68_4179,12198.59038454116
00bbac68_4180,12198.584040925372
00bbac68_4181,12198.577697309587
00bbac68_4182,12198.568017643094
00bbac68_4183,12198.561674027307
00bbac68_4184,12198.558824348951
00bbac68_4185,12198.552480733164
00bbac68_4186,12198.542643179946
00bbac68_4187,12198.532963513455
00bbac68_4188,12198.526619897668
00bbac68_4189,12198.52027628188
00bbac68_4190,12198.513932666094
00bbac68_4191,12198.436283539111
00bbac68_4192,12198.429291844228
00bbac68_4193,12198.419454291012
00bbac68_4194,12198.409774624517
00bbac68_4195,12198.40343100873
00bbac68_4196,12198.397735472041
00bbac68_4197,12198.391391856254
00bbac68_4198,12198.405972172655
00bbac68_4199,12198.398980477772
00bbac68_4200,12198.392636861985
00bbac68_4201,12198.365369314011
00bbac68_4202,12198.359025698224
00bbac68_4203,12198.352682082439
00bbac68_4204,12198.346338466652
00bbac68_4205,12198.340642929961
00bbac68_4206,12198.33365123508
00bbac68_4207,12198.327307619293
00bbac68_4208,12198.320964003506
00bbac68_4209,12198.314620387719
00bbac68_4210,12198.308276771932
00bbac68_4211,12198.301933156146
00bbac68_4212,12198.295589540361
00bbac68_4213,12198.289245924574
00bbac68_4214,12198.33265670951
00bbac68_4215,12198.315166599965
00bbac68_4216,12198.262562520884
00bbac68_4217,12198.256866984195
00bbac68_4218,12198.250523368408
00bbac68_4219,12198.247515803327
00bbac68_4220,12198.240524108445
00bbac68_4221,12198.234180492658
00bbac68_4222,12198.227836876871
00bbac68_4223,12198.221493261084
00bbac68_4224,12198.215149645297
00bbac68_4225,12198.208806029512
00bbac68_4226,12198.202304527003
00bbac68_4227,12198.195960911216
00bbac68_4228,12198.18961729543
00bbac68_4229,12198.183273679642
00bbac68_4230,12198.180914193657
00bbac68_4231,12198.174570577872
00bbac68_4232,12198.171720899514
00bbac68_4233,12198.164729204631
00bbac68_4234,12198.16172163955
00bbac68_4235,12198.155378023765
00bbac68_4236,12198.14903440798
00bbac68_4237,12198.163614724377
00bbac68_4238,12198.160607159298
00bbac68_4239,12198.133339611324
00bbac68_4240,12198.127644074633
00bbac68_4241,12198.123988430458
00bbac68_4242,12198.114150877242
00bbac68_4243,12198.107807261455
00bbac68_4244,12198.104799696375
00bbac68_4245,12198.098456080588
00bbac68_4246,12197.98871246391
00bbac68_4247,12197.98301692722
00bbac68_4248,12197.976673311434
00bbac68_4249,12198.27616888922
00bbac68_4250,12198.269177194337
00bbac68_4251,12198.26283357855
00bbac68_4252,12198.25982601347
00bbac68_4253,12198.253482397684
00bbac68_4254,12198.247138781897
00bbac68_4255,12198.24079516611
00bbac68_4256,12198.23509962942
00bbac68_4257,12198.23209206434
00bbac68_4258,12198.225748448553
00bbac68_4259,12198.219404832767
00bbac68_4260,12198.21306121698
00bbac68_4261,12198.206717601193
00bbac68_4262,12198.232444411351
00bbac68_4263,12198.28256151955
00bbac68_4264,12198.384370747164
00bbac68_4265,12198.314115012883
00bbac68_4266,12198.294831877836
00bbac68_4267,12198.302075860405
00bbac68_4268,12198.358996284018
00bbac68_4269,12198.35614660566
00bbac68_4270,12198.424383284459
00bbac68_4271,12198.418039668673
00bbac68_4272,12198.411696052886
00bbac68_4273,12198.402016386393
00bbac68_4274,12198.395672770606
00bbac68_4275,12198.385835217392
00bbac68_4276,12198.379491601605
00bbac68_4277,12198.373147985818
00bbac68_4278,12198.363468319325
00bbac68_4279,12198.35712470354
00bbac68_4280,12198.426228615477
00bbac68_4281,12198.343947279593
00bbac68_4282,12198.337603663806
00bbac68_4283,12198.33126004802
00bbac68_4284,12198.322228460624
00bbac68_4285,12198.315884844837
00bbac68_4286,12198.381652706068
00bbac68_4287,12198.375309090281
00bbac68_4288,12198.362135486359
00bbac68_4289,12198.281211575984
00bbac68_4290,12198.271531909493
00bbac68_4291,12198.26454021461
00bbac68_4292,12198.254860548117
00bbac68_4293,12198.245180881624
00bbac68_4294,12198.239485344933
00bbac68_4295,12198.229805678442
00bbac68_4296,12198.223462062655
00bbac68_4297,12198.21378239616
00bbac68_4298,12198.18867998509
00bbac68_4299,12198.179000318598
00bbac68_4300,12198.18807944739
00bbac68_4301,12198.252980075486
00bbac68_4302,12198.24330040899
00bbac68_4303,12198.2336207425
00bbac68_4304,12198.223941076007
00bbac68_4305,12198.216949381123
00bbac68_4306,12198.21076365206
00bbac68_4307,12198.126503690979
00bbac68_4308,12198.19205239817
00bbac68_4309,12198.109198911729
00bbac68_4310,12195.756277299288
00bbac68_4311,12195.746597632795
00bbac68_4312,12195.792251407165
00bbac68_4313,12195.81358519366
00bbac68_4314,12195.80090353786
00bbac68_4315,12195.69521943703
00bbac68_4316,12195.685539770537
00bbac68_4317,12195.675860104044
00bbac68_4318,12195.66618043755
00bbac68_4319,12195.653164720352
00bbac68_4320,12195.643485053859
00bbac68_4321,12195.633805387366
00bbac68_4322,12195.624125720875
00bbac68_4323,12195.859759494895
00bbac68_4324,12195.942100132936
00bbac68_4325,12195.933068545539
00bbac68_4326,12195.923388879044
00bbac68_4327,12195.913219020178
00bbac68_4328,12195.900693495354
00bbac68_4329,12195.835680388
00bbac68_4330,12195.850769159355
00bbac68_4331,12195.82501866919
00bbac68_4332,12195.75122213791
00bbac68_4333,12195.755130069774
00bbac68_4334,12195.7932916981
00bbac68_4335,12195.718847087724
00bbac68_4336,12195.669995719738
00bbac68_4337,12195.664202419295
00bbac68_4338,12195.644612364438
00bbac68_4339,12195.634932697945
00bbac68_4340,12195.621916980746
00bbac68_4341,12195.656083008731
00bbac68_4342,12195.622143359346
00bbac68_4343,12195.609127642147
00bbac68_4344,12195.599447975654
00bbac68_4345,12195.586432258453
00bbac68_4346,12195.576752591962
00bbac68_4347,12195.563736874763
00bbac68_4348,12195.55405720827
00bbac68_4349,12195.541041491071
00bbac68_4350,12195.531361824578
00bbac68_4351,12195.521682158085
00bbac68_4352,12195.508666440886
00bbac68_4353,12195.498986774393
00bbac68_4354,12195.485971057195
00bbac68_4355,12195.476291390703
00bbac68_4356,12195.467259803305
00bbac68_4357,12195.45708994444
00bbac68_4358,12195.44741027795
00bbac68_4359,12195.36228308373
00bbac68_4360,12195.349109479808
00bbac68_4361,12195.336093762611
00bbac68_4362,12195.327062175213
00bbac68_4363,12194.823371792854
00bbac68_4364,12194.813692126361
00bbac68_4365,12194.804012459866
00bbac68_4366,12194.79099674267
00bbac68_4367,12194.781965155273
00bbac68_4368,12194.77228548878
00bbac68_4369,12194.76195774319
00bbac68_4370,12194.773202008884
00bbac68_4371,12194.719676647914
00bbac68_4372,12194.70999698142
00bbac68_4373,12194.699669235832
00bbac68_4374,12194.689989569339
00bbac68_4375,12194.680309902848
00bbac68_4376,12194.697694015169
00bbac68_4377,12194.688014348678
00bbac68_4378,12194.678334682185
00bbac68_4379,12194.668655015692
00bbac68_4380,12194.658975349199
00bbac68_4381,12194.649943761802
00bbac68_4382,12194.64026409531
00bbac68_4383,12194.633920479524
00bbac68_4384,12194.624240813031
00bbac68_4385,12194.614561146538
00bbac68_4386,12194.604881480045
00bbac68_4387,12194.595201813552
00bbac68_4388,12194.609134050857
00bbac68_4389,12194.591286453948
00bbac68_4390,12194.657810346114
00bbac68_4391,12194.620026191067
00bbac68_4392,12194.61368257528
00bbac68_4393,12194.604002908787
00bbac68_4394,12194.594323242294
00bbac68_4395,12194.587979626507
00bbac68_4396,12194.578299960014
00bbac68_4397,12194.571956344229
00bbac68_4398,12194.562276677736
00bbac68_4399,12195.045959648014
00bbac68_4400,12195.039616032227
00bbac68_4401,12195.029288286638
00bbac68_4402,12195.02294467085
00bbac68_4403,12195.01326500436
00bbac68_4404,12195.006921388573
00bbac68_4405,12195.001383738605
00bbac68_4406,12194.991546185389
00bbac68_4407,12194.98869650703
00bbac68_4408,12195.003627391667
00bbac68_4409,12194.99728377588
00bbac68_4410,12194.96299355826
00bbac68_4411,12194.956649942473
00bbac68_4412,12195.02225991698
00bbac68_4413,12195.015916301194
00bbac68_4414,12195.009238624012
00bbac68_4415,12195.002895008225
00bbac68_4416,12194.993549403127
00bbac68_4417,12194.983869736634
00bbac68_4418,12194.977526120849
00bbac68_4419,12194.974184494373
00bbac68_4420,12194.967840878586
00bbac68_4421,12194.958495273488
00bbac68_4422,12194.9521516577
00bbac68_4423,12194.94547398052
00bbac68_4424,12194.939130364734
00bbac68_4425,12194.985118200497
00bbac68_4426,12194.981776574023
00bbac68_4427,12194.876426534589
00bbac68_4428,12194.873084908111
00bbac68_4429,12194.866741292324
00bbac68_4430,12194.860397676539
00bbac68_4431,12194.823040607762
00bbac68_4432,12194.777024069954
00bbac68_4433,12194.795072961782
00bbac68_4434,12194.76433683838
00bbac68_4435,12194.751372277218
00bbac68_4436,12194.654724747541
00bbac68_4437,12194.648381131756
00bbac68_4438,12194.556502355821
00bbac68_4439,12194.521457960938
00bbac68_4440,12194.521735290531
00bbac68_4441,12194.515391674744
00bbac68_4442,12194.502427113579
00bbac68_4443,12194.48427299691
00bbac68_4444,12194.477929381123
00bbac68_4445,12194.478206710713
00bbac68_4446,12194.504730052719
00bbac68_4447,12194.498386436931
00bbac68_4448,12194.492042821144
00bbac68_4449,12194.485699205357
00bbac68_4450,12194.563321463444
00bbac68_4451,12194.556977847657
00bbac68_4452,12194.550300170475
00bbac68_4453,12194.525897615193
00bbac68_4454,12194.519553999407
00bbac68_4455,12194.509874332914
00bbac68_4456,12194.53454417012
00bbac68_4457,12194.528358441057
00bbac68_4458,12194.51852088784
00bbac68_4459,12194.509333169466
00bbac68_4460,12194.502989553679
00bbac68_4461,12194.492817939068
00bbac68_4462,12194.483138272575
00bbac68_4463,12194.457752799532
00bbac68_4464,12194.448073133039
00bbac68_4465,12194.438393466546
00bbac68_4466,12194.432049850759
00bbac68_4467,12194.422370184267
00bbac68_4468,12194.412690517775
00bbac68_4469,12194.403010851282
00bbac68_4470,12194.368938677175
00bbac68_4471,12194.359259010682
00bbac68_4472,12194.377307902509
00bbac68_4473,12194.367628236017
00bbac68_4474,12194.357948569523
00bbac68_4475,12194.348268903032
00bbac68_4476,12194.338589236539
00bbac68_4477,12194.328909570046
00bbac68_4478,12194.294837395939
00bbac68_4479,12194.27853678407
00bbac68_4480,12194.17521715298
00bbac68_4481,12194.16553748649
00bbac68_4482,12194.162478765373
00bbac68_4483,12194.146178153502
00bbac68_4484,12194.136498487009
00bbac68_4485,12194.126818820516
00bbac68_4486,12194.101992602436
00bbac68_4487,12194.092312935943
00bbac68_4488,12194.082633269449
00bbac68_4489,12194.069617552252
00bbac68_4490,12194.059937885759
00bbac68_4491,12194.081271672258
00bbac68_4492,12194.068255955059
00bbac68_4493,12194.062070225995
00bbac68_4494,12194.057863020367
00bbac68_4495,12194.051185343185
00bbac68_4496,12194.013777118373
00bbac68_4497,12194.028489959494
00bbac68_4498,12194.102284218754
00bbac68_4499,12194.061591099271
00bbac68_4500,12194.055196327448
00bbac68_4501,12194.04218061025
00bbac68_4502,12194.032500943757
00bbac68_4503,12193.92918131267
00bbac68_4504,12193.909544650092
00bbac68_4505,12193.930878436591
00bbac68_4506,12193.91786271939
00bbac68_4507,12193.88045449458
00bbac68_4508,12193.86743877738
00bbac68_4509,12193.878815567794
00bbac68_4510,12193.757057121082
00bbac68_4511,12193.74737745459
00bbac68_4512,12193.734361737392
00bbac68_4513,12193.721346020193
00bbac68_4514,12193.732722810608
00bbac68_4515,12193.695314585793
00bbac68_4516,12193.675677923216
00bbac68_4517,12196.369123872326
00bbac68_4518,12196.38050066274
00bbac68_4519,12196.364148894836
00bbac68_4520,12196.438435102216
00bbac68_4521,12196.428913322447
00bbac68_4522,12196.16061992029
00bbac68_4523,12196.150606192401
00bbac68_4524,12196.131252435185
00bbac68_4525,12196.202586939886
00bbac68_4526,12196.186077285258
00bbac68_4527,12196.173061568059
00bbac68_4528,12196.159711789463
00bbac68_4529,12196.143694082955
00bbac68_4530,12196.130678365756
00bbac68_4531,12196.11432659785
00bbac68_4532,12196.101310880651
00bbac68_4533,12196.084959112746
00bbac68_4534,12196.074945384858
00bbac68_4535,12196.061929667658
00bbac68_4536,12196.045577899753
00bbac68_4537,12196.0486020505
00bbac68_4538,12196.038588322612
00bbac68_4539,12196.022236554705
00bbac68_4540,12196.006218848197
00bbac68_4541,12195.993203130998
00bbac68_4542,12195.976851363092
00bbac68_4543,12195.963835645893
00bbac68_4544,12195.950819928694
00bbac68_4545,12195.934468160789
00bbac68_4546,12195.924454432901
00bbac68_4547,12195.911438715702
00bbac68_4548,12195.898422998504
00bbac68_4549,12195.879069241288
00bbac68_4550,12195.866053524087
00bbac68_4551,12195.840083293391
00bbac68_4552,12195.823731525486
00bbac68_4553,12195.810715808288
00bbac68_4554,12195.797700091087
00bbac68_4555,12195.78468437389
00bbac68_4556,12195.768332605983
00bbac68_4557,12195.755316888786
00bbac68_4558,12195.745303160897
00bbac68_4559,12195.732287443698
00bbac68_4560,12195.716269737188
00bbac68_4561,12195.699917969283
00bbac68_4562,12195.686902252084
00bbac68_4563,12195.673886534885
00bbac68_4564,12195.660870817686
00bbac68_4565,12195.648012987212
00bbac68_4566,12195.663698049106
00bbac68_4567,12195.650682331907
00bbac68_4568,12195.723201774857
00bbac68_4569,12195.70669212023
00bbac68_4570,12194.662068964511
00bbac68_4571,12194.645717196607
00bbac68_4572,12194.632701479408
00bbac68_4573,12194.619685762209
00bbac68_4574,12194.60667004501
00bbac68_4575,12194.593654327811
00bbac68_4576,12194.580638610612
00bbac68_4577,12194.564286842706
00bbac68_4578,12194.551271125507
00bbac68_4579,12194.538255408308
00bbac68_4580,12194.52824168042
00bbac68_4581,12194.51222397391
00bbac68_4582,12194.503885474853
00bbac68_4583,12194.490869757654
00bbac68_4584,12194.477854040455
00bbac68_4585,12194.464838323256
00bbac68_4586,12194.44848655535
00bbac68_4587,12194.43547083815
00bbac68_4588,12194.422455120952
00bbac68_4589,12194.409439403753
00bbac68_4590,12194.396423686554
00bbac68_4591,12194.383407969355
00bbac68_4592,12194.370392252156
00bbac68_4593,12194.357376534957
00bbac68_4594,12194.393500543489
00bbac68_4595,12194.14277121181
00bbac68_4596,12194.176364619205
00bbac68_4597,12194.314424177453
00bbac68_4598,12194.304410449566
00bbac68_4599,12194.21672984034
00bbac68_4600,12194.275377025857
00bbac68_4601,12194.262361308658
00bbac68_4602,12194.249345591457
00bbac68_4603,12194.23632987426
00bbac68_4604,12194.223314157061
00bbac68_4605,12194.26657699821
00bbac68_4606,12194.333964450532
00bbac68_4607,12194.320948733333
00bbac68_4608,12194.310935005446
00bbac68_4609,12194.205725129583
00bbac68_4610,12194.284903571048
00bbac68_4611,12194.268885864538
00bbac68_4612,12194.25237620991
00bbac68_4613,12194.23936049271
00bbac68_4614,12194.229838712941
00bbac68_4615,12194.216822995742
00bbac68_4616,12194.203807278544
00bbac68_4617,12194.190791561345
00bbac68_4618,12194.177775844146
00bbac68_4619,12194.164268178827
00bbac68_4620,12194.148250472317
00bbac68_4621,12194.135234755118
00bbac68_4622,12194.029216592893
00bbac68_4623,12194.013198886385
00bbac68_4624,12194.000183169186
00bbac68_4625,12193.990503502693
00bbac68_4626,12193.977487785494
00bbac68_4627,12193.964472068295
00bbac68_4628,12193.951456351097
00bbac68_4629,12193.938440633898
00bbac68_4630,12193.925424916699
00bbac68_4631,12193.91541118881
00bbac68_4632,12193.90239547161
00bbac68_4633,12193.889713815808
00bbac68_4634,12193.876698098607
00bbac68_4635,12193.863682381409
00bbac68_4636,12193.850666664212
00bbac68_4637,12193.83765094701
00bbac68_4638,12193.824635229812
00bbac68_4639,12193.81795755263
00bbac68_4640,12193.80193984612
00bbac68_4641,12193.788924128921
00bbac68_4642,12193.778910401033
00bbac68_4643,12193.762892694524
00bbac68_4644,12193.706919160633
00bbac68_4645,12193.693903443434
00bbac68_4646,12193.680887726236
00bbac68_4647,12193.667872009037
00bbac68_4648,12193.658192342544
00bbac68_4649,12193.645176625345
00bbac68_4650,12193.632160908146
00bbac68_4651,12193.619145190947
00bbac68_4652,12193.609465524454
00bbac68_4653,12193.596449807255
00bbac68_4654,12193.58627994839
00bbac68_4655,12193.576600281896
00bbac68_4656,12193.564232643794
00bbac68_4657,12193.551216926595
00bbac68_4658,12193.544539249413
00bbac68_4659,12193.528521542903
00bbac68_4660,12193.515505825704
00bbac68_4661,12193.505826159211
00bbac68_4662,12193.492810442012
00bbac68_4663,12193.479794724813
00bbac68_4664,12193.466621120891
00bbac68_4665,12193.45360540369
00bbac68_4666,12193.440589686494
00bbac68_4667,12193.43091002
00bbac68_4668,12193.417894302802
00bbac68_4669,12193.404878585603
00bbac68_4670,12193.39519891911
00bbac68_4671,12193.385029060244
00bbac68_4672,12193.375349393751
00bbac68_4673,12193.362981755648
00bbac68_4674,12193.349966038448
00bbac68_4675,12193.340286371957
00bbac68_4676,12193.287842629952
00bbac68_4677,12193.27816296346
00bbac68_4678,12193.26514724626
00bbac68_4679,12193.301761447165
00bbac68_4680,12193.288745729966
00bbac68_4681,12193.279066063473
00bbac68_4682,12193.262556408845
00bbac68_4683,12193.252876742352
00bbac68_4684,12193.239861025153
00bbac68_4685,12193.23018135866
00bbac68_4686,12193.217165641461
00bbac68_4687,12193.207485974968
00bbac68_4688,12193.19447025777
00bbac68_4689,12193.187792580587
00bbac68_4690,12193.171774874078
00bbac68_4691,12193.162095207585
00bbac68_4692,12193.149079490386
00bbac68_4693,12193.139399823893
00bbac68_4694,12193.126384106694
00bbac68_4695,12193.116704440201
00bbac68_4696,12193.103688723002
00bbac68_4697,12193.09400905651
00bbac68_4698,12193.08099333931
00bbac68_4699,12193.074315662128
00bbac68_4700,12193.061634006324
00bbac68_4701,12193.048618289125
00bbac68_4702,12193.038938622634
00bbac68_4703,12193.025922905434
00bbac68_4704,12193.01624323894
00bbac68_4705,12192.960269705052
00bbac68_4706,12192.947253987852
00bbac68_4707,12192.93757432136
00bbac68_4708,12192.974188522265
00bbac68_4709,12192.961172805066
00bbac68_4710,12192.951493138571
00bbac68_4711,12192.94181347208
00bbac68_4712,12192.93179974419
00bbac68_4713,12192.8758262103
00bbac68_4714,12192.866146543809
00bbac68_4715,12192.850128837299
00bbac68_4716,12192.840449170806
00bbac68_4717,12192.830769504313
00bbac68_4718,12192.864047654512
00bbac68_4719,12192.857861925448
00bbac68_4720,12192.848182258955
00bbac68_4721,12192.792208725064
00bbac68_4722,12192.775699070437
00bbac68_4723,12192.766019403944
00bbac68_4724,12192.75633973745
00bbac68_4725,12192.74666007096
00bbac68_4726,12192.733644353759
00bbac68_4727,12192.723964687266
00bbac68_4728,12192.717287010084
00bbac68_4729,12192.70460535428
00bbac68_4730,12192.111002552821
00bbac68_4731,12192.097986835623
00bbac68_4732,12192.08830716913
00bbac68_4733,12192.081629491946
00bbac68_4734,12191.897920620047
00bbac68_4735,12191.860726995963
00bbac68_4736,12191.983618512299
00bbac68_4737,12191.973938845806
00bbac68_4738,12191.943335247128
00bbac68_4739,12191.930319529929
00bbac68_4740,12191.920639863436
00bbac68_4741,12191.910960196943
00bbac68_4742,12191.901280530452
00bbac68_4743,12191.891600863957
00bbac68_4744,12191.94475541173
00bbac68_4745,12192.005429321414
00bbac68_4746,12191.995749654921
00bbac68_4747,12191.986069988428
00bbac68_4748,12191.976390321935
00bbac68_4749,12191.966710655443
00bbac68_4750,12191.95703098895
00bbac68_4751,12191.947351322458
00bbac68_4752,12191.940517514297
00bbac68_4753,12191.931485926902
00bbac68_4754,12191.921806260409
00bbac68_4755,12191.912126593916
00bbac68_4756,12191.905448916734
00bbac68_4757,12191.899105300947
00bbac68_4758,12191.886423645143
00bbac68_4759,12191.87674397865
00bbac68_4760,12191.867064312159
00bbac68_4761,12191.857384645664
00bbac68_4762,12191.844211041742
00bbac68_4763,12191.83453137525
00bbac68_4764,12191.824851708758
00bbac68_4765,12191.81850809297
00bbac68_4766,12191.808180347383
00bbac68_4767,12191.799148759985
00bbac68_4768,12191.789469093492
00bbac68_4769,12191.779789427
00bbac68_4770,12191.773445811214
00bbac68_4771,12191.76376614472
00bbac68_4772,12191.754086478228
00bbac68_4773,12191.84041124607
00bbac68_4774,12191.830731579577
00bbac68_4775,12191.823739884694
00bbac68_4776,12191.814708297297
00bbac68_4777,12191.805028630806
00bbac68_4778,12191.802178952448
00bbac68_4779,12191.792499285955
00bbac68_4780,12191.782819619462
00bbac68_4781,12191.772982066246
00bbac68_4782,12191.710814817226
00bbac68_4783,12191.70178322983
00bbac68_4784,12191.750773054904
00bbac68_4785,12191.641595016647
00bbac68_4786,12191.631915350154
00bbac68_4787,12191.625571734367
00bbac68_4788,12191.622387994614
00bbac68_4789,12191.489500716467
00bbac68_4790,12191.48315710068
00bbac68_4791,12191.593683056532
00bbac68_4792,12191.587339440744
00bbac68_4793,12191.577659774252
00bbac68_4794,12191.571316158464
00bbac68_4795,12191.561636491973
00bbac68_4796,12191.551956825479
00bbac68_4797,12191.545613209693
00bbac68_4798,12191.5359335432
00bbac68_4799,12191.529589927413
00bbac68_4800,12191.516416323491
00bbac68_4801,12191.39336102279
00bbac68_4802,12191.383681356298
00bbac68_4803,12191.454251484769
00bbac68_4804,12191.44490587967
00bbac68_4805,12191.438228202489
00bbac68_4806,12191.428882597393
00bbac68_4807,12191.4648487192
00bbac68_4808,12191.458505103414
00bbac68_4809,12191.449473516017
00bbac68_4810,12191.443129900232
00bbac68_4811,12191.436786284445
00bbac68_4812,12191.427106617952
00bbac68_4813,12191.420763002165
00bbac68_4814,12191.41441938638
00bbac68_4815,12191.404739719885
00bbac68_4816,12191.40832324692
00bbac68_4817,12191.31916206969
00bbac68_4818,12191.273514392407
00bbac68_4819,12191.363175210958
00bbac68_4820,12191.354143623561
00bbac68_4821,12191.347800007774
00bbac68_4822,12191.341456391989
00bbac68_4823,12191.394650628377
00bbac68_4824,12191.38830701259
00bbac68_4825,12191.381963396805
00bbac68_4826,12191.375619781018
00bbac68_4827,12191.365940114525
00bbac68_4828,12191.415508168087
00bbac68_4829,12191.395095392956
00bbac68_4830,12191.385415726461
00bbac68_4831,12191.379072110676
00bbac68_4832,12191.372728494889
00bbac68_4833,12191.492276745015
00bbac68_4834,12191.485933129228
00bbac68_4835,12191.479589513443
00bbac68_4836,12191.473245897656
00bbac68_4837,12191.463566231163
00bbac68_4838,12191.457222615376
00bbac68_4839,12191.39554555873
00bbac68_4840,12191.389201942942
00bbac68_4841,12191.37952227645
00bbac68_4842,12191.373178660662
00bbac68_4843,12191.366835044875
00bbac68_4844,12191.36049142909
00bbac68_4845,12191.354147813303
00bbac68_4846,12191.34446814681
00bbac68_4847,12191.338124531023
00bbac68_4848,12191.331780915236
00bbac68_4849,12191.32543729945
00bbac68_4850,12191.319093683664
00bbac68_4851,12191.30941401717
00bbac68_4852,12191.303070401385
00bbac68_4853,12191.296726785598
00bbac68_4854,12191.290383169811
00bbac68_4855,12191.284039554026
00bbac68_4856,12191.274359887531
00bbac68_4857,12191.268016271744
00bbac68_4858,12191.261672655959
00bbac68_4859,12191.255329040174
00bbac68_4860,12191.248985424385
00bbac68_4861,12191.2426418086
00bbac68_4862,12191.236298192813
00bbac68_4863,12191.22661852632
00bbac68_4864,12191.220274910534
00bbac68_4865,12191.213931294747
00bbac68_4866,12191.20758767896
00bbac68_4867,12191.201244063173
00bbac68_4868,12191.250233888248
00bbac68_4869,12191.24389027246
00bbac68_4870,12191.237546656675
00bbac68_4871,12191.23120304089
00bbac68_4872,12191.224859425101
00bbac68_4873,12191.215179758608
00bbac68_4874,12191.208188063727
00bbac68_4875,12191.20533838537
00bbac68_4876,12191.2095699915
00bbac68_4877,12191.068195438766
00bbac68_4878,12191.030550617335
00bbac68_4879,12191.024207001548
00bbac68_4880,12191.10514611136
00bbac68_4881,12191.163077247087
00bbac68_4882,12191.172156375877
00bbac68_4883,12191.16581276009
00bbac68_4884,12191.159469144304
00bbac68_4885,12191.08372292831
00bbac68_4886,12191.077379312523
00bbac68_4887,12191.071035696736
00bbac68_4888,12191.06469208095
00bbac68_4889,12191.26523669897
00bbac68_4890,12191.314226524046
00bbac68_4891,12191.307882908259
00bbac68_4892,12191.301539292472
00bbac68_4893,12191.298041535018
00bbac68_4894,12191.292345998327
00bbac68_4895,12191.286002382541
00bbac68_4896,12191.279658766754
00bbac68_4897,12191.273315150967
00bbac68_4898,12191.211638094319
00bbac68_4899,12191.205294478534
00bbac68_4900,12191.250790366179
00bbac68_4901,12191.247448739703
00bbac68_4902,12191.238103134605
00bbac68_4903,12191.23175951882
00bbac68_4904,12191.225415903033
00bbac68_4905,12191.163090767288
00bbac68_4906,12191.160889168026
00bbac68_4907,12191.157881602947
00bbac68_4908,12191.006536468409
00bbac68_4909,12190.94485941176
00bbac68_4910,12190.938515795973
00bbac68_4911,12190.928678242757
00bbac68_4912,12190.98116200526
00bbac68_4913,12190.974818389474
00bbac68_4914,12190.968474773688
00bbac68_4915,12190.964819129511
00bbac68_4916,12190.903142072864
00bbac68_4917,12190.896798457077
00bbac68_4918,12190.87357365375
00bbac68_4919,12190.8847593046
00bbac68_4920,12190.878415688814
00bbac68_4921,12190.875408123733
00bbac68_4922,12190.869064507946
00bbac68_4923,12190.873296114078
00bbac68_4924,12190.838848009735
00bbac68_4925,12190.905367101448
00bbac68_4926,12190.782153914024
00bbac68_4927,12190.679805863901
00bbac68_4928,12190.796669859768
00bbac68_4929,12190.787324254672
00bbac68_4930,12190.784316689593
00bbac68_4931,12190.777973073806
00bbac68_4932,12190.77162945802
00bbac68_4933,12190.768621892938
00bbac68_4934,12190.762278277152
00bbac68_4935,12190.755934661367
00bbac68_4936,12190.752927096286
00bbac68_4937,12190.74308954307
00bbac68_4938,12190.736745927283
00bbac68_4939,12190.733738362203
00bbac68_4940,12190.727394746416
00bbac68_4941,12190.72105113063
00bbac68_4942,12190.71804356555
00bbac68_4943,12190.711699949763
00bbac68_4944,12190.705356333976
00bbac68_4945,12190.702348768897
00bbac68_4946,12190.69600515311
00bbac68_4947,12190.69299758803
00bbac68_4948,12190.686653972243
00bbac68_4949,12190.680310356456
00bbac68_4950,12190.677302791375
00bbac68_4951,12190.67095917559
00bbac68_4952,12190.667951610509
00bbac68_4953,12190.661607994722
00bbac68_4954,12190.65860042964
00bbac68_4955,12190.652256813855
00bbac68_4956,12190.649249248774
00bbac68_4957,12190.870606543775
00bbac68_4958,12190.77540482003
00bbac68_4959,12190.858253373597
00bbac68_4960,12190.808951941119
00bbac68_4961,12190.802608325332
00bbac68_4962,12190.845894627648
00bbac68_4963,12190.796259133776
00bbac68_4964,12190.790249579384
00bbac68_4965,12190.786907952908
00bbac68_4966,12190.783900387829
00bbac68_4967,12190.688698664084
00bbac68_4968,12190.771547217651
00bbac68_4969,12190.76853965257
00bbac68_4970,12190.765198026094
00bbac68_4971,12190.762190461013
00bbac68_4972,12190.66698873727
00bbac68_4973,12190.752839280147
00bbac68_4974,12190.749831715068
00bbac68_4975,12190.74048610997
00bbac68_4976,12190.737478544888
00bbac68_4977,12190.734470979809
00bbac68_4978,12190.728127364022
00bbac68_4979,12190.725119798943
00bbac68_4980,12190.722112233861
00bbac68_4981,12190.715768618076
00bbac68_4982,12190.712761052993
00bbac68_4983,12190.709753487914
00bbac68_4984,12190.709747912144
00bbac68_4985,12190.611210137693
00bbac68_4986,12190.522667412464
00bbac68_4987,12190.519659847385
00bbac68_4988,12190.463558995594
00bbac68_4989,12190.481607887421
00bbac68_4990,12190.570794481006
00bbac68_4991,12190.567786915924
00bbac68_4992,12190.561777361536
00bbac68_4993,12190.558435735058
00bbac68_4994,12190.555428169977
00bbac68_4995,12190.552420604898
00bbac68_4996,12190.549413039818
00bbac68_4997,12190.546405474735
00bbac68_4998,12190.54006185895
00bbac68_4999,12190.537054293869
00bbac68_5000,12190.53404672879
00bbac68_5001,12190.53103916371
00bbac68_5002,12190.52803159863
00bbac68_5003,12190.432829874884
00bbac68_5004,12190.426486259097
00bbac68_5005,12190.515672852682
00bbac68_5006,12190.509663298291
00bbac68_5007,12190.506655733212
00bbac68_5008,12190.506494026464
00bbac68_5009,12190.429638947779
00bbac68_5010,12190.4329868723
00bbac68_5011,12190.353751251005
00bbac68_5012,12190.334802177353
00bbac68_5013,12190.419208979696
00bbac68_5014,12190.395277482428
00bbac68_5015,12190.392269917349
00bbac68_5016,12190.385926301562
00bbac68_5017,12190.385920725794
00bbac68_5018,12190.449798440784
00bbac68_5019,12190.49608756736
00bbac68_5020,12190.575121224998
00bbac68_5021,12190.57511564923
00bbac68_5022,12190.568772033443
00bbac68_5023,12190.565764468362
00bbac68_5024,12190.56275690328
00bbac68_5025,12190.55674734889
00bbac68_5026,12190.553739783809
00bbac68_5027,12190.547396168022
00bbac68_5028,12190.544388602942
00bbac68_5029,12190.541381037863
00bbac68_5030,12190.538373472782
00bbac68_5031,12190.5353659077
00bbac68_5032,12190.529022291914
00bbac68_5033,12190.526014726835
00bbac68_5034,12190.523007161755
00bbac68_5035,12190.519999596674
00bbac68_5036,12190.519994020906
00bbac68_5037,12190.513650405119
00bbac68_5038,12190.418448681374
00bbac68_5039,12190.415441116293
00bbac68_5040,12190.415927488642
00bbac68_5041,12190.385191365243
00bbac68_5042,12190.38218380016
00bbac68_5043,12190.372555289705
00bbac68_5044,12190.62133147215
00bbac68_5045,12190.528019993182
00bbac68_5046,12190.528297322771
00bbac68_5047,12190.549682265304
00bbac68_5048,12190.638868858889
00bbac68_5049,12190.550326133662
00bbac68_5050,12190.543982517875
00bbac68_5051,12190.71381203752
00bbac68_5052,12190.71429840987
00bbac68_5053,12190.456013159832
00bbac68_5054,12190.449669544045
00bbac68_5055,12190.449663968277
00bbac68_5056,12190.443654413884
00bbac68_5057,12190.440646848805
00bbac68_5058,12190.355106112886
00bbac68_5059,12190.316567780574
00bbac68_5060,12190.313560215494
00bbac68_5061,12190.29227989314
00bbac68_5062,12190.28927232806
00bbac68_5063,12190.279926722964
00bbac68_5064,12190.276919157885
00bbac68_5065,12190.273911592803
00bbac68_5066,12190.270569966326
00bbac68_5067,12190.17536824258
00bbac68_5068,12190.172360677501
00bbac68_5069,12190.261547271086
00bbac68_5070,12190.25220166599
00bbac68_5071,12190.249194100908
00bbac68_5072,12190.249188525137
00bbac68_5073,12190.153986801393
00bbac68_5074,12190.23983734427
00bbac68_5075,12190.233827789882
00bbac68_5076,12190.2308202248
00bbac68_5077,12190.230814649029
00bbac68_5078,12190.224471033243
00bbac68_5079,12190.218461478853
00bbac68_5080,12190.215453913774
00bbac68_5081,12190.209110297987
00bbac68_5082,12190.206102732907
00bbac68_5083,12190.203095167826
00bbac68_5084,12190.203089592054
00bbac68_5085,12190.193743986958
00bbac68_5086,12190.190736421879
00bbac68_5087,12190.187728856798
00bbac68_5088,12190.181385241012
00bbac68_5089,12190.178377675931
00bbac68_5090,12190.17537011085
00bbac68_5091,12190.169026495065
00bbac68_5092,12190.166018929984
00bbac68_5093,12190.163011364904
00bbac68_5094,12190.160003799823
00bbac68_5095,12190.156662173347
00bbac68_5096,12190.153654608264
00bbac68_5097,12190.147645053876
00bbac68_5098,12190.141301438089
00bbac68_5099,12190.141295862319
00bbac68_5100,12190.135286307928
00bbac68_5101,12190.128942692143
00bbac68_5102,12190.125935127062
00bbac68_5103,12190.12292756198
00bbac68_5104,12190.116583946196
00bbac68_5105,12190.145123018543
00bbac68_5106,12190.227650613611
00bbac68_5107,12190.235218270447
00bbac68_5108,12190.149393143924
00bbac68_5109,12190.14703365794
00bbac68_5110,12190.14402609286
00bbac68_5111,12190.112013133723
00bbac68_5112,12190.13795286407
00bbac68_5113,12190.195726113072
00bbac68_5114,12190.204805241861
00bbac68_5115,12190.191222454865
00bbac68_5116,12190.188214889786
00bbac68_5117,12190.181871273999
00bbac68_5118,12190.175369771488
00bbac68_5119,12190.17236220641
00bbac68_5120,12190.166018590622
00bbac68_5121,12190.163011025543
00bbac68_5122,12190.16000346046
00bbac68_5123,12190.15699589538
00bbac68_5124,12190.150652279593
00bbac68_5125,12190.147644714514
00bbac68_5126,12190.144637149433
00bbac68_5127,12190.138293533648
00bbac68_5128,12190.138287957878
00bbac68_5129,12190.135280392797
00bbac68_5130,12190.1259347877
00bbac68_5131,12190.12292722262
00bbac68_5132,12190.123413594967
00bbac68_5133,12190.113576041753
00bbac68_5134,12190.110568476672
00bbac68_5135,12190.10756091159
00bbac68_5136,12190.107555335822
00bbac68_5137,12190.098209730724
00bbac68_5138,12190.095202165645
00bbac68_5139,12190.092194600564
00bbac68_5140,12190.088852974088
00bbac68_5141,12190.085845409008
00bbac68_5142,12190.079835854616
00bbac68_5143,12190.076494228142
00bbac68_5144,12190.07348666306
00bbac68_5145,12190.07047909798
00bbac68_5146,12190.064135482195
00bbac68_5147,12190.061127917113
00bbac68_5148,12190.055118362721
00bbac68_5149,12190.055112786953
00bbac68_5150,12190.048769171166
00bbac68_5151,12190.045761606085
00bbac68_5152,12190.042754041006
00bbac68_5153,12190.036410425218
00bbac68_5154,12190.03340286014
00bbac68_5155,12190.030395295058
00bbac68_5156,12189.84632236046
00bbac68_5157,12189.790221508669
00bbac68_5158,12190.035870683168
00bbac68_5159,12189.897300863104
00bbac68_5160,12189.720649625133
00bbac68_5161,12189.813752442118
00bbac68_5162,12189.842910616944
00bbac68_5163,12189.810897657806
00bbac68_5164,12189.765174485441
00bbac68_5165,12189.836831812385
00bbac68_5166,12189.868702028783
00bbac68_5167,12189.844770531517
00bbac68_5168,12189.844764955747
00bbac68_5169,12189.859345272147
00bbac68_5170,12189.895245999833
00bbac68_5171,12189.96608594836
00bbac68_5172,12189.956248395145
00bbac68_5173,12189.953240830064
00bbac68_5174,12189.953235254294
00bbac68_5175,12189.946891638509
00bbac68_5176,12189.851689914763
00bbac68_5177,12189.940876508346
00bbac68_5178,12189.934866953956
00bbac68_5179,12189.928523338169
00bbac68_5180,12189.929009710519
00bbac68_5181,12189.922508208008
00bbac68_5182,12189.916164592221
00bbac68_5183,12189.913157027142
00bbac68_5184,12189.910149462063
00bbac68_5185,12189.906651704609
00bbac68_5186,12189.903644139527
00bbac68_5187,12189.699249542427
00bbac68_5188,12189.803905098186
00bbac68_5189,12189.801545612203
00bbac68_5190,12189.726875144408
00bbac68_5191,12189.723867579327
00bbac68_5192,12189.792188855567
00bbac68_5193,12189.786179301176
00bbac68_5194,12189.77983568539
00bbac68_5195,12189.776828120308
00bbac68_5196,12189.750250713842
00bbac68_5197,12189.904158667312
00bbac68_5198,12189.90115110223
00bbac68_5199,12189.894807486446
00bbac68_5200,12189.888305983935
00bbac68_5201,12189.977966802484
00bbac68_5202,12189.974959237405
00bbac68_5203,12189.968615621618
00bbac68_5204,12189.96861004585
00bbac68_5205,12189.959264440751
00bbac68_5206,12189.952920824964
00bbac68_5207,12189.938095834746
00bbac68_5208,12189.93175221896
00bbac68_5209,12189.93598382509
00bbac68_5210,12189.933624339104
00bbac68_5211,12189.944945996102
00bbac68_5212,12189.842597945979
00bbac68_5213,12189.85574118817
00bbac68_5214,12189.869689461693
00bbac68_5215,12189.866995914312
00bbac68_5216,12189.71964492819
00bbac68_5217,12189.847680510602
00bbac68_5218,12189.893635575781
00bbac68_5219,12189.890293949304
00bbac68_5220,12189.883950333518
00bbac68_5221,12189.877606717731
00bbac68_5222,12189.871263101944
00bbac68_5223,12189.864919486157
00bbac68_5224,12189.762887774279
00bbac68_5225,12189.629526271165
00bbac68_5226,12189.626518706085
00bbac68_5227,12189.875452775255
00bbac68_5228,12189.875730104846
00bbac68_5229,12189.985973155337
00bbac68_5230,12189.97962953955
00bbac68_5231,12189.969949873057
00bbac68_5232,12189.963606257272
00bbac68_5233,12189.957754589603
00bbac68_5234,12189.696133288859
00bbac68_5235,12189.689789673073
00bbac68_5236,12189.683446057286
00bbac68_5237,12189.630808574102
00bbac68_5238,12189.624464958317
00bbac68_5239,12189.614785291822
00bbac68_5240,12189.611443665348
00bbac68_5241,12189.512905890897
00bbac68_5242,12189.595754444463
00bbac68_5243,12189.58607477797
00bbac68_5244,12189.579731162183
00bbac68_5245,12189.573387546397
00bbac68_5246,12189.56704393061
00bbac68_5247,12189.557364264117
00bbac68_5248,12189.554022637642
00bbac68_5249,12189.547679021856
00bbac68_5250,12189.537999355363
00bbac68_5251,12189.531655739576
00bbac68_5252,12189.518974083772
00bbac68_5253,12189.509136530556
00bbac68_5254,12189.499456864065
00bbac68_5255,12189.493113248278
00bbac68_5256,12189.483433581785
00bbac68_5257,12189.480583903427
00bbac68_5258,12189.470904236934
00bbac68_5259,12189.375531523572
00bbac68_5260,12189.365851857077
00bbac68_5261,12189.359508241292
00bbac68_5262,12189.435363734947
00bbac68_5263,12189.343484959012
00bbac68_5264,12189.305104513423
00bbac68_5265,12189.324125626026
00bbac68_5266,12189.317782010241
00bbac68_5267,12189.308102343748
00bbac68_5268,12189.383957837403
00bbac68_5269,12189.373630091814
00bbac68_5270,12189.370780413456
00bbac68_5271,12189.658906248724
00bbac68_5272,12189.586610621933
00bbac68_5273,12189.640194994834
00bbac68_5274,12189.633851379049
00bbac68_5275,12189.624171712556
00bbac68_5276,12189.66078591346
00bbac68_5277,12189.63568350239
00bbac68_5278,12189.641426580474
00bbac68_5279,12189.621171692064
00bbac68_5280,12189.611492025573
00bbac68_5281,12189.59831842165
00bbac68_5282,12189.588638755158
00bbac68_5283,12189.578959088665
00bbac68_5284,12189.569279422172
00bbac68_5285,12189.55959975568
00bbac68_5286,12189.549920089186
00bbac68_5287,12189.540240422693
00bbac68_5288,12189.533896806906
00bbac68_5289,12189.524217140413
00bbac68_5290,12189.514537473922
00bbac68_5291,12189.50485780743
00bbac68_5292,12189.495178140936
00bbac68_5293,12189.485498474443
00bbac68_5294,12189.47581880795
00bbac68_5295,12189.466139141457
00bbac68_5296,12189.456459474965
00bbac68_5297,12189.446779808473
00bbac68_5298,12189.437100141979
00bbac68_5299,12189.523424909821
00bbac68_5300,12189.516747232641
00bbac68_5301,12189.504065576837
00bbac68_5302,12189.49772196105
00bbac68_5303,12189.488042294557
00bbac68_5304,12189.481364617375
00bbac68_5305,12189.471684950882
00bbac68_5306,12189.45900329508
00bbac68_5307,12189.449323628585
00bbac68_5308,12189.439643962092
00bbac68_5309,12189.333959861266
00bbac68_5310,12189.327616245479
00bbac68_5311,12189.317936578986
00bbac68_5312,12189.308256912493
00bbac68_5313,12189.30157923531
00bbac68_5314,12189.288897579507
00bbac68_5315,12189.279217913016
00bbac68_5316,12189.272874297229
00bbac68_5317,12189.263194630734
00bbac68_5318,12189.253514964243
00bbac68_5319,12189.24383529775
00bbac68_5320,12189.234155631257
00bbac68_5321,12189.224475964764
00bbac68_5322,12189.218132348979
00bbac68_5323,12189.208452682484
00bbac68_5324,12189.198773015993
00bbac68_5325,12189.1890933495
00bbac68_5326,12189.182749733713
00bbac68_5327,12189.17307006722
00bbac68_5328,12189.166392390038
00bbac68_5329,12189.06801250231
00bbac68_5330,12189.14752500517
00bbac68_5331,12189.137687451956
00bbac68_5332,12189.134503712201
00bbac68_5333,12189.12482404571
00bbac68_5334,12189.065848522509
00bbac68_5335,12189.056010969292
00bbac68_5336,12189.046331302801
00bbac68_5337,12189.036651636306
00bbac68_5338,12189.03030802052
00bbac68_5339,12189.020628354028
00bbac68_5340,12189.010948687535
00bbac68_5341,12189.001269021042
00bbac68_5342,12188.994925405255
00bbac68_5343,12188.985245738764
00bbac68_5344,12188.97556607227
00bbac68_5345,12188.969222456484
00bbac68_5346,12188.959542789991
00bbac68_5347,12188.949863123498
00bbac68_5348,12188.943519507713
00bbac68_5349,12188.933839841218
00bbac68_5350,12188.924160174725
00bbac68_5351,12188.91781655894
00bbac68_5352,12188.908136892447
00bbac68_5353,12188.898457225954
00bbac68_5354,12188.892113610167
00bbac68_5355,12188.79673571175
00bbac68_5356,12188.787056045257
00bbac68_5357,12188.869904598825
00bbac68_5358,12188.86022493233
00bbac68_5359,12188.853881316545
00bbac68_5360,12188.844201650052
00bbac68_5361,12188.83452198356
00bbac68_5362,12188.828178367774
00bbac68_5363,12188.864792568678
00bbac68_5364,12188.858448952891
00bbac68_5365,12189.041060845524
00bbac68_5366,12189.0278872416
00bbac68_5367,12189.021543625815
00bbac68_5368,12189.01186395932
00bbac68_5369,12188.959226476138
00bbac68_5370,12188.949546809647
00bbac68_5371,12188.939867143152
00bbac68_5372,12188.933523527367
00bbac68_5373,12188.923843860874
00bbac68_5374,12188.917500245087
00bbac68_5375,12188.907820578595
00bbac68_5376,12188.901476962808
00bbac68_5377,12188.891797296315
00bbac68_5378,12188.885453680528
00bbac68_5379,12188.875774014035
00bbac68_5380,12188.91238821494
00bbac68_5381,12188.906044599153
00bbac68_5382,12188.896364932658
00bbac68_5383,12188.886685266167
00bbac68_5384,12188.88034165038
00bbac68_5385,12188.870661983887
00bbac68_5386,12188.860982317394
00bbac68_5387,12188.851302650903
00bbac68_5388,12188.841622984408
00bbac68_5389,12188.831943317917
00bbac68_5390,12188.822263651424
00bbac68_5391,12188.81258398493
00bbac68_5392,12188.802904318438
00bbac68_5393,12188.793224651945
00bbac68_5394,12188.783544985452
00bbac68_5395,12188.773865318959
00bbac68_5396,12188.764185652468
00bbac68_5397,12188.754505985973
00bbac68_5398,12188.741490268774
00bbac68_5399,12188.731810602283
00bbac68_5400,12188.722130935788
00bbac68_5401,12188.712451269297
00bbac68_5402,12188.699435552098
00bbac68_5403,12186.425342990526
00bbac68_5404,12186.412327273325
00bbac68_5405,12186.402647606834
00bbac68_5406,12186.389631889633
00bbac68_5407,12186.379952223142
00bbac68_5408,12186.366936505943
00bbac68_5409,12186.35725683945
00bbac68_5410,12186.34424112225
00bbac68_5411,12186.33122540505
00bbac68_5412,12186.32154573856
00bbac68_5413,12186.30853002136
00bbac68_5414,12186.295514304162
00bbac68_5415,12186.282498586961
00bbac68_5416,12186.269482869764
00bbac68_5417,12186.259803203271
00bbac68_5418,12186.24678748607
00bbac68_5419,12186.233771768872
00bbac68_5420,12186.220756051673
00bbac68_5421,12186.207740334474
00bbac68_5422,12186.194724617275
00bbac68_5423,12186.17837284937
00bbac68_5424,12186.165357132171
00bbac68_5425,12186.15234141497
00bbac68_5426,12186.139325697774
00bbac68_5427,12186.126309980575
00bbac68_5428,12186.109958212668
00bbac68_5429,12186.096942495471
00bbac68_5430,12186.179283133511
00bbac68_5431,12186.174154666618
00bbac68_5432,12186.16113894942
00bbac68_5433,12186.120018743664
00bbac68_5434,12186.121196242399
00bbac68_5435,12186.1081805252
00bbac68_5436,12186.091828757293
00bbac68_5437,12186.060635694359
00bbac68_5438,12186.07238841501
00bbac68_5439,12186.046109504285
00bbac68_5440,12186.033093787086
00bbac68_5441,12186.023237945921
00bbac68_5442,12186.006886178015
00bbac68_5443,12185.777943309497
00bbac68_5444,12185.878512269264
00bbac68_5445,12185.957516856599
00bbac68_5446,12185.941165088692
00bbac68_5447,12185.924813320788
00bbac68_5448,12185.909109631979
00bbac68_5449,12185.895759853385
00bbac68_5450,12185.87640609617
00bbac68_5451,12185.860054328263
00bbac68_5452,12185.843702560358
00bbac68_5453,12185.827350792453
00bbac68_5454,12185.810999024547
00bbac68_5455,12185.791311205936
00bbac68_5456,12185.774959438031
00bbac68_5457,12185.755113732697
00bbac68_5458,12185.738761964793
00bbac68_5459,12185.722076135491
00bbac68_5460,12185.709218305015
00bbac68_5461,12185.590366176035
00bbac68_5462,12185.570678357422
00bbac68_5463,12185.557328578827
00bbac68_5464,12185.445446601552
00bbac68_5465,12185.429094833646
00bbac68_5466,12185.516217474567
00bbac68_5467,12185.496529655957
00bbac68_5468,12185.48017788805
00bbac68_5469,12185.368295910775
00bbac68_5470,12185.271300771776
00bbac68_5471,12185.510226688828
00bbac68_5472,12185.521552323207
00bbac68_5473,12185.477471996983
00bbac68_5474,12185.360859319106
00bbac68_5475,12185.323630543166
00bbac68_5476,12185.303942724553
00bbac68_5477,12185.315268358932
00bbac68_5478,12185.299237549527
00bbac68_5479,12185.28288578162
00bbac68_5480,12185.26319796301
00bbac68_5481,12185.305113279192
00bbac68_5482,12185.28542546058
00bbac68_5483,12185.010459957013
00bbac68_5484,12184.994108189108
00bbac68_5485,12184.974420370496
00bbac68_5486,12184.954732551885
00bbac68_5487,12184.934396654178
00bbac68_5488,12184.918044886272
00bbac68_5489,12184.927057846757
00bbac68_5490,12184.917945250061
00bbac68_5491,12184.904743174604
00bbac68_5492,12184.881777403916
00bbac68_5493,12184.909919409587
00bbac68_5494,12184.890231590975
00bbac68_5495,12184.870543772362
00bbac68_5496,12184.829283942468
00bbac68_5497,12184.809596123858
00bbac68_5498,12184.817615301414
00bbac68_5499,12184.797927482803
00bbac68_5500,12184.799811675475
00bbac68_5501,12184.780123856863
00bbac68_5502,12184.760436038252
00bbac68_5503,12184.744084270347
00bbac68_5504,12184.679902678161
00bbac68_5505,12184.660214859548
00bbac68_5506,12184.643804993015
00bbac68_5507,12184.700320733064
00bbac68_5508,12184.673393743242
00bbac68_5509,12184.65370592463
00bbac68_5510,12184.680311973416
00bbac68_5511,12184.667214338355
00bbac68_5512,12184.647526519742
00bbac68_5513,12184.627838701132
00bbac68_5514,12184.611486933225
00bbac68_5515,12184.591799114614
00bbac68_5516,12184.572111296004
00bbac68_5517,12184.552423477391
00bbac68_5518,12184.53273565878
00bbac68_5519,12184.51304784017
00bbac68_5520,12184.499698061574
00bbac68_5521,12184.480010242962
00bbac68_5522,12184.371622203118
00bbac68_5523,12184.351934384506
00bbac68_5524,12184.30785405828
00bbac68_5525,12184.40856318162
00bbac68_5526,12184.477909645639
00bbac68_5527,12184.344637150061
00bbac68_5528,12184.60461952402
00bbac68_5529,12184.464534763458
00bbac68_5530,12184.444846944845
00bbac68_5531,12184.425159126235
00bbac68_5532,12184.5220579739
00bbac68_5533,12184.505706205995
00bbac68_5534,12184.486018387384
00bbac68_5535,12184.374136410108
00bbac68_5536,12184.354448591497
00bbac68_5537,12184.310368265273
00bbac68_5538,12184.244386579263
00bbac68_5539,12184.224698760652
00bbac68_5540,12184.118043078859
00bbac68_5541,12184.067363369406
00bbac68_5542,12184.078689003787
00bbac68_5543,12184.027987732185
00bbac68_5544,12183.922764753424
00bbac68_5545,12183.880997101092
00bbac68_5546,12183.861309282482
00bbac68_5547,12183.866013971485
00bbac68_5548,12183.941856362242
00bbac68_5549,12183.919166554322
00bbac68_5550,12183.9897826496
00bbac68_5551,12183.973588768416
00bbac68_5552,12183.741944105035
00bbac68_5553,12183.722256286423
00bbac68_5554,12183.702568467812
00bbac68_5555,12183.682880649201
00bbac68_5556,12183.66319283059
00bbac68_5557,12183.643347125255
00bbac68_5558,12183.626661295955
00bbac68_5559,12183.603971488032
00bbac68_5560,12183.584283669421
00bbac68_5561,12183.56459585081
00bbac68_5562,12183.544908032198
00bbac68_5563,12183.525220213585
00bbac68_5564,12183.509026332405
00bbac68_5565,12183.488690434697
00bbac68_5566,12183.469002616086
00bbac68_5567,12183.44996287657
00bbac68_5568,12183.430275057959
00bbac68_5569,12183.413923290052
00bbac68_5570,12183.390741534013
00bbac68_5571,12183.381628937319
00bbac68_5572,12183.361941118706
00bbac68_5573,12183.342253300096
00bbac68_5574,12183.294460992929
00bbac68_5575,12183.235769172012
00bbac68_5576,12183.216081353401
00bbac68_5577,12183.196393534789
00bbac68_5578,12183.17336966547
00bbac68_5579,12183.182382625955
00bbac68_5580,12183.162694807344
00bbac68_5581,12183.228542148881
00bbac68_5582,12183.20885433027
00bbac68_5583,12183.18916651166
00bbac68_5584,12183.169478693047
00bbac68_5585,12183.149790874437
00bbac68_5586,12183.12976899443
00bbac68_5587,12183.110081175817
00bbac68_5588,12183.090393357204
00bbac68_5589,12183.067703549284
00bbac68_5590,12183.072386676136
00bbac68_5591,12183.049362806818
00bbac68_5592,12183.029674988207
00bbac68_5593,12183.009987169595
00bbac68_5594,12182.990299350984
00bbac68_5595,12183.287172677801
00bbac68_5596,12183.313778726588
00bbac68_5597,12183.297092897286
00bbac68_5598,12183.274069027968
00bbac68_5599,12183.251379220046
00bbac68_5600,12183.231691401435
00bbac68_5601,12183.208667532119
00bbac68_5602,12183.188979713506
00bbac68_5603,12183.122998027498
00bbac68_5604,12182.840837793212
00bbac68_5605,12182.8211499746
00bbac68_5606,12182.798126105283
00bbac68_5607,12182.827578012402
00bbac68_5608,12182.80789019379
00bbac68_5609,12182.78551440357
00bbac68_5610,12182.765826584957
00bbac68_5611,12182.74280271564
00bbac68_5612,12182.723114897028
00bbac68_5613,12182.696597090282
00bbac68_5614,12182.676909271671
00bbac68_5615,12182.653885402353
00bbac68_5616,12182.634355470464
00bbac68_5617,12182.611173714424
00bbac68_5618,12182.755445143943
00bbac68_5619,12182.73575732533
00bbac68_5620,12182.712733456014
00bbac68_5621,12182.689709586695
00bbac68_5622,12182.670021768083
00bbac68_5623,12182.646997898766
00bbac68_5624,12182.626662001057
00bbac68_5625,12182.60363813174
00bbac68_5626,12182.59118948434
00bbac68_5627,12182.491962056363
00bbac68_5628,12182.468996285674
00bbac68_5629,12182.469542257742
00bbac68_5630,12182.446518388426
00bbac68_5631,12182.426830569813
00bbac68_5632,12182.499811134834
00bbac68_5633,12182.437527796477
00bbac68_5634,12182.3591704863
00bbac68_5635,12182.380310711798
00bbac68_5636,12182.360622893188
00bbac68_5637,12182.751424200022
00bbac68_5638,12182.728400330705
00bbac68_5639,12182.705376461388
00bbac68_5640,12182.68235259207
00bbac68_5641,12182.655834785322
00bbac68_5642,12182.632810916006
00bbac68_5643,12182.613123097393
00bbac68_5644,12182.590099228077
00bbac68_5645,12182.567075358758
00bbac68_5646,12182.379246260221
00bbac68_5647,12182.356222390903
00bbac68_5648,12182.333198521585
00bbac68_5649,12182.310174652266
00bbac68_5650,12182.28715078295
00bbac68_5651,12182.264126913633
00bbac68_5652,12182.241103044315
00bbac68_5653,12182.307910612551
00bbac68_5654,12182.285534822331
00bbac68_5655,12182.262510953013
00bbac68_5656,12182.260411015883
00bbac68_5657,12182.16422204033
00bbac68_5658,12182.246014963705
00bbac68_5659,12182.19838054326
00bbac68_5660,12182.192885940582
00bbac68_5661,12182.172864060574
00bbac68_5662,12182.0266325796
00bbac68_5663,12182.003608710282
00bbac68_5664,12181.980584840965
00bbac68_5665,12181.95422492094
00bbac68_5666,12182.096006280844
00bbac68_5667,12182.072982411526
00bbac68_5668,12181.966275573697
00bbac68_5669,12181.93975776695
00bbac68_5670,12181.916733897631
00bbac68_5671,12182.006960643885
00bbac68_5672,12181.984428722688
00bbac68_5673,12182.05170876726
00bbac68_5674,12182.028684897941
00bbac68_5675,12182.008663017936
00bbac68_5676,12181.982303097911
00bbac68_5677,12181.8635911325
00bbac68_5678,12181.947424705319
00bbac68_5679,12181.92139884669
00bbac68_5680,12181.898374977372
00bbac68_5681,12181.776010623014
00bbac68_5682,12181.752986753698
00bbac68_5683,12181.733456821807
00bbac68_5684,12181.71043295249
00bbac68_5685,12181.684073032466
00bbac68_5686,12181.660401084053
00bbac68_5687,12181.637377214734
00bbac68_5688,12181.614353345416
00bbac68_5689,12181.535304607914
00bbac68_5690,12181.519633108644
00bbac68_5691,12181.496609239326
00bbac68_5692,12181.470249319302
00bbac68_5693,12181.447225449983
00bbac68_5694,12181.842651602754
00bbac68_5695,12181.816133796005
00bbac68_5696,12181.789773875982
00bbac68_5697,12181.766750006664
00bbac68_5698,12181.743726137345
00bbac68_5699,12181.717366217323
00bbac68_5700,12181.790346782342
00bbac68_5701,12181.767322913023
00bbac68_5702,12181.740962993
00bbac68_5703,12181.717939123682
00bbac68_5704,12181.68025197089
00bbac68_5705,12181.653892050868
00bbac68_5706,12181.63086818155
00bbac68_5707,12181.607844312233
00bbac68_5708,12181.585626408734
00bbac68_5709,12181.562602539416
00bbac68_5710,12181.5395786701
00bbac68_5711,12181.512570670979
00bbac68_5712,12181.489546801662
00bbac68_5713,12181.463186881638
00bbac68_5714,12181.276005862197
00bbac68_5715,12181.25233391378
00bbac68_5716,12181.225973993758
00bbac68_5717,12181.203598203536
00bbac68_5718,12181.177238283512
00bbac68_5719,12181.154214414195
00bbac68_5720,12181.131190544878
00bbac68_5721,12181.184404401318
00bbac68_5722,12181.084073409242
00bbac68_5723,12181.089662773955
00bbac68_5724,12181.067286983733
00bbac68_5725,12181.040278984612
00bbac68_5726,12181.017903194392
00bbac68_5727,12181.007818844337
00bbac68_5728,12181.044722963708
00bbac68_5729,12181.021699094392
00bbac68_5730,12180.97072862324
00bbac68_5731,12180.947704753924
00bbac68_5732,12180.9213448339
00bbac68_5733,12180.894827027152
00bbac68_5734,12180.868467107128
00bbac68_5735,12180.84544323781
00bbac68_5736,12180.81843523869
00bbac68_5737,12180.795411369374
00bbac68_5738,12180.800649875335
00bbac68_5739,12180.762203261438
00bbac68_5740,12180.672432654354
00bbac68_5741,12180.645914847606
00bbac68_5742,12180.66340062206
00bbac68_5743,12180.619452820556
00bbac68_5744,12180.534443056255
00bbac68_5745,12180.511419186936
00bbac68_5746,12180.485059266914
00bbac68_5747,12180.462193284318
00bbac68_5748,12180.439169415
00bbac68_5749,12180.412809494977
00bbac68_5750,12180.389785625659
00bbac68_5751,12180.359931768206
00bbac68_5752,12180.611853926735
00bbac68_5753,12180.585494006711
00bbac68_5754,12180.559134086687
00bbac68_5755,12180.53611021737
00bbac68_5756,12180.46178450515
00bbac68_5757,12180.438760635832
00bbac68_5758,12180.41240071581
00bbac68_5759,12180.393518863017
00bbac68_5760,12180.366510863896
00bbac68_5761,12180.34348699458
00bbac68_5762,12180.317775153651
00bbac68_5763,12180.291415233627
00bbac68_5764,12180.327041208588
00bbac68_5765,12180.273617509747
00bbac68_5766,12180.221922307768
00bbac68_5767,12180.19491430865
00bbac68_5768,12180.325947155981
00bbac68_5769,12180.34757494696
00bbac68_5770,12180.303627145455
00bbac68_5771,12180.298191157619
00bbac68_5772,12180.275815367397
00bbac68_5773,12180.25279149808
00bbac68_5774,12180.226431578056
00bbac68_5775,12180.178989839122
00bbac68_5776,12180.093331995726
00bbac68_5777,12180.128957970684
00bbac68_5778,12180.10259805066
00bbac68_5779,12180.056652419053
00bbac68_5780,12180.113267947194
00bbac68_5781,12180.113107370827
00bbac68_5782,12180.090083501509
00bbac68_5783,12180.039331073873
00bbac68_5784,12180.040699712168
00bbac68_5785,12180.011337802833
00bbac68_5786,12179.991315922825
00bbac68_5787,12179.968292053509
00bbac68_5788,12179.917546532322
00bbac68_5789,12179.866636217961
00bbac68_5790,12179.843612348644
00bbac68_5791,12179.900543937834
00bbac68_5792,12179.877520068516
00bbac68_5793,12179.854496199197
00bbac68_5794,12179.828136279173
00bbac68_5795,12179.805112409857
00bbac68_5796,12179.779086551229
00bbac68_5797,12179.755728620516
00bbac68_5798,12179.786309053146
00bbac68_5799,12179.777948467301
00bbac68_5800,12179.727196039665
00bbac68_5801,12179.632560243625
00bbac68_5802,12179.609536374306
00bbac68_5803,12179.58651250499
00bbac68_5804,12179.560152584965
00bbac68_5805,12179.49083484825
00bbac68_5806,12179.467810978933
00bbac68_5807,12179.4384490696
00bbac68_5808,12179.41542520028
00bbac68_5809,12179.395895268393
00bbac68_5810,12179.372871399075
00bbac68_5811,12179.325476584294
00bbac68_5812,12179.323487609734
00bbac68_5813,12179.300463740416
00bbac68_5814,12179.277439871099
00bbac68_5815,12179.254416001782
00bbac68_5816,12179.227250115937
00bbac68_5817,12179.200890195913
00bbac68_5818,12179.158005022957
00bbac68_5819,12179.058777594979
00bbac68_5820,12179.00810482812
00bbac68_5821,12179.029574732376
00bbac68_5822,12179.030921808524
00bbac68_5823,12178.983637956313
00bbac68_5824,12178.960614086995
00bbac68_5825,12178.937590217676
00bbac68_5826,12178.915214427456
00bbac68_5827,12178.892190558137
00bbac68_5828,12178.890090621007
00bbac68_5829,12178.822572978115
00bbac68_5830,12178.770877776136
00bbac68_5831,12178.775819061755
00bbac68_5832,12178.432841038491
00bbac68_5833,12178.409817169173
00bbac68_5834,12178.461758499916
00bbac68_5835,12178.4867223416
00bbac68_5836,12178.442774540097
00bbac68_5837,12178.441322682062
00bbac68_5838,12178.418298812745
00bbac68_5839,12178.395274943427
00bbac68_5840,12178.44668349716
00bbac68_5841,12178.423659627844
00bbac68_5842,12178.345302317666
00bbac68_5843,12178.362948605736
00bbac68_5844,12178.307244366655
00bbac68_5845,12178.239726723765
00bbac68_5846,12178.216702854446
00bbac68_5847,12178.213754889086
00bbac68_5848,12178.191379098866
00bbac68_5849,12178.168355229549
00bbac68_5850,12178.166255292417
00bbac68_5851,12178.098737649525
00bbac68_5852,12178.046394368452
00bbac68_5853,12178.055967862967
00bbac68_5854,12178.050248550711
00bbac68_5855,12178.027224681393
00bbac68_5856,12178.004200812074
00bbac68_5857,12178.004374297103
00bbac68_5858,12177.981350427786
00bbac68_5859,12177.958326558468
00bbac68_5860,12177.935302689151
00bbac68_5861,12177.911630740737
00bbac68_5862,12177.889254950514
00bbac68_5863,12177.869567131904
00bbac68_5864,12177.846543262585
00bbac68_5865,12177.822871314173
00bbac68_5866,12177.779986141215
00bbac68_5867,12177.760298322602
00bbac68_5868,12177.737922532382
00bbac68_5869,12177.714898663065
00bbac68_5870,12177.695210844453
00bbac68_5871,12177.692048278775
00bbac68_5872,12177.669024409457
00bbac68_5873,12177.649336590846
00bbac68_5874,12177.685211723126
00bbac68_5875,12177.66218785381
00bbac68_5876,12177.6425000352
00bbac68_5877,12177.618828086783
00bbac68_5878,12177.602634205603
00bbac68_5879,12177.520711334684
00bbac68_5880,12177.481162212434
00bbac68_5881,12177.381934784458
00bbac68_5882,12177.359617092865
00bbac68_5883,12177.336593223547
00bbac68_5884,12177.25796120086
00bbac68_5885,12177.290342395714
00bbac68_5886,12177.211755575501
00bbac68_5887,12177.188731706185
00bbac68_5888,12177.169043887574
00bbac68_5889,12177.149356068961
00bbac68_5890,12177.126332199643
00bbac68_5891,12177.106644381032
00bbac68_5892,12177.08695656242
00bbac68_5893,12177.063932693103
00bbac68_5894,12177.04424487449
00bbac68_5895,12177.025205134976
00bbac68_5896,12177.001533186562
00bbac68_5897,12176.98184536795
00bbac68_5898,12176.962805628435
00bbac68_5899,12176.946611747255
00bbac68_5900,12176.944511810123
00bbac68_5901,12176.933524851644
00bbac68_5902,12177.02198987643
00bbac68_5903,12177.00230205782
00bbac68_5904,12177.002475542846
00bbac68_5905,12176.97945167353
00bbac68_5906,12176.956269917488
00bbac68_5907,12176.936582098875
00bbac68_5908,12176.916894280264
00bbac68_5909,12176.897206461654
00bbac68_5910,12176.877518643043
00bbac68_5911,12176.85783082443
00bbac68_5912,12176.83814300582
00bbac68_5913,12176.818455187207
00bbac68_5914,12176.798767368597
00bbac68_5915,12176.779079549986
00bbac68_5916,12176.818290732972
00bbac68_5917,12176.805098841101
00bbac68_5918,12176.761018514875
00bbac68_5919,12176.765723203878
00bbac68_5920,12176.743033395958
00bbac68_5921,12176.723345577346
00bbac68_5922,12176.706659748044
00bbac68_5923,12176.829231593943
00bbac68_5924,12176.80954377533
00bbac68_5925,12176.789855956718
00bbac68_5926,12176.773504188815
00bbac68_5927,12176.753816370203
00bbac68_5928,12176.73412855159
00bbac68_5929,12176.768045034929
00bbac68_5930,12176.798142622438
00bbac68_5931,12176.781790854531
00bbac68_5932,12176.75910104661
00bbac68_5933,12176.643408793661
00bbac68_5934,12176.623720975049
00bbac68_5935,12176.607369207144
00bbac68_5936,12176.590683377843
00bbac68_5937,12176.56799356992
00bbac68_5938,12176.551641802016
00bbac68_5939,12176.531953983405
00bbac68_5940,12176.512266164793
00bbac68_5941,12176.449620529493
00bbac68_5942,12176.429932710882
00bbac68_5943,12176.41024489227
00bbac68_5944,12176.393893124365
00bbac68_5945,12176.374205305754
00bbac68_5946,12176.357853537847
00bbac68_5947,12176.338165719237
00bbac68_5948,12176.318477900626
00bbac68_5949,12176.30212613272
00bbac68_5950,12176.282438314109
00bbac68_5951,12176.265752484807
00bbac68_5952,12176.246398727591
00bbac68_5953,12176.23320683572
00bbac68_5954,12176.213519017107
00bbac68_5955,12176.194165259893
00bbac68_5956,12176.174477441282
00bbac68_5957,12176.15478962267
00bbac68_5958,12176.141439844074
00bbac68_5959,12175.993548236584
00bbac68_5960,12175.976611792688
00bbac68_5961,12175.960260024784
00bbac68_5962,12175.940572206173
00bbac68_5963,12175.92088438756
00bbac68_5964,12175.901038682226
00bbac68_5965,12175.881350863616
00bbac68_5966,12175.861663045003
00bbac68_5967,12175.970513076665
00bbac68_5968,12175.95367111639
00bbac68_5969,12175.933983297777
00bbac68_5970,12175.895082254621
00bbac68_5971,12175.87808240762
00bbac68_5972,12175.859042668104
00bbac68_5973,12175.820438167484
00bbac68_5974,12175.739969534792
00bbac68_5975,12175.723617766887
00bbac68_5976,12175.750223815674
00bbac68_5977,12175.743475516327
00bbac68_5978,12175.80691304075
00bbac68_5979,12175.794055210274
00bbac68_5980,12175.777369380972
00bbac68_5981,12175.754679573052
00bbac68_5982,12175.73499175444
00bbac68_5983,12175.715303935829
00bbac68_5984,12175.698952167924
00bbac68_5985,12175.67577041188
00bbac68_5986,12175.65608259327
00bbac68_5987,12175.636394774658
00bbac68_5988,12175.616706956047
00bbac68_5989,12175.600355188142
00bbac68_5990,12175.580667369532
00bbac68_5991,12175.560979550919
00bbac68_5992,12175.541291732308
00bbac68_5993,12175.521603913698
00bbac68_5994,12175.501916095085
00bbac68_5995,12175.434741711491
00bbac68_5996,12175.418389943587
00bbac68_5997,12175.401704114285
00bbac68_5998,12175.385510233104
00bbac68_5999,12175.359326487753
00bbac68_6000,12175.339638669142
00bbac68_6001,12175.32644677727
00bbac68_6002,12175.306758958659
00bbac68_6003,12175.280575213306
00bbac68_6004,12175.264223445402
00bbac68_6005,12175.24453562679
00bbac68_6006,12175.224847808178
00bbac68_6007,12175.208161978877
00bbac68_6008,12175.188474160266
00bbac68_6009,12175.168786341654
00bbac68_6010,12173.835282722768
00bbac68_6011,12173.812592914848
00bbac68_6012,12173.792905096236
00bbac68_6013,12173.773217277625
00bbac68_6014,12173.753529459012
00bbac68_6015,12173.733841640402
00bbac68_6016,12173.667859954392
00bbac68_6017,12173.648172135781
00bbac68_6018,12173.631820367875
00bbac68_6019,12173.612132549264
00bbac68_6020,12173.592444730653
00bbac68_6021,12173.572756912043
00bbac68_6022,12173.55306909343
00bbac68_6023,12173.53338127482
00bbac68_6024,12173.513693456207
00bbac68_6025,12173.494005637596
00bbac68_6026,12173.474317818984
00bbac68_6027,12173.454630000373
00bbac68_6028,12173.434942181762
00bbac68_6029,12173.414606284054
00bbac68_6030,12173.39556654454
00bbac68_6031,12173.375878725928
00bbac68_6032,12173.356190907316
00bbac68_6033,12173.333167037998
00bbac68_6034,12173.56727075883
00bbac68_6035,12173.547582940218
00bbac68_6036,12173.530897110915
00bbac68_6037,12173.508207302995
00bbac68_6038,12173.488519484385
00bbac68_6039,12173.468831665772
00bbac68_6040,12173.45214583647
00bbac68_6041,12173.432458017858
00bbac68_6042,12173.412770199247
00bbac68_6043,12173.393082380637
00bbac68_6044,12173.373394562024
00bbac68_6045,12173.353706743414
00bbac68_6046,12173.331016935492
00bbac68_6047,12173.311329116881
00bbac68_6048,12173.291641298269
00bbac68_6049,12173.271953479658
00bbac68_6050,12173.255267650356
00bbac68_6051,12173.21468126156
00bbac68_6052,12173.219385950562
00bbac68_6053,12173.19669614264
00bbac68_6054,12173.17700832403
00bbac68_6055,12173.160322494728
00bbac68_6056,12173.137632686807
00bbac68_6057,12173.117944868196
00bbac68_6058,12173.098257049583
00bbac68_6059,12173.078569230973
00bbac68_6060,12173.058881412362
00bbac68_6061,12173.03569965632
00bbac68_6062,12173.012675787002
00bbac68_6063,12172.992987968391
00bbac68_6064,12172.97330014978
00bbac68_6065,12172.95361233117
00bbac68_6066,12172.933924512557
00bbac68_6067,12172.914236693945
00bbac68_6068,12172.894548875334
00bbac68_6069,12172.874861056724
00bbac68_6070,12172.855173238113
00bbac68_6071,12172.8354854195
00bbac68_6072,12172.815797600888
00bbac68_6073,12172.796109782277
00bbac68_6074,12172.776421963667
00bbac68_6075,12172.756734145056
00bbac68_6076,12172.737046326443
00bbac68_6077,12172.71735850783
00bbac68_6078,12172.69767068922
00bbac68_6079,12172.677334791513
00bbac68_6080,12172.851019189566
00bbac68_6081,12172.831331370953
00bbac68_6082,12172.81164355234
00bbac68_6083,12172.841585651831
00bbac68_6084,12172.82189783322
00bbac68_6085,12172.80221001461
00bbac68_6086,12172.782522195997
00bbac68_6087,12172.742324994651
00bbac68_6088,12172.723285255135
00bbac68_6089,12172.723458740164
00bbac68_6090,12172.703770921551
00bbac68_6091,12172.68408310294
00bbac68_6092,12172.66788922176
00bbac68_6093,12172.648201403148
00bbac68_6094,12172.628513584537
00bbac68_6095,12172.608825765925
00bbac68_6096,12172.589137947314
00bbac68_6097,12172.565956191273
00bbac68_6098,12172.54626837266
00bbac68_6099,12172.53007449148
00bbac68_6100,12172.506892735439
00bbac68_6101,12172.487204916826
00bbac68_6102,12172.467517098215
00bbac68_6103,12172.447829279605
00bbac68_6104,12172.428141460992
00bbac68_6105,12172.504458076717
00bbac68_6106,12172.484770258106
00bbac68_6107,12172.465082439496
00bbac68_6108,12172.445394620883
00bbac68_6109,12172.332704357246
00bbac68_6110,12172.313016538636
00bbac68_6111,12172.293662781418
00bbac68_6112,12172.273974962807
00bbac68_6113,12172.254287144195
00bbac68_6114,12172.234599325584
00bbac68_6115,12172.214911506973
00bbac68_6116,12172.19522368836
00bbac68_6117,12172.17553586975
00bbac68_6118,12172.158850040449
00bbac68_6119,12172.136160232527
00bbac68_6120,12172.116472413916
00bbac68_6121,12172.096784595304
00bbac68_6122,12172.202421904396
00bbac68_6123,12172.182734085785
00bbac68_6124,12172.163046267173
00bbac68_6125,12172.14335844856
00bbac68_6126,12172.127006680657
00bbac68_6127,12172.107318862045
00bbac68_6128,12172.087631043434
00bbac68_6129,12172.273023825808
00bbac68_6130,12172.253336007198
00bbac68_6131,12172.233648188585
00bbac68_6132,12172.213960369974
00bbac68_6133,12172.194272551362
00bbac68_6134,12172.174584732751
00bbac68_6135,12172.15489691414
00bbac68_6136,12172.138545146234
00bbac68_6137,12172.118857327623
00bbac68_6138,12172.099169509012
00bbac68_6139,12172.0794816904
00bbac68_6140,12172.05979387179
00bbac68_6141,12172.043442103884
00bbac68_6142,12172.023754285272
00bbac68_6143,12172.004066466661
00bbac68_6144,12171.990716688068
00bbac68_6145,12171.968026880144
00bbac68_6146,12171.948339061531
00bbac68_6147,12171.93498928294
00bbac68_6148,12171.86900759693
00bbac68_6149,12171.84631778901
00bbac68_6150,12171.829966021105
00bbac68_6151,12171.810278202493
00bbac68_6152,12171.793926434588
00bbac68_6153,12171.777240605286
00bbac68_6154,12171.76088883738
00bbac68_6155,12171.741201018769
00bbac68_6156,12171.724849250864
00bbac68_6157,12171.702159442943
00bbac68_6158,12171.685807675038
00bbac68_6159,12171.669121845736
00bbac68_6160,12171.65277007783
00bbac68_6161,12171.636418309925
00bbac68_6162,12171.616730491314
00bbac68_6163,12171.597376734098
00bbac68_6164,12171.581024966194
00bbac68_6165,12171.564339136892
00bbac68_6166,12171.547987368987
00bbac68_6167,12171.53163560108
00bbac68_6168,12171.50894579316
00bbac68_6169,12171.492594025256
00bbac68_6170,12171.454851739047
00bbac68_6171,12171.43849997114
00bbac68_6172,12171.29032545829
00bbac68_6173,12171.241936860586
00bbac68_6174,12171.232206038057
00bbac68_6175,12171.240246777765
00bbac68_6176,12171.223895009858
00bbac68_6177,12171.207543241955
00bbac68_6178,12171.18818948474
00bbac68_6179,12171.174839706144
00bbac68_6180,12171.158487938239
00bbac68_6181,12171.142136170332
00bbac68_6182,12171.12578440243
00bbac68_6183,12171.109432634523
00bbac68_6184,12171.093080866618
00bbac68_6185,12171.073727109402
00bbac68_6186,12171.057375341497
00bbac68_6187,12171.04102357359
00bbac68_6188,12171.024671805686
00bbac68_6189,12171.008320037781
00bbac68_6190,12170.994970259188
00bbac68_6191,12170.981954541987
00bbac68_6192,12170.962600784773
00bbac68_6193,12170.946249016866
00bbac68_6194,12170.929897248961
00bbac68_6195,12170.913545481057
00bbac68_6196,12170.900529763858
00bbac68_6197,12170.884177995951
00bbac68_6198,12170.867826228046
00bbac68_6199,12170.851474460142
00bbac68_6200,12170.838458742943
00bbac68_6201,12170.825108964349
00bbac68_6202,12170.808757196442
00bbac68_6203,12170.768221963683
00bbac68_6204,12170.782883648768
00bbac68_6205,12170.769867931569
00bbac68_6206,12170.750514174353
00bbac68_6207,12170.73416240645
00bbac68_6208,12170.721146689251
00bbac68_6209,12170.704794921345
00bbac68_6210,12170.691779204146
00bbac68_6211,12170.675427436241
00bbac68_6212,12170.665413708351
00bbac68_6213,12170.645902064412
00bbac68_6214,12170.629550296508
00bbac68_6215,12170.616534579309
00bbac68_6216,12170.5787922931
00bbac68_6217,12170.590169083514
00bbac68_6218,12170.577153366316
00bbac68_6219,12170.56080159841
00bbac68_6220,12170.547785881212
00bbac68_6221,12170.5317681747
00bbac68_6222,12170.515416406797
00bbac68_6223,12170.502400689596
00bbac68_6224,12170.489384972398
00bbac68_6225,12170.4763692552
00bbac68_6226,12170.460017487294
00bbac68_6227,12170.450003759406
00bbac68_6228,12170.436988042207
00bbac68_6229,12170.420970335697
00bbac68_6230,12170.407954618498
00bbac68_6231,12170.3949389013
00bbac68_6232,12170.3819231841
00bbac68_6233,12170.371909456211
00bbac68_6234,12170.355891749703
00bbac68_6235,12171.392479319937
00bbac68_6236,12171.353764812951
00bbac68_6237,12171.319850525568
00bbac68_6238,12171.331227315983
00bbac68_6239,12171.318211598784
00bbac68_6240,12171.305195881585
00bbac68_6241,12171.295516215092
00bbac68_6242,12171.282500497893
00bbac68_6243,12171.269484780694
00bbac68_6244,12171.259805114201
00bbac68_6245,12171.243295459573
00bbac68_6246,12171.230279742374
00bbac68_6247,12171.21759808657
00bbac68_6248,12171.204582369372
00bbac68_6249,12171.194902702879
00bbac68_6250,12171.18188698568
00bbac68_6251,12171.175209308498
00bbac68_6252,12171.162193591299
00bbac68_6253,12171.152513924806
00bbac68_6254,12171.139498207607
00bbac68_6255,12171.129818541114
00bbac68_6256,12171.120138874623
00bbac68_6257,12171.107123157422
00bbac68_6258,12171.09744349093
00bbac68_6259,12171.087763824438
00bbac68_6260,12171.078084157944
00bbac68_6261,12171.065068440745
00bbac68_6262,12171.055388774254
00bbac68_6263,12171.045709107759
00bbac68_6264,12171.033027451957
00bbac68_6265,12171.023347785464
00bbac68_6266,12171.016670108282
00bbac68_6267,12171.003988452478
00bbac68_6268,12170.994308785985
00bbac68_6269,12170.984629119492
00bbac68_6270,12170.974949453
00bbac68_6271,12170.965269786506
00bbac68_6272,12170.955590120015
00bbac68_6273,12170.945910453522
00bbac68_6274,12170.93923277634
00bbac68_6275,12170.908496652939
00bbac68_6276,12170.898816986446
00bbac68_6277,12170.913529827567
00bbac68_6278,12170.903850161074
00bbac68_6279,12170.897506545287
00bbac68_6280,12170.887826878796
00bbac68_6281,12170.857090755395
00bbac68_6282,12170.847411088902
00bbac68_6283,12170.862123930023
00bbac68_6284,12170.855780314236
00bbac68_6285,12170.846100647745
00bbac68_6286,12170.807081791596
00bbac68_6287,12170.828415578093
00bbac68_6288,12170.822071962306
00bbac68_6289,12170.784714893529
00bbac68_6290,12170.806048680026
00bbac68_6291,12170.79670307493
00bbac68_6292,12170.795515183943
00bbac68_6293,12170.78583551745
00bbac68_6294,12170.779491901663
00bbac68_6295,12170.773148285876
00bbac68_6296,12170.766804670091
00bbac68_6297,12170.760461054304
00bbac68_6298,12170.750623501088
00bbac68_6299,12170.740943834595
00bbac68_6300,12170.73460021881
00bbac68_6301,12170.728256603023
00bbac68_6302,12170.724914976547
00bbac68_6303,12170.718571360761
00bbac68_6304,12170.712227744974
00bbac68_6305,12170.709220179893
00bbac68_6306,12170.702876564106
00bbac68_6307,12170.696532948321
00bbac68_6308,12170.690189332534
00bbac68_6309,12170.680843727436
00bbac68_6310,12170.67450011165
00bbac68_6311,12170.67149254657
00bbac68_6312,12170.668150920093
00bbac68_6313,12170.661807304306
00bbac68_6314,12170.658799739227
00bbac68_6315,12170.65245612344
00bbac68_6316,12170.643110518344
00bbac68_6317,12170.643104942574
00bbac68_6318,12170.636761326787
00bbac68_6319,12170.633753761707
00bbac68_6320,12170.62741014592
00bbac68_6321,12170.621400591528
00bbac68_6322,12170.615056975741
00bbac68_6323,12170.615051399973
00bbac68_6324,12170.608707784186
00bbac68_6325,12170.605700219106
00bbac68_6326,12170.574964095706
00bbac68_6327,12170.565335585248
00bbac68_6328,12170.588343635081
00bbac68_6329,12170.58533607
00bbac68_6330,12170.580654241585
00bbac68_6331,12170.574310625798
00bbac68_6332,12170.571303060718
00bbac68_6333,12170.564959444931
00bbac68_6334,12170.561951879852
00bbac68_6335,12170.552606274754
00bbac68_6336,12170.546262658967
00bbac68_6337,12170.543255093888
00bbac68_6338,12170.5369114781
00bbac68_6339,12170.530567862315
00bbac68_6340,12170.524224246528
00bbac68_6341,12170.521216681447
00bbac68_6342,12170.514873065662
00bbac68_6343,12170.511531439184
00bbac68_6344,12170.505187823399
00bbac68_6345,12170.502180258318
00bbac68_6346,12170.49583664253
00bbac68_6347,12170.489493026746
00bbac68_6348,12170.480147421647
00bbac68_6349,12170.47380380586
00bbac68_6350,12170.470796240781
00bbac68_6351,12170.464452624994
00bbac68_6352,12170.458109009207
00bbac68_6353,12170.45176539342
00bbac68_6354,12170.448423766946
00bbac68_6355,12170.439078161848
00bbac68_6356,12170.43273454606
00bbac68_6357,12170.429392919586
00bbac68_6358,12170.398656796186
00bbac68_6359,12170.38569223502
00bbac68_6360,12170.410362072227
00bbac68_6361,12170.40401845644
00bbac68_6362,12170.397674840653
00bbac68_6363,12170.391331224866
00bbac68_6364,12170.38198561977
00bbac68_6365,12170.375642003983
00bbac68_6366,12170.369298388196
00bbac68_6367,12170.366448709838
00bbac68_6368,12171.09067465871
00bbac68_6369,12171.084331042925
00bbac68_6370,12171.077987427137
00bbac68_6371,12171.07164381135
00bbac68_6372,12171.065300195565
00bbac68_6373,12171.058956579778
00bbac68_6374,12171.052122771618
00bbac68_6375,12171.045779155831
00bbac68_6376,12171.04008361914
00bbac68_6377,12171.036741992664
00bbac68_6378,12171.030398376877
00bbac68_6379,12171.020718710384
00bbac68_6380,12171.014375094597
00bbac68_6381,12171.008031478812
00bbac68_6382,12171.001687863025
00bbac68_6383,12170.992008196532
00bbac68_6384,12170.985664580745
00bbac68_6385,12170.954928457344
00bbac68_6386,12170.969483411744
00bbac68_6387,12170.95980374525
00bbac68_6388,12170.953460129464
00bbac68_6389,12170.944114524369
00bbac68_6390,12170.934434857874
00bbac68_6391,12170.931093231398
00bbac68_6392,12170.921413564905
00bbac68_6393,12170.890677441505
00bbac68_6394,12170.908726333331
00bbac68_6395,12170.899046666838
00bbac68_6396,12170.892703051053
00bbac68_6397,12170.88302338456
00bbac68_6398,12170.873677779464
00bbac68_6399,12170.867492050402
00bbac68_6400,12170.864150423922
00bbac68_6401,12170.85447075743
00bbac68_6402,12170.845125152335
00bbac68_6403,12170.834953537722
00bbac68_6404,12170.828609921935
00bbac68_6405,12170.818930255442
00bbac68_6406,12170.812586639655
00bbac68_6407,12170.802906973164
00bbac68_6408,12170.768834799057
00bbac68_6409,12170.76249118327
00bbac68_6410,12170.77720402439
00bbac68_6411,12170.767858419294
00bbac68_6412,12170.761180742113
00bbac68_6413,12170.751501075618
00bbac68_6414,12170.745157459833
00bbac68_6415,12170.73547779334
00bbac68_6416,12170.722796137537
00bbac68_6417,12170.71994645918
00bbac68_6418,12170.70961871359
00bbac68_6419,12170.699939047097
00bbac68_6420,12170.693595431312
00bbac68_6421,12170.684563843915
00bbac68_6422,12170.674884177422
00bbac68_6423,12170.668540561635
00bbac68_6424,12170.658860895142
00bbac68_6425,12170.649181228651
00bbac68_6426,12170.642837612864
00bbac68_6427,12170.633157946371
00bbac68_6428,12170.623478279878
00bbac68_6429,12170.613640726662
00bbac68_6430,12170.60396106017
00bbac68_6431,12170.594281393676
00bbac68_6432,12170.587937777891
00bbac68_6433,12170.578258111398
00bbac68_6434,12170.571914495611
00bbac68_6435,12170.562234829118
00bbac68_6436,12170.555557151934
00bbac68_6437,12170.54621154684
00bbac68_6438,12170.536531880345
00bbac68_6439,12170.555552992948
00bbac68_6440,12170.54920937716
00bbac68_6441,12170.539529710668
00bbac68_6442,12170.65838789445
00bbac68_6443,12170.648708227956
00bbac68_6444,12170.639028561465
00bbac68_6445,12170.632684945678
00bbac68_6446,12170.623005279185
00bbac68_6447,12170.616661663398
00bbac68_6448,12170.606981996905
00bbac68_6449,12170.600638381118
00bbac68_6450,12170.590958714627
00bbac68_6451,12170.581279048132
00bbac68_6452,12170.577937421656
00bbac68_6453,12170.565255765854
00bbac68_6454,12170.5617580084
00bbac68_6455,12170.552726421003
00bbac68_6456,12170.546382805218
00bbac68_6457,12170.536703138725
00bbac68_6458,12170.527023472232
00bbac68_6459,12170.520679856445
00bbac68_6460,12170.55729405735
00bbac68_6461,12170.507658563476
00bbac68_6462,12170.497978896985
00bbac68_6463,12170.491635281198
00bbac68_6464,12170.521753555362
00bbac68_6465,12170.515409939577
00bbac68_6466,12170.508732262391
00bbac68_6467,12170.499386657295
00bbac68_6468,12170.443413123407
00bbac68_6469,12170.43706950762
00bbac68_6470,12170.427389841127
00bbac68_6471,12170.42104622534
00bbac68_6472,12170.411366558848
00bbac68_6473,12170.405022943061
00bbac68_6474,12170.395343276568
00bbac68_6475,12170.388999660781
00bbac68_6476,12170.379319994288
00bbac68_6477,12170.372976378501
00bbac68_6478,12170.36329671201
00bbac68_6479,12170.359955085532
00bbac68_6480,12170.34727342973
00bbac68_6481,12170.340929813943
00bbac68_6482,12170.33125014745
00bbac68_6483,12170.324906531663
00bbac68_6484,12170.318228854481
00bbac68_6485,12170.308883249385
00bbac68_6486,12170.299203582892
00bbac68_6487,12170.292859967105
00bbac68_6488,12171.186923368965
00bbac68_6489,12171.177243702474
00bbac68_6490,12171.170900086687
00bbac68_6491,12171.161220420194
00bbac68_6492,12171.154876804407
00bbac68_6493,12171.145197137914
00bbac68_6494,12171.141855511436
00bbac68_6495,12171.13551189565
00bbac68_6496,12171.125832229158
00bbac68_6497,12171.116486624062
00bbac68_6498,12171.106806957569
00bbac68_6499,12171.100463341783
00bbac68_6500,12171.090783675289
00bbac68_6501,12171.084440059503
00bbac68_6502,12171.078096443716
00bbac68_6503,12171.068416777223
00bbac68_6504,12171.062073161438
00bbac68_6505,12171.052393494945
00bbac68_6506,12171.046049879158
00bbac68_6507,12171.04270825268
00bbac68_6508,12171.033028586187
00bbac68_6509,12170.901483170835
00bbac68_6510,12170.892137565737
00bbac68_6511,12170.885459888555
00bbac68_6512,12170.879116272768
00bbac68_6513,12170.991636416533
00bbac68_6514,12170.86309299049
00bbac68_6515,12170.856749374703
00bbac68_6516,12170.8440677189
00bbac68_6517,12170.840726092423
00bbac68_6518,12170.834382476636
00bbac68_6519,12170.821700820834
00bbac68_6520,12170.815357205047
00bbac68_6521,12170.812015578571
00bbac68_6522,12170.799333922767
00bbac68_6523,12170.79299030698
00bbac68_6524,12170.76094790141
00bbac68_6525,12170.754604285623
00bbac68_6526,12170.71391116614
00bbac68_6527,12170.735579014032
00bbac68_6528,12170.729235398247
00bbac68_6529,12170.722557721065
00bbac68_6530,12170.713212115967
00bbac68_6531,12170.70686850018
00bbac68_6532,12170.700524884393
00bbac68_6533,12170.69384720721
00bbac68_6534,12170.687503591425
00bbac68_6535,12170.678157986327
00bbac68_6536,12170.668478319834
00bbac68_6537,12170.66213470405
00bbac68_6538,12170.658793077573
00bbac68_6539,12170.649447472475
00bbac68_6540,12170.646105845999
00bbac68_6541,12170.636426179506
00bbac68_6542,12170.63008256372
00bbac68_6543,12170.623738947934
00bbac68_6544,12170.614393342836
00bbac68_6545,12170.604713676343
00bbac68_6546,12170.601372049869
00bbac68_6547,12170.595028434082
00bbac68_6548,12170.588684818294
00bbac68_6549,12170.582341202507
00bbac68_6550,12170.569659546705
00bbac68_6551,12170.563315930918
00bbac68_6552,12170.556972315131
00bbac68_6553,12170.550628699344
00bbac68_6554,12170.544285083559
00bbac68_6555,12170.537941467772
00bbac68_6556,12170.528261801279
00bbac68_6557,12170.521918185492
00bbac68_6558,12170.515574569705
00bbac68_6559,12170.509230953918
00bbac68_6560,12170.502887338132
00bbac68_6561,12170.496543722345
00bbac68_6562,12170.46568258031
00bbac68_6563,12170.4659599099
00bbac68_6564,12170.48067275102
00bbac68_6565,12170.474329135233
00bbac68_6566,12170.467985519448
00bbac68_6567,12170.461641903661
00bbac68_6568,12170.455298287874
00bbac68_6569,12170.448954672087
00bbac68_6570,12170.439117118873
00bbac68_6571,12170.429771513773
00bbac68_6572,12170.423427897987
00bbac68_6573,12170.4170842822
00bbac68_6574,12170.414234603846
00bbac68_6575,12170.404554937353
00bbac68_6576,12170.398211321566
00bbac68_6577,12170.391867705779
00bbac68_6578,12170.382030152563
00bbac68_6579,12170.375686536776
00bbac68_6580,12170.3723449103
00bbac68_6581,12170.369495231942
00bbac68_6582,12170.363151616157
00bbac68_6583,12170.356808000368
00bbac68_6584,12170.350464384583
00bbac68_6585,12170.340626831367
00bbac68_6586,12170.33128122627
00bbac68_6587,12170.324937610483
00bbac68_6588,12170.318593994696
00bbac68_6589,12170.312250378909
00bbac68_6590,12170.305906763124
00bbac68_6591,12170.299563147337
00bbac68_6592,12170.29321953155
00bbac68_6593,12170.286875915765
00bbac68_6594,12170.283534289289
00bbac68_6595,12170.277190673502
00bbac68_6596,12170.270847057716
00bbac68_6597,12170.264503441927
00bbac68_6598,12170.258159826142
00bbac68_6599,12170.248814221044
00bbac68_6600,12170.245806655963
00bbac68_6601,12170.239463040176
00bbac68_6602,12170.23311942439
00bbac68_6603,12170.226775808605
00bbac68_6604,12170.220432192817
00bbac68_6605,12170.214088577031
00bbac68_6606,12170.207744961244
00bbac68_6607,12170.204403334768
00bbac68_6608,12170.198059718983
00bbac68_6609,12170.188714113885
00bbac68_6610,12170.182370498098
00bbac68_6611,12170.176026882313
00bbac68_6612,12170.173019317232
00bbac68_6613,12170.169677690756
00bbac68_6614,12170.160332085658
00bbac68_6615,12170.153988469872
00bbac68_6616,12170.147644854085
00bbac68_6617,12170.170002017394
00bbac68_6618,12170.163658401607
00bbac68_6619,12170.160650836526
00bbac68_6620,12170.279509020309
00bbac68_6621,12170.273165404524
00bbac68_6622,12170.266821788737
00bbac68_6623,12170.263480162259
00bbac68_6624,12170.128932757594
00bbac68_6625,12170.125925192515
00bbac68_6626,12170.119581576728
00bbac68_6627,12170.11323796094
00bbac68_6628,12170.106894345154
00bbac68_6629,12170.100550729368
00bbac68_6630,12170.21940891315
00bbac68_6631,12170.216401348069
00bbac68_6632,12170.210057732282
00bbac68_6633,12170.203714116496
00bbac68_6634,12170.19737050071
00bbac68_6635,12170.19436293563
00bbac68_6636,12170.188019319843
00bbac68_6637,12170.18102762496
00bbac68_6638,12170.17533208827
00bbac68_6639,12170.17232452319
00bbac68_6640,12170.165980907403
00bbac68_6641,12170.159637291616
00bbac68_6642,12170.15329367583
00bbac68_6643,12170.15028611075
00bbac68_6644,12170.143942494964
00bbac68_6645,12170.14044473751
00bbac68_6646,12170.181043068216
00bbac68_6647,12170.174541565706
00bbac68_6648,12170.171043808252
00bbac68_6649,12170.165348271563
00bbac68_6650,12170.15884676905
00bbac68_6651,12170.152503153266
00bbac68_6652,12170.146159537479
00bbac68_6653,12170.143309859122
00bbac68_6654,12170.140302294043
00bbac68_6655,12170.130464740825
00bbac68_6656,12170.124121125038
00bbac68_6657,12170.121113559957
00bbac68_6658,12170.114769944172
00bbac68_6659,12170.107778249288
00bbac68_6660,12170.105418763305
00bbac68_6661,12170.099075147518
00bbac68_6662,12170.092731531731
00bbac68_6663,12170.089723966652
00bbac68_6664,12170.083380350865
00bbac68_6665,12170.179223078454
00bbac68_6666,12170.153018159028
00bbac68_6667,12170.147322622337
00bbac68_6668,12170.144315057258
00bbac68_6669,12170.15783274511
00bbac68_6670,12170.151489129323
00bbac68_6671,12170.128620260604
00bbac68_6672,12170.122276644817
00bbac68_6673,12170.049918912515
00bbac68_6674,12170.059646120402
00bbac68_6675,12170.07649985896
00bbac68_6676,12170.070156243175
00bbac68_6677,12170.063812627388
00bbac68_6678,12170.007200760358
00bbac68_6679,12170.000857144572
00bbac68_6680,12169.997849579491
00bbac68_6681,12169.991505963706
00bbac68_6682,12169.987850319529
00bbac68_6683,12169.982154782838
00bbac68_6684,12169.97581116705
00bbac68_6685,12169.972803601971
00bbac68_6686,12169.966459986184
00bbac68_6687,12170.017056723053
00bbac68_6688,12170.011660999266
00bbac68_6689,12170.063986875048
00bbac68_6690,12170.054641269948
00bbac68_6691,12170.051633704868
00bbac68_6692,12170.041796151652
00bbac68_6693,12170.038788586571
00bbac68_6694,12170.032444970784
00bbac68_6695,12170.029437405705
00bbac68_6696,12169.92708935558
00bbac68_6697,12170.007228762839
00bbac68_6698,12170.000885147052
00bbac68_6699,12169.997877581973
00bbac68_6700,12169.994870016892
00bbac68_6701,12169.988526401106
00bbac68_6702,12169.985518836025
00bbac68_6703,12170.075179654576
00bbac68_6704,12170.072172089494
00bbac68_6705,12170.065828473707
00bbac68_6706,12169.96681647429
00bbac68_6707,12169.960472858504
00bbac68_6708,12169.957465293424
00bbac68_6709,12169.954457728343
00bbac68_6710,12169.948114112558
00bbac68_6711,12169.945106547477
00bbac68_6712,12169.938762931692
00bbac68_6713,12169.93575536661
00bbac68_6714,12169.93274780153
00bbac68_6715,12169.925756106646
00bbac68_6716,12169.922748541567
00bbac68_6717,12169.920389055582
00bbac68_6718,12169.914045439797
00bbac68_6719,12169.911037874715
00bbac68_6720,12169.908030309634
00bbac68_6721,12169.905180631278
00bbac68_6722,12169.898679128768
00bbac68_6723,12169.895671563689
00bbac68_6724,12169.889327947902
00bbac68_6725,12169.886320382822
00bbac68_6726,12169.88331281774
00bbac68_6727,12169.88030525266
00bbac68_6728,12169.873961636873
00bbac68_6729,12169.870954071794
00bbac68_6730,12169.867946506713
00bbac68_6731,12169.861602890927
00bbac68_6732,12169.858595325846
00bbac68_6733,12169.854939681669
00bbac68_6734,12169.85193211659
00bbac68_6735,12169.8197612103
00bbac68_6736,12169.816753645218
00bbac68_6737,12169.813746080139
00bbac68_6738,12169.810738515058
00bbac68_6739,12169.807730949979
00bbac68_6740,12169.801387334192
00bbac68_6741,12169.894384203446
00bbac68_6742,12169.89072855927
00bbac68_6743,12169.88772099419
00bbac68_6744,12169.885361508204
00bbac68_6745,12169.827020502264
00bbac68_6746,12169.80636361758
00bbac68_6747,12169.802707973404
00bbac68_6748,12169.73239222741
00bbac68_6749,12169.726106710252
00bbac68_6750,12169.664803020192
00bbac68_6751,12169.661795455111
00bbac68_6752,12169.659435969128
00bbac68_6753,12169.652444274245
00bbac68_6754,12169.649436709165
00bbac68_6755,12169.646429144086
00bbac68_6756,12169.643421579003
00bbac68_6757,12169.640414013924
00bbac68_6758,12169.637406448843
00bbac68_6759,12169.634398883763
00bbac68_6760,12169.631391318682
00bbac68_6761,12169.6290318327
00bbac68_6762,12169.626024267618
00bbac68_6763,12169.62236862344
00bbac68_6764,12169.526458863778
00bbac68_6765,12169.616353493282
00bbac68_6766,12169.634917939484
00bbac68_6767,12169.538360100723
00bbac68_6768,12169.572724728438
00bbac68_6769,12169.56906908426
00bbac68_6770,12169.537390186519
00bbac68_6771,12169.563702033196
00bbac68_6772,12169.532023135453
00bbac68_6773,12169.560964855113
00bbac68_6774,12169.618738104113
00bbac68_6775,12169.631153283612
00bbac68_6776,12169.62814571853
00bbac68_6777,12169.625138153451
00bbac68_6778,12169.62213058837
00bbac68_6779,12169.638984326928
00bbac68_6780,12169.635976761849
00bbac68_6781,12169.632969196768
00bbac68_6782,12169.629313552592
00bbac68_6783,12169.607092762968
00bbac68_6784,12169.604085197887
00bbac68_6785,12169.620938936447
00bbac68_6786,12169.617931371367
00bbac68_6787,12169.618259856992
00bbac68_6788,12169.615252291913
00bbac68_6789,12169.618740653572
00bbac68_6790,12169.615733088493
00bbac68_6791,12169.6097235341
00bbac68_6792,12169.60322203159
00bbac68_6793,12169.69376474019
00bbac68_6794,12169.694093225815
00bbac68_6795,12169.691085660736
00bbac68_6796,12169.688078095654
00bbac68_6797,12169.685070530575
00bbac68_6798,12169.682062965494
00bbac68_6799,12169.679055400415
00bbac68_6800,12169.67938388604
00bbac68_6801,12169.67937831027
00bbac68_6802,12169.673368755879
00bbac68_6803,12169.670361190798
00bbac68_6804,12169.667353625719
00bbac68_6805,12169.66434606064
00bbac68_6806,12169.661338495558
00bbac68_6807,12169.661666981185
00bbac68_6808,12169.649764038357
00bbac68_6809,12169.646756473277
00bbac68_6810,12169.643748908195
00bbac68_6811,12169.640741343115
00bbac68_6812,12169.637733778036
00bbac68_6813,12169.63806226366
00bbac68_6814,12169.629506663838
00bbac68_6815,12169.68183253962
00bbac68_6816,12169.67882497454
00bbac68_6817,12169.67581740946
00bbac68_6818,12169.672809844378
00bbac68_6819,12169.673138330005
00bbac68_6820,12169.670130764924
00bbac68_6821,12169.667123199844
00bbac68_6822,12169.568111200428
00bbac68_6823,12169.565103635348
00bbac68_6824,12169.562096070267
00bbac68_6825,12169.565426545203
00bbac68_6826,12169.562418980122
00bbac68_6827,12169.556409425733
00bbac68_6828,12169.556403849961
00bbac68_6829,12169.55339628488
00bbac68_6830,12169.550388719801
00bbac68_6831,12169.550717205426
00bbac68_6832,12169.547709640347
00bbac68_6833,12169.541700085956
00bbac68_6834,12169.492398653478
00bbac68_6835,12169.489391088398
00bbac68_6836,12169.48638352332
00bbac68_6837,12169.486712008944
00bbac68_6838,12169.486706433174
00bbac68_6839,12169.483698868093
00bbac68_6840,12169.480691303012
00bbac68_6841,12169.477683737932
00bbac68_6842,12169.44715665729
00bbac68_6843,12169.4751625452
00bbac68_6844,12169.472489041516
00bbac68_6845,12169.469481476437
00bbac68_6846,12169.466473911358
00bbac68_6847,12169.463466346275
00bbac68_6848,12169.460458781195
00bbac68_6849,12169.457451216116
00bbac68_6850,12169.457779701741
00bbac68_6851,12169.454772136662
00bbac68_6852,12169.45176457158
00bbac68_6853,12169.44526306907
00bbac68_6854,12169.44574944142
00bbac68_6855,12169.442093797243
00bbac68_6856,12169.44242228287
00bbac68_6857,12169.440062796886
00bbac68_6858,12169.437055231805
00bbac68_6859,12169.434047666724
00bbac68_6860,12169.431040101645
00bbac68_6861,12169.428032536563
00bbac68_6862,12169.42836102219
00bbac68_6863,12169.425353457109
00bbac68_6864,12169.422345892028
00bbac68_6865,12169.41584438952
00bbac68_6866,12169.412836824438
00bbac68_6867,12169.409181180263
00bbac68_6868,12169.410157744984
00bbac68_6869,12169.407150179904
00bbac68_6870,12169.404142614823
00bbac68_6871,12169.401135049742
00bbac68_6872,12169.398127484663
00bbac68_6873,12169.395119919584
00bbac68_6874,12169.395448405208
00bbac68_6875,12169.392440840129
00bbac68_6876,12169.389433275048
00bbac68_6877,12169.432719577366
00bbac68_6878,12169.429712012285
00bbac68_6879,12169.426704447204
00bbac68_6880,12169.423696882124
00bbac68_6881,12169.424025367749
00bbac68_6882,12169.42101780267
00bbac68_6883,12169.418010237589
00bbac68_6884,12169.41500267251
00bbac68_6885,12169.411995107428
00bbac68_6886,12169.408987542349
00bbac68_6887,12169.409316027974
00bbac68_6888,12169.406308462894
00bbac68_6889,12169.403300897813
00bbac68_6890,12169.49629776707
00bbac68_6891,12169.493290201988
00bbac68_6892,12169.490282636907
00bbac68_6893,12169.487275071828
00bbac68_6894,12169.487603557453
00bbac68_6895,12169.484595992373
00bbac68_6896,12169.46502910223
00bbac68_6897,12169.46202153715
00bbac68_6898,12169.45901397207
00bbac68_6899,12169.456006406988
00bbac68_6900,12169.452998841909
00bbac68_6901,12169.449991276828
00bbac68_6902,12169.446983711749
00bbac68_6903,12169.44697813598
00bbac68_6904,12169.347966136562
00bbac68_6905,12169.34495857148
00bbac68_6906,12169.341951006401
00bbac68_6907,12169.335941452011
00bbac68_6908,12169.33293388693
00bbac68_6909,12169.32992632185
00bbac68_6910,12169.330412694198
00bbac68_6911,12169.32740512912
00bbac68_6912,12169.324397564038
00bbac68_6913,12169.324391988266
00bbac68_6914,12169.321384423187
00bbac68_6915,12169.311880931367
00bbac68_6916,12169.312367303717
00bbac68_6917,12169.309359738636
00bbac68_6918,12169.306352173557
00bbac68_6919,12169.303344608476
00bbac68_6920,12169.254043175999
00bbac68_6921,12169.251035610918
00bbac68_6922,12169.25103003515
00bbac68_6923,12169.245020480757
00bbac68_6924,12169.23867686497
00bbac68_6925,12169.235669299891
00bbac68_6926,12169.22916779738
00bbac68_6927,12169.226160232301
00bbac68_6928,12169.22315266722
00bbac68_6929,12169.22014510214
00bbac68_6930,12169.213801486352
00bbac68_6931,12169.210793921273
00bbac68_6932,12169.207786356192
00bbac68_6933,12169.204778791112
00bbac68_6934,12169.201771226031
00bbac68_6935,12169.195427610246
00bbac68_6936,12169.195422034474
00bbac68_6937,12169.192414469393
00bbac68_6938,12169.186404915004
00bbac68_6939,12169.183397349923
00bbac68_6940,12169.155663215832
00bbac68_6941,12169.177048158366
00bbac68_6942,12169.174040593287
00bbac68_6943,12169.16469498819
00bbac68_6944,12169.16168742311
00bbac68_6945,12169.158679858028
00bbac68_6946,12169.155672292949
00bbac68_6947,12169.149328677162
00bbac68_6948,12169.149815049512
00bbac68_6949,12169.14680748443
00bbac68_6950,12169.140463868644
00bbac68_6951,12169.133962366135
00bbac68_6952,12169.130954801054
00bbac68_6953,12169.127613174578
00bbac68_6954,12169.103707039314
00bbac68_6955,12169.100699474235
00bbac68_6956,12169.118748366061
00bbac68_6957,12169.11273881167
00bbac68_6958,12169.106395195882
00bbac68_6959,12169.099893693374
00bbac68_6960,12169.096886128293
00bbac68_6961,12169.094036449937
00bbac68_6962,12169.087534947426
00bbac68_6963,12169.08119133164
00bbac68_6964,12169.07818376656
00bbac68_6965,12169.071840150773
00bbac68_6966,12169.068832585694
00bbac68_6967,12169.062488969907
00bbac68_6968,12169.059481404825
00bbac68_6969,12169.053137789038
00bbac68_6970,12169.050130223959
00bbac68_6971,12169.043786608172
00bbac68_6972,12169.04077904309
00bbac68_6973,12169.034435427306
00bbac68_6974,12169.031427862225
00bbac68_6975,12169.025084246437
00bbac68_6976,12169.022076681358
00bbac68_6977,12169.015733065571
00bbac68_6978,12169.012725500492
00bbac68_6979,12169.006381884705
00bbac68_6980,12169.003374319624
00bbac68_6981,12168.997030703837
00bbac68_6982,12168.990687088051
00bbac68_6983,12168.98767952297
00bbac68_6984,12168.981335907185
00bbac68_6985,12168.978328342104
00bbac68_6986,12168.971984726317
00bbac68_6987,12168.965641110532
00bbac68_6988,12168.942124162713
00bbac68_6989,12168.935780546926
00bbac68_6990,12168.96030805396
00bbac68_6991,12168.909459194061
00bbac68_6992,12168.858226774273
00bbac68_6993,12168.843182298355
00bbac68_6994,12168.819250801089
00bbac68_6995,12168.812907185302
00bbac68_6996,12168.806563569515
00bbac68_6997,12168.803556004435
00bbac68_6998,12168.893216822984
00bbac68_6999,12168.886873207197
00bbac68_7000,12168.883865642118
00bbac68_7001,12168.87752202633
00bbac68_7002,12168.821393004426
00bbac68_7003,12168.827280817091
00bbac68_7004,12168.820937201304
00bbac68_7005,12168.814593585517
00bbac68_7006,12168.80824996973
00bbac68_7007,12168.805242404651
00bbac68_7008,12168.798898788864
00bbac68_7009,12168.792555173079
00bbac68_7010,12168.789547607998
00bbac68_7011,12168.689653718531
00bbac68_7012,12168.683310102744
00bbac68_7013,12168.676966486959
00bbac68_7014,12168.674607000974
00bbac68_7015,12168.66761530609
00bbac68_7016,12168.661271690306
00bbac68_7017,12168.654928074518
00bbac68_7018,12168.649232537828
00bbac68_7019,12168.649718910176
00bbac68_7020,12168.64337529439
00bbac68_7021,12168.695327803583
00bbac68_7022,12168.688768202446
00bbac68_7023,12168.74320540074
00bbac68_7024,12168.755620580236
00bbac68_7025,12168.749276964449
00bbac68_7026,12168.742285269567
00bbac68_7027,12168.756451036517
00bbac68_7028,12168.75010742073
00bbac68_7029,12168.74709985565
00bbac68_7030,12168.740756239864
00bbac68_7031,12168.740908550817
00bbac68_7032,12168.731562945719
00bbac68_7033,12168.725219329932
00bbac68_7034,12168.718875714147
00bbac68_7035,12168.71553408767
00bbac68_7036,12168.70903258516
00bbac68_7037,12168.699686980064
00bbac68_7038,12168.69618922261
00bbac68_7039,12168.689845606825
00bbac68_7040,12168.684150070134
00bbac68_7041,12168.677806454347
00bbac68_7042,12168.67146283856
00bbac68_7043,12168.758669496454
00bbac68_7044,12168.752325880667
00bbac68_7045,12168.749318315586
00bbac68_7046,12168.742974699799
00bbac68_7047,12168.736631084012
00bbac68_7048,12168.726793530797
00bbac68_7049,12168.72044991501
00bbac68_7050,12168.714106299223
00bbac68_7051,12168.707762683438
00bbac68_7052,12168.701419067651
00bbac68_7053,12168.695075451866
00bbac68_7054,12168.688731836079
00bbac68_7055,12168.682388220292
00bbac68_7056,12168.676044604505
00bbac68_7057,12168.669700988718
00bbac68_7058,12168.663357372932
00bbac68_7059,12168.657013757145
00bbac68_7060,12168.641774763611
00bbac68_7061,12168.688218543255
00bbac68_7062,12168.68187492747
00bbac68_7063,12168.576524888036
00bbac68_7064,12168.57018127225
00bbac68_7065,12168.563837656464
00bbac68_7066,12168.557494040677
00bbac68_7067,12168.55115042489
00bbac68_7068,12168.548300746532
00bbac68_7069,12168.541957130747
00bbac68_7070,12168.53561351496
00bbac68_7071,12168.525775961743
00bbac68_7072,12168.519432345958
00bbac68_7073,12168.513088730171
00bbac68_7074,12168.506745114384
00bbac68_7075,12168.503403487906
00bbac68_7076,12168.49705987212
00bbac68_7077,12168.487714267025
00bbac68_7078,12168.481370651238
00bbac68_7079,12168.47802902476
00bbac68_7080,12168.465347368958
00bbac68_7081,12168.462005742482
00bbac68_7082,12168.452660137385
00bbac68_7083,12168.446316521598
00bbac68_7084,12168.439972905813
00bbac68_7085,12168.433629290026
00bbac68_7086,12168.42728567424
00bbac68_7087,12168.424435995881
00bbac68_7088,12168.418092380096
00bbac68_7089,12168.411748764309
00bbac68_7090,12168.401911211093
00bbac68_7091,12168.395567595308
00bbac68_7092,12168.389223979519
00bbac68_7093,12168.382880363733
00bbac68_7094,12168.376536747946
00bbac68_7095,12168.369545053063
00bbac68_7096,12168.363201437278
00bbac68_7097,12168.357505900585
00bbac68_7098,12168.3511622848
00bbac68_7099,12168.344818669015
00bbac68_7100,12168.338475053228
00bbac68_7101,12168.3122701338
00bbac68_7102,12168.305926518013
00bbac68_7103,12168.299582902226
00bbac68_7104,12168.293239286439
00bbac68_7105,12168.286247591557
00bbac68_7106,12168.27990397577
00bbac68_7107,12168.197356801324
00bbac68_7108,12168.187735233461
00bbac68_7109,12168.240023859218
00bbac68_7110,12168.212756311244
00bbac68_7111,12168.151079254596
00bbac68_7112,12168.150283673553
00bbac68_7113,12168.152835435512
00bbac68_7114,12168.147139898821
00bbac68_7115,12168.140796283036
00bbac68_7116,12168.13445266725
00bbac68_7117,12168.127460972366
00bbac68_7118,12168.12461129401
00bbac68_7119,12168.118267678223
00bbac68_7120,12168.111924062436
00bbac68_7121,12168.108916497356
00bbac68_7122,12168.10257288157
00bbac68_7123,12168.096229265782
00bbac68_7124,12168.089885649995
00bbac68_7125,12168.083542034208
00bbac68_7126,12167.98429622384
00bbac68_7127,12167.977304528957
00bbac68_7128,12167.97096091317
00bbac68_7129,12167.961123359955
00bbac68_7130,12167.954779744166
00bbac68_7131,12167.948436128381
00bbac68_7132,12167.942092512596
00bbac68_7133,12167.939733026611
00bbac68_7134,12167.933389410824
00bbac68_7135,12167.92639771594
00bbac68_7136,12167.920054100156
00bbac68_7137,12167.913710484368
00bbac68_7138,12167.907366868581
00bbac68_7139,12167.901023252794
00bbac68_7140,12167.89467963701
00bbac68_7141,12167.891672071928
00bbac68_7142,12167.885328456141
00bbac68_7143,12167.878984840354
00bbac68_7144,12167.872641224569
00bbac68_7145,12167.866945687878
00bbac68_7146,12167.86060207209
00bbac68_7147,12167.854258456306
00bbac68_7148,12167.851250891224
00bbac68_7149,12167.844259196341
00bbac68_7150,12167.811028598844
00bbac68_7151,12167.804684983057
00bbac68_7152,12167.798989446366
00bbac68_7153,12167.791997751483
00bbac68_7154,12167.788990186404
00bbac68_7155,12167.782646570617
00bbac68_7156,12167.77630295483
00bbac68_7157,12167.769959339043
00bbac68_7158,12167.764263802354
00bbac68_7159,12167.788143218986
00bbac68_7160,12167.814918332944
00bbac68_7161,12167.919729549867
00bbac68_7162,12167.93024524841
00bbac68_7163,12167.923901632625
00bbac68_7164,12167.923896056855
00bbac68_7165,12167.914550451756
00bbac68_7166,12167.908206835971
00bbac68_7167,12167.898369282753
00bbac68_7168,12167.892025666968
00bbac68_7169,12167.889018101887
00bbac68_7170,12167.8826744861
00bbac68_7171,12167.876330870315
00bbac68_7172,12167.963537528207
00bbac68_7173,12167.960529963128
00bbac68_7174,12167.95718833665
00bbac68_7175,12167.950844720863
00bbac68_7176,12167.944501105076
00bbac68_7177,12167.941493539996
00bbac68_7178,12167.93514992421
00bbac68_7179,12167.928806308422
00bbac68_7180,12167.925798743343
00bbac68_7181,12167.910559749811
00bbac68_7182,12167.874275591668
00bbac68_7183,12167.947657924356
00bbac68_7184,12167.920257851663
00bbac68_7185,12167.842302309153
00bbac68_7186,12167.804945240376
00bbac68_7187,12167.801937675296
00bbac68_7188,12167.802215004886
00bbac68_7189,12167.7958713891
00bbac68_7190,12167.770962464236
00bbac68_7191,12167.764618848449
00bbac68_7192,12167.73388272505
00bbac68_7193,12167.724254214592
00bbac68_7194,12167.748924051795
00bbac68_7195,12167.7395784467
00bbac68_7196,12167.715180363315
00bbac68_7197,12167.50527137433
00bbac68_7198,12167.470226979447
00bbac68_7199,12167.473840359746
00bbac68_7200,12167.491889251573
00bbac68_7201,12167.485545635785
00bbac68_7202,12167.482538070706
00bbac68_7203,12167.451801947305
00bbac68_7204,12167.442173436848
00bbac68_7205,12167.466843274053
00bbac68_7206,12167.458837870894
00bbac68_7207,12167.455830305815
00bbac68_7208,12167.449486690028
00bbac68_7209,12167.446479124947
00bbac68_7210,12167.437133519848
00bbac68_7211,12167.43412595477
00bbac68_7212,12167.430784328293
00bbac68_7213,12167.424440712508
00bbac68_7214,12167.421433147427
00bbac68_7215,12167.41508953164
00bbac68_7216,12167.412081966559
00bbac68_7217,12167.405738350772
00bbac68_7218,12167.402730785692
00bbac68_7219,12167.393385180596
00bbac68_7220,12167.390377615515
00bbac68_7221,12167.384033999728
00bbac68_7222,12167.381026434647
00bbac68_7223,12167.355640961607
00bbac68_7224,12167.368339203074
00bbac68_7225,12167.365331637995
00bbac68_7226,12167.358988022208
00bbac68_7227,12167.355980457127
00bbac68_7228,12167.34963684134
00bbac68_7229,12167.34662927626
00bbac68_7230,12167.34362171118
00bbac68_7231,12167.337278095394
00bbac68_7232,12167.334270530313
00bbac68_7233,12167.327926914526
00bbac68_7234,12167.326581136818
00bbac68_7235,12167.320237521031
00bbac68_7236,12167.317229955952
00bbac68_7237,12167.310238261069
00bbac68_7238,12167.288017471445
00bbac68_7239,12167.281673855658
00bbac68_7240,12167.278018211482
00bbac68_7241,12167.275010646401
00bbac68_7242,12167.192708903742
00bbac68_7243,12167.357020974165
00bbac68_7244,12167.350677358378
00bbac68_7245,12167.34417585587
00bbac68_7246,12167.338480319178
00bbac68_7247,12167.338966691528
00bbac68_7248,12167.335959126447
00bbac68_7249,12167.32961551066
00bbac68_7250,12167.37225373388
00bbac68_7251,12167.36655819719
00bbac68_7252,12167.38098062687
00bbac68_7253,12167.418623206657
00bbac68_7254,12167.411631511774
00bbac68_7255,12167.501350428953
00bbac68_7256,12167.46097067108
00bbac68_7257,12167.383917716987
00bbac68_7258,12167.389805529652
00bbac68_7259,12167.386797964573
00bbac68_7260,12167.381102427882
00bbac68_7261,12167.378094862801
00bbac68_7262,12167.374439218625
00bbac68_7263,12167.368095602838
00bbac68_7264,12167.365088037759
00bbac68_7265,12167.362080472678
00bbac68_7266,12167.262186583212
00bbac68_7267,12167.262672955561
00bbac68_7268,12167.25966539048
00bbac68_7269,12167.253321774693
00bbac68_7270,12167.246820272185
00bbac68_7271,12167.243812707105
00bbac68_7272,12167.237469091317
00bbac68_7273,12167.234461526237
00bbac68_7274,12167.231453961158
00bbac68_7275,12167.228446396077
00bbac68_7276,12167.22210278029
00bbac68_7277,12167.219743294307
00bbac68_7278,12167.21608765013
00bbac68_7279,12167.209744034342
00bbac68_7280,12167.179849487551
00bbac68_7281,12167.17684192247
00bbac68_7282,12167.173992244112
00bbac68_7283,12167.159838185275
00bbac68_7284,12167.156830620195
00bbac68_7285,12167.150487004408
00bbac68_7286,12167.147479439327
00bbac68_7287,12167.144471874246
00bbac68_7288,12167.13812825846
00bbac68_7289,12167.135768772476
00bbac68_7290,12167.132761207396
00bbac68_7291,12167.12910556322
00bbac68_7292,12167.122761947434
00bbac68_7293,12167.116260444922
00bbac68_7294,12167.11325287984
00bbac68_7295,12167.106909264054
00bbac68_7296,12167.103901698974
00bbac68_7297,12167.104388071326
00bbac68_7298,12167.098044455539
00bbac68_7299,12167.092191032123
00bbac68_7300,12167.092677404475
00bbac68_7301,12167.086333788688
00bbac68_7302,12167.141622348585
00bbac68_7303,12167.141892735583
00bbac68_7304,12167.138237091405
00bbac68_7305,12167.131893475618
00bbac68_7306,12167.205737548295
00bbac68_7307,12167.233737780613
00bbac68_7308,12167.227394164825
00bbac68_7309,12167.224386599746
00bbac68_7310,12167.221379034665
00bbac68_7311,12167.19168017781
00bbac68_7312,12167.188672612729
00bbac68_7313,12167.209020288718
00bbac68_7314,12167.229563654644
00bbac68_7315,12167.222414073038
00bbac68_7316,12167.222900445387
00bbac68_7317,12167.219892880306
00bbac68_7318,12167.19368796088
00bbac68_7319,12167.1906803958
00bbac68_7320,12167.11146927206
00bbac68_7321,12167.101847704198
00bbac68_7322,12167.041192093233
00bbac68_7323,12167.038184528152
00bbac68_7324,12167.031840912365
00bbac68_7325,12167.049757279472
00bbac68_7326,12166.37180905167
00bbac68_7327,12166.364817356789
00bbac68_7328,12166.361809791708
00bbac68_7329,12166.330130893966
00bbac68_7330,12166.327123328885
00bbac68_7331,12166.34945104576
00bbac68_7332,12166.288147355699
00bbac68_7333,12166.28513979062
00bbac68_7334,12166.278796174833
00bbac68_7335,12166.27643668885
00bbac68_7336,12166.273429123768
00bbac68_7337,12166.267085507981
00bbac68_7338,12166.264077942902
00bbac68_7339,12166.261070377821
00bbac68_7340,12166.284351554354
00bbac68_7341,12166.389496832671
00bbac68_7342,12166.406350571231
00bbac68_7343,12166.396513018015
00bbac68_7344,12166.393505452934
00bbac68_7345,12166.484048161534
00bbac68_7346,12166.481040596453
00bbac68_7347,12166.474696980666
00bbac68_7348,12166.471689415586
00bbac68_7349,12166.468681850507
00bbac68_7350,12166.461690155622
00bbac68_7351,12166.462176527972
00bbac68_7352,12166.45916896289
00bbac68_7353,12166.339413769785
00bbac68_7354,12166.25692469397
00bbac68_7355,12166.19562100391
00bbac68_7356,12166.189277388123
00bbac68_7357,12166.186269823042
00bbac68_7358,12166.179768320533
00bbac68_7359,12166.136760947902
00bbac68_7360,12166.130417332115
00bbac68_7361,12166.127409767036
00bbac68_7362,12166.124402201955
00bbac68_7363,12166.11805858617
00bbac68_7364,12166.115051021088
00bbac68_7365,12166.112043456007
00bbac68_7366,12166.105699840222
00bbac68_7367,12166.10269227514
00bbac68_7368,12166.100332789156
00bbac68_7369,12166.097325224076
00bbac68_7370,12166.09098160829
00bbac68_7371,12166.087325964112
00bbac68_7372,12166.084318399033
00bbac68_7373,12166.077974783246
00bbac68_7374,12166.095891150353
00bbac68_7375,12166.092883585272
00bbac68_7376,12166.12789629208
00bbac68_7377,12166.121552676294
00bbac68_7378,12166.12182306329
00bbac68_7379,12166.18309024972
00bbac68_7380,12166.19550542922
00bbac68_7381,12166.189161813432
00bbac68_7382,12166.185506169257
00bbac68_7383,12166.182498604176
00bbac68_7384,12166.103287480437
00bbac68_7385,12166.09694386465
00bbac68_7386,12166.090658347493
00bbac68_7387,12166.050278589619
00bbac68_7388,12166.026347092353
00bbac68_7389,12166.023339527272
00bbac68_7390,12166.013501974056
00bbac68_7391,12166.010494408974
00bbac68_7392,12166.008134922991
00bbac68_7393,12166.004479278814
00bbac68_7394,12166.001471713735
00bbac68_7395,12165.995128097948
00bbac68_7396,12165.992120532868
00bbac68_7397,12165.989112967787
00bbac68_7398,12165.959218420994
00bbac68_7399,12165.956210855915
00bbac68_7400,12165.949867240128
00bbac68_7401,12165.946859675048
00bbac68_7402,12165.943852109967
00bbac68_7403,12165.941492623982
00bbac68_7404,12165.937836979807
00bbac68_7405,12165.934829414726
00bbac68_7406,12165.931979736368
00bbac68_7407,12165.928972171288
00bbac68_7408,12165.925964606207
00bbac68_7409,12165.922957041128
00bbac68_7410,12165.919949476047
00bbac68_7411,12165.916941910968
00bbac68_7412,12165.902787852126
00bbac68_7413,12165.89295029891
00bbac68_7414,12165.889942733831
00bbac68_7415,12165.88693516875
00bbac68_7416,12165.88392760367
00bbac68_7417,12165.88092003859
00bbac68_7418,12165.877912473508
00bbac68_7419,12165.874904908429
00bbac68_7420,12165.87189734335
00bbac68_7421,12165.86555372756
00bbac68_7422,12165.862546162483
00bbac68_7423,12165.8595385974
00bbac68_7424,12165.856531032321
00bbac68_7425,12165.853523467242
00bbac68_7426,12165.85051590216
00bbac68_7427,12165.842681306327
00bbac68_7428,12165.835626406311
00bbac68_7429,12165.808811897426
00bbac68_7430,12165.805804332347
00bbac68_7431,12165.79946071656
00bbac68_7432,12165.796453151479
00bbac68_7433,12165.793445586398
00bbac68_7434,12165.790438021319
00bbac68_7435,12165.78743045624
00bbac68_7436,12165.784422891156
00bbac68_7437,12165.781415326077
00bbac68_7438,12165.778407760998
00bbac68_7439,12165.775400195917
00bbac68_7440,12165.772392630837
00bbac68_7441,12165.769385065756
00bbac68_7442,12165.766377500675
00bbac68_7443,12165.763369935596
00bbac68_7444,12165.760362370514
00bbac68_7445,12165.76149682196
00bbac68_7446,12165.757841177783
00bbac68_7447,12165.754833612704
00bbac68_7448,12165.751826047623
00bbac68_7449,12165.748818482543
00bbac68_7450,12165.745810917462
00bbac68_7451,12165.742803352381
00bbac68_7452,12165.739795787302
00bbac68_7453,12165.733942363888
00bbac68_7454,12165.730286719712
00bbac68_7455,12165.727279154631
00bbac68_7456,12165.72776552698
00bbac68_7457,12165.7247579619
00bbac68_7458,12165.722398475915
00bbac68_7459,12165.719390910836
00bbac68_7460,12165.716383345754
00bbac68_7461,12165.713375780673
00bbac68_7462,12165.755099091586
00bbac68_7463,12165.793511054235
00bbac68_7464,12165.79378144123
00bbac68_7465,12165.871804465562
00bbac68_7466,12165.885164266692
00bbac68_7467,12165.885492752317
00bbac68_7468,12165.882485187238
00bbac68_7469,12165.879477622157
00bbac68_7470,12165.876470057077
00bbac68_7471,12165.873462491996
00bbac68_7472,12165.873456916228
00bbac68_7473,12165.88842583304
00bbac68_7474,12165.882416278651
00bbac68_7475,12165.906295695282
00bbac68_7476,12165.903288130203
00bbac68_7477,12165.900280565122
00bbac68_7478,12165.89711511332
00bbac68_7479,12165.894107548238
00bbac68_7480,12165.891099983157
00bbac68_7481,12165.891428468783
00bbac68_7482,12165.888420903702
00bbac68_7483,12165.885413338623
00bbac68_7484,12165.888743813557
00bbac68_7485,12165.864837678295
00bbac68_7486,12165.955380386891
00bbac68_7487,12165.955708872518
00bbac68_7488,12165.952701307437
00bbac68_7489,12165.943072796981
00bbac68_7490,12165.928957870117
00bbac68_7491,12166.012297198891
00bbac68_7492,12165.91312731275
00bbac68_7493,12165.885727240056
00bbac68_7494,12165.8760987296
00bbac68_7495,12165.876427215226
00bbac68_7496,12165.827125782747
00bbac68_7497,12165.827454268374
00bbac68_7498,12165.824446703293
00bbac68_7499,12165.82477518892
00bbac68_7500,12165.82176762384
00bbac68_7501,12165.853109562455
00bbac68_7502,12165.653157569555
00bbac68_7503,12165.624785276084
00bbac68_7504,12165.621777711003
00bbac68_7505,12165.62210619663
00bbac68_7506,12165.619098631549
00bbac68_7507,12165.619427117175
00bbac68_7508,12165.619755602802
00bbac68_7509,12165.61674803772
00bbac68_7510,12165.586063070356
00bbac68_7511,12165.58639155598
00bbac68_7512,12165.588343148907
00bbac68_7513,12165.613064142146
00bbac68_7514,12165.607054587756
00bbac68_7515,12165.610877010811
00bbac68_7516,12165.611205496438
00bbac68_7517,12165.611533982063
00bbac68_7518,12165.608526416985
00bbac68_7519,12165.60885490261
00bbac68_7520,12165.609183388235
00bbac68_7521,12165.606175823155
00bbac68_7522,12165.60301037135
00bbac68_7523,12165.603338856976
00bbac68_7524,12165.603667342602
00bbac68_7525,12165.600659777521
00bbac68_7526,12165.600988263148
00bbac68_7527,12165.601316748773
00bbac68_7528,12165.6016452344
00bbac68_7529,12165.604975709335
00bbac68_7530,12165.60230220565
00bbac68_7531,12165.599294640571
00bbac68_7532,12165.599623126196
00bbac68_7533,12165.599951611823
00bbac68_7534,12165.600280097447
00bbac68_7535,12165.602270370446
00bbac68_7536,12165.602598856072
00bbac68_7537,12165.602927341697
00bbac68_7538,12165.603255827322
00bbac68_7539,12165.602936233852
00bbac68_7540,12165.603264719479
00bbac68_7541,12165.583731901464
00bbac68_7542,12165.584708466187
00bbac68_7543,12165.598314986331
00bbac68_7544,12165.734807085695
00bbac68_7545,12165.735135571322
00bbac68_7546,12165.703514772209
00bbac68_7547,12165.694494318608
00bbac68_7548,12165.694822804235
00bbac68_7549,12165.733171561747
00bbac68_7550,12165.783071866848
00bbac68_7551,12165.782752273379
00bbac68_7552,12165.745924551564
00bbac68_7553,12165.725329105004
00bbac68_7554,12165.725657590629
00bbac68_7555,12165.82199051059
00bbac68_7556,12165.772533590098
00bbac68_7557,12165.78175745347
00bbac68_7558,12165.782085939096
00e12e8b_2083,11605.320613815082
00e12e8b_2084,11605.375770148767
00e12e8b_2085,11605.386617996675
00e12e8b_2086,11605.428614353033
00e12e8b_2087,11605.439462200942
00e12e8b_2088,11605.494618534627
00e12e8b_2089,11605.458457418856
00e12e8b_2090,11605.469305266763
00e12e8b_2091,11605.524461600447
00e12e8b_2092,11605.532608970454
00e12e8b_2093,11605.499148332583
00e12e8b_2094,11605.554304666268
00e12e8b_2095,11605.562452036274
00e12e8b_2096,11605.528991398403
00e12e8b_2097,11605.448673847528
00e12e8b_2098,11605.459521695435
00e12e8b_2099,11605.470369543342
00e12e8b_2100,11605.478516913348
00e12e8b_2101,11605.571735831849
00e12e8b_2102,11605.52565641195
00e12e8b_2103,11605.536504259857
00e12e8b_2104,11605.547352107764
00e12e8b_2105,11605.55549947777
00e12e8b_2106,11605.566347325677
00e12e8b_2107,11605.574494695684
00e12e8b_2108,11605.58534254359
00e12e8b_2109,11605.748023850929
00e12e8b_2110,11605.758871698838
00e12e8b_2111,11605.92883608667
00e12e8b_2112,11605.866331837633
00e12e8b_2113,11605.947831304584
00e12e8b_2114,11606.093495900772
00e12e8b_2115,11606.108383166003
00e12e8b_2116,11606.23418758826
00e12e8b_2117,11606.24814277641
00e12e8b_2118,11606.265925261152
00e12e8b_2119,11606.206121490015
00e12e8b_2120,11606.214268860022
00e12e8b_2121,11606.323590433436
00e12e8b_2122,11606.331737803443
00e12e8b_2123,11606.332950536616
00e12e8b_2124,11606.337990566379
00e12e8b_2125,11606.348838414287
00e12e8b_2126,11606.366620899029
00e12e8b_2127,11606.371110175567
00e12e8b_2128,11606.379257545574
00e12e8b_2129,11606.38740491558
00e12e8b_2130,11606.398252763487
00e12e8b_2131,11606.406400133494
00e12e8b_2132,11606.4172479814
00e12e8b_2133,11606.425395351407
00e12e8b_2134,11606.293016358763
00e12e8b_2135,11606.444390569322
00e12e8b_2136,11606.452537939327
00e12e8b_2137,11606.476106873797
00e12e8b_2138,11606.484254243802
00e12e8b_2139,11606.49510209171
00e12e8b_2140,11606.503249461715
00e12e8b_2141,11606.36816999117
00e12e8b_2142,11606.379017839077
00e12e8b_2143,11606.24560856558
00e12e8b_2144,11606.256456413485
00e12e8b_2145,11606.298624524816
00e12e8b_2146,11606.306771894822
00e12e8b_2147,11606.283599001405
00e12e8b_2148,11606.325767112736
00e12e8b_2149,11606.333914482742
00e12e8b_2150,11606.34476233065
00e12e8b_2151,11606.352909700656
00e12e8b_2152,11606.361057070662
00e12e8b_2153,11606.37190491857
00e12e8b_2154,11606.380052288576
00e12e8b_2155,11606.363821822642
00e12e8b_2156,11606.371969192649
00e12e8b_2157,11606.407194876496
00e12e8b_2158,11606.415342246502
00e12e8b_2159,11606.42348961651
00e12e8b_2160,11606.431636986516
00e12e8b_2161,11606.442484834422
00e12e8b_2162,11606.450632204429
00e12e8b_2163,11606.458779574436
00e12e8b_2164,11606.41832256297
00e12e8b_2165,11606.426469932976
00e12e8b_2166,11606.437317780883
00e12e8b_2167,11606.432744064328
00e12e8b_2168,11606.440891434335
00e12e8b_2169,11606.449038804341
00e12e8b_2170,11606.45718617435
00e12e8b_2171,11606.465333544355
00e12e8b_2172,11606.473480914361
00e12e8b_2173,11606.481628284368
00e12e8b_2174,11606.492476132275
00e12e8b_2175,11606.500623502281
00e12e8b_2176,11606.508770872288
00e12e8b_2177,11606.516918242294
00e12e8b_2178,11606.5250656123
00e12e8b_2179,11606.533212982307
00e12e8b_2180,11606.541360352314
00e12e8b_2181,11606.54950772232
00e12e8b_2182,11606.557655092327
00e12e8b_2183,11606.565802462334
00e12e8b_2184,11606.57394983234
00e12e8b_2185,11606.483623476837
00e12e8b_2186,11606.491770846846
00e12e8b_2187,11606.499918216852
00e12e8b_2188,11606.508065586859
00e12e8b_2189,11606.543009576697
00e12e8b_2190,11606.487726684361
00e12e8b_2191,11606.493173576466
00e12e8b_2192,11606.501320946472
00e12e8b_2193,11606.509468316479
00e12e8b_2194,11606.517615686485
00e12e8b_2195,11606.525763056492
00e12e8b_2196,11606.533910426499
00e12e8b_2197,11606.542057796505
00e12e8b_2198,11606.550205166512
00e12e8b_2199,11606.555652058616
00e12e8b_2200,11606.47533450774
00e12e8b_2201,11606.483481877745
00e12e8b_2202,11606.491629247754
00e12e8b_2203,11606.544085103536
00e12e8b_2204,11606.505223509866
00e12e8b_2205,11606.513370879871
00e12e8b_2206,11606.521518249878
00e12e8b_2207,11606.529665619884
00e12e8b_2208,11606.53511251199
00e12e8b_2209,11606.543259881997
00e12e8b_2210,11606.497180462096
00e12e8b_2211,11606.505327832103
00e12e8b_2212,11606.510774724207
00e12e8b_2213,11606.573148884123
00e12e8b_2214,11606.52706946422
00e12e8b_2215,11606.532516356327
00e12e8b_2216,11606.540663726333
00e12e8b_2217,11606.54881109634
00e12e8b_2218,11606.608484778353
00e12e8b_2219,11606.562405358452
00e12e8b_2220,11606.570552728459
00e12e8b_2221,11606.575999620563
00e12e8b_2222,11606.58414699057
00e12e8b_2223,11606.589593882676
00e12e8b_2224,11606.597741252683
00e12e8b_2225,11606.60588862269
00e12e8b_2226,11606.611335514794
00e12e8b_2227,11606.668087266273
00e12e8b_2228,11606.639513417056
00e12e8b_2229,11606.647660787063
00e12e8b_2230,11606.653107679167
00e12e8b_2231,11606.804481889725
00e12e8b_2232,11606.809928781831
00e12e8b_2233,11606.90654107272
00e12e8b_2234,11606.911987964826
00e12e8b_2235,11606.920135334833
00e12e8b_2236,11606.925582226939
00e12e8b_2237,11606.790502756394
00e12e8b_2238,11606.93917648905
00e12e8b_2239,11606.801396540606
00e12e8b_2240,11606.927200962862
00e12e8b_2241,11606.932647854966
00e12e8b_2242,11606.974815966298
00e12e8b_2243,11606.980262858404
00e12e8b_2244,11606.985709750508
00e12e8b_2245,11606.993857120517
00e12e8b_2246,11606.88523373568
00e12e8b_2247,11606.991854831193
00e12e8b_2248,11606.997301723299
00e12e8b_2249,11606.939567380188
00e12e8b_2250,11606.947714750197
00e12e8b_2251,11606.953161642301
00e12e8b_2252,11606.958608534407
00e12e8b_2253,11606.966755904414
00e12e8b_2254,11606.938182055195
00e12e8b_2255,11606.977649688624
00e12e8b_2256,11606.98579705863
00e12e8b_2257,11606.991243950737
00e12e8b_2258,11606.996690842843
00e12e8b_2259,11607.004838212848
00e12e8b_2260,11607.010285104954
00e12e8b_2261,11607.01573199706
00e12e8b_2262,11607.021178889165
00e12e8b_2263,11607.029326259173
00e12e8b_2264,11607.715929893295
00e12e8b_2265,11607.721376785401
00e12e8b_2266,11607.726823677505
00e12e8b_2267,11607.734971047512
00e12e8b_2268,11607.691813558145
00e12e8b_2269,11607.697260450252
00e12e8b_2270,11607.702707342356
00e12e8b_2271,11607.710854712364
00e12e8b_2272,11607.716301604469
00e12e8b_2273,11607.721748496575
00e12e8b_2274,11607.727195388681
00e12e8b_2275,11607.779651244464
00e12e8b_2276,11607.740789650792
00e12e8b_2277,11607.790545028674
00e12e8b_2278,11607.751683435004
00e12e8b_2279,11607.75713032711
00e12e8b_2280,11607.811752168218
00e12e8b_2281,11607.817199060322
00e12e8b_2282,11607.778337466652
00e12e8b_2283,11607.729619119027
00e12e8b_2284,11607.690757525355
00e12e8b_2285,11607.740512903238
00e12e8b_2286,11607.682529533002
00e12e8b_2287,11607.64636841723
00e12e8b_2288,11607.651815309335
00e12e8b_2289,11607.701570687219
00e12e8b_2290,11607.707017579323
00e12e8b_2291,11607.71246447143
00e12e8b_2292,11607.717911363536
00e12e8b_2293,11607.72335825564
00e12e8b_2294,11607.596031741086
00e12e8b_2295,11607.64848759687
00e12e8b_2296,11607.609626003199
00e12e8b_2297,11607.606192868436
00e12e8b_2298,11607.567331274764
00e12e8b_2299,11607.617086652646
00e12e8b_2300,11607.622533544753
00e12e8b_2301,11607.58367195108
00e12e8b_2302,11607.633427328963
00e12e8b_2303,11607.63887422107
00e12e8b_2304,11607.644321113175
00e12e8b_2305,11607.605459519504
00e12e8b_2306,11607.61090641161
00e12e8b_2307,11607.616353303714
00e12e8b_2308,11607.62180019582
00e12e8b_2309,11607.671555573705
00e12e8b_2310,11607.677002465809
00e12e8b_2311,11607.682449357915
00e12e8b_2312,11607.687896250021
00e12e8b_2313,11607.64903465635
00e12e8b_2314,11608.315269482668
00e12e8b_2315,11608.320716374774
00e12e8b_2316,11608.370471752656
00e12e8b_2317,11608.375918644762
00e12e8b_2318,11608.381365536869
00e12e8b_2319,11608.386812428973
00e12e8b_2320,11608.39225932108
00e12e8b_2321,11608.397706213185
00e12e8b_2322,11608.358844619514
00e12e8b_2323,11608.408599997396
00e12e8b_2324,11608.414046889502
00e12e8b_2325,11608.419493781608
00e12e8b_2326,11608.424940673714
00e12e8b_2327,11608.38337860214
00e12e8b_2328,11608.489495478329
00e12e8b_2329,11608.539250856213
00e12e8b_2330,11608.544697748319
00e12e8b_2331,11608.505836154647
00e12e8b_2332,11608.511283046751
00e12e8b_2333,11608.516729938858
00e12e8b_2334,11608.522176830964
00e12e8b_2335,11608.524923245168
00e12e8b_2336,11608.530370137276
00e12e8b_2337,11608.580125515158
00e12e8b_2338,11608.541263921486
00e12e8b_2339,11608.54671081359
00e12e8b_2340,11608.596466191475
00e12e8b_2341,11608.554904119903
00e12e8b_2342,11608.560351012007
00e12e8b_2343,11608.565797904113
00e12e8b_2344,11608.57124479622
00e12e8b_2345,11608.576691688326
00e12e8b_2346,11608.57943810253
00e12e8b_2347,11608.584884994636
00e12e8b_2348,11608.590331886742
00e12e8b_2349,11608.593078300946
00e12e8b_2350,11608.59852519305
00e12e8b_2351,11608.603972085157
00e12e8b_2352,11608.609418977263
00e12e8b_2353,11608.612165391469
00e12e8b_2354,11608.563385493668
00e12e8b_2355,11608.620358697779
00e12e8b_2356,11608.571578799978
00e12e8b_2357,11608.631252481991
00e12e8b_2358,11608.633998896195
00e12e8b_2359,11608.639445788302
00e12e8b_2360,11608.644892680408
00e12e8b_2361,11608.691947580388
00e12e8b_2362,11608.653085986718
00e12e8b_2363,11608.655832400922
00e12e8b_2364,11608.661279293028
00e12e8b_2365,11608.664025707232
00e12e8b_2366,11608.713781085116
00e12e8b_2367,11608.672219013544
00e12e8b_2368,11608.677665905649
00e12e8b_2369,11608.680412319854
00e12e8b_2370,11608.68585921196
00e12e8b_2371,11608.732914111943
00e12e8b_2372,11608.69405251827
00e12e8b_2373,11608.696798932477
00e12e8b_2374,11608.702245824581
00e12e8b_2375,11608.704992238787
00e12e8b_2376,11608.70773865299
00e12e8b_2377,11614.221746382424
00e12e8b_2378,11614.22449279663
00e12e8b_2379,11614.227239210835
00e12e8b_2380,11614.23268610294
00e12e8b_2381,11614.235432517144
00e12e8b_2382,11614.285187895028
00e12e8b_2383,11614.243625823456
00e12e8b_2384,11614.24637223766
00e12e8b_2385,11614.249118651866
00e12e8b_2386,11614.254565543972
00e12e8b_2387,11614.257311958176
00e12e8b_2388,11614.26005837238
00e12e8b_2389,11614.265505264488
00e12e8b_2390,11614.214024888784
00e12e8b_2391,11614.270998092896
00e12e8b_2392,11614.273744507102
00e12e8b_2393,11614.276490921306
00e12e8b_2394,11614.281937813412
00e12e8b_2395,11614.284684227618
00e12e8b_2396,11614.287430641822
00e12e8b_2397,11614.290177056027
00e12e8b_2398,11614.238696680324
00e12e8b_2399,11614.241443094528
00e12e8b_2400,11614.246889986636
00e12e8b_2401,11614.303863190748
00e12e8b_2402,11614.252382815044
00e12e8b_2403,11614.25512922925
00e12e8b_2404,11614.312102433363
00e12e8b_2405,11614.314848847567
00e12e8b_2406,11614.263368471864
00e12e8b_2407,11614.26611488607
00e12e8b_2408,11614.323088090183
00e12e8b_2409,11614.27160771448
00e12e8b_2410,11614.274354128684
00e12e8b_2411,11614.27710054289
00e12e8b_2412,11614.279846957095
00e12e8b_2413,11614.2825933713
00e12e8b_2414,11614.285339785503
00e12e8b_2415,11614.28808619971
00e12e8b_2416,11614.290832613915
00e12e8b_2417,11614.293579028119
00e12e8b_2418,11614.35055223223
00e12e8b_2419,11614.299071856529
00e12e8b_2420,11614.301818270735
00e12e8b_2421,11614.304564684939
00e12e8b_2422,11614.307311099144
00e12e8b_2423,11614.307357035448
00e12e8b_2424,11614.310103449652
00e12e8b_2425,11614.312849863858
00e12e8b_2426,11614.315596278062
00e12e8b_2427,11614.318342692268
00e12e8b_2428,11614.369693487944
00e12e8b_2429,11614.36973942425
00e12e8b_2430,11614.372485838454
00e12e8b_2431,11614.37523225266
00e12e8b_2432,11614.466443587748
00e12e8b_2433,11614.469190001953
00e12e8b_2434,11614.469235938257
00e12e8b_2435,11614.471982352461
00e12e8b_2436,11614.474728766667
00e12e8b_2437,11614.426170321498
00e12e8b_2438,11614.428916735704
00e12e8b_2439,11614.43166314991
00e12e8b_2440,11614.434409564114
00e12e8b_2441,11614.434455500417
00e12e8b_2442,11614.437201914621
00e12e8b_2443,11614.437247850927
00e12e8b_2444,11614.439994265133
00e12e8b_2445,11614.442740679337
00e12e8b_2446,11614.44278661564
00e12e8b_2447,11614.445533029844
00e12e8b_2448,11614.448279444052
00e12e8b_2449,11614.448325380356
00e12e8b_2450,11614.45107179456
00e12e8b_2451,11614.451117730863
00e12e8b_2452,11614.453864145069
00e12e8b_2453,11614.453910081373
00e12e8b_2454,11614.456656495578
00e12e8b_2455,11614.456702431882
00e12e8b_2456,11614.459448846088
00e12e8b_2457,11614.459494782392
00e12e8b_2458,11614.462241196596
00e12e8b_2459,11614.462287132901
00e12e8b_2460,11614.465033547105
00e12e8b_2461,11614.465079483409
00e12e8b_2462,11614.467825897615
00e12e8b_2463,11614.467871833918
00e12e8b_2464,11614.470618248124
00e12e8b_2465,11614.470664184428
00e12e8b_2466,11614.470710120733
00e12e8b_2467,11614.473456534937
00e12e8b_2468,11614.47350247124
00e12e8b_2469,11614.476248885447
00e12e8b_2470,11614.47629482175
00e12e8b_2471,11614.476340758056
00e12e8b_2472,11614.47908717226
00e12e8b_2473,11614.479133108563
00e12e8b_2474,11614.479179044869
00e12e8b_2475,11614.479224981173
00e12e8b_2476,11614.530575776851
00e12e8b_2477,11614.530621713155
00e12e8b_2478,11614.530667649458
00e12e8b_2479,11614.533414063662
00e12e8b_2480,11614.533459999968
00e12e8b_2481,11614.533505936271
00e12e8b_2482,11614.533551872577
00e12e8b_2483,11614.53359780888
00e12e8b_2484,11614.536344223085
00e12e8b_2485,11614.536390159388
00e12e8b_2486,11614.536436095694
00e12e8b_2487,11614.654139084247
00e12e8b_2488,11614.65418502055
00e12e8b_2489,11614.656931434756
00e12e8b_2490,11614.65697737106
00e12e8b_2491,11614.62300256604
00e12e8b_2492,11614.657069243669
00e12e8b_2493,11614.657115179973
00e12e8b_2494,11614.657161116276
00e12e8b_2495,11614.657207052582
00e12e8b_2496,11614.657252988885
00e12e8b_2497,11614.65729892519
00e12e8b_2498,11614.657344861494
00e12e8b_2499,11614.657390797798
00e12e8b_2500,11614.623415992777
00e12e8b_2501,11614.755956395913
00e12e8b_2502,11617.395591513749
00e12e8b_2503,11617.395637450052
00e12e8b_2504,11617.358962167133
00e12e8b_2505,11617.359008103436
00e12e8b_2506,11617.359054039742
00e12e8b_2507,11617.359099976045
00e12e8b_2508,11617.359145912349
00e12e8b_2509,11617.359191848653
00e12e8b_2510,11617.359237784958
00e12e8b_2511,11617.359283721262
00e12e8b_2512,11617.359329657565
00e12e8b_2513,11617.359375593871
00e12e8b_2514,11617.359421530175
00e12e8b_2515,11617.359467466478
00e12e8b_2516,11617.356812924882
00e12e8b_2517,11617.356858861185
00e12e8b_2518,11617.35690479749
00e12e8b_2519,11617.356950733794
00e12e8b_2520,11617.3569966701
00e12e8b_2521,11617.357042606403
00e12e8b_2522,11617.354388064807
00e12e8b_2523,11617.35443400111
00e12e8b_2524,11617.354479937414
00e12e8b_2525,11617.35452587372
00e12e8b_2526,11617.351871332123
00e12e8b_2527,11617.351917268426
00e12e8b_2528,11617.35196320473
00e12e8b_2529,11617.352009141036
00e12e8b_2530,11617.349354599439
00e12e8b_2531,11617.349400535742
00e12e8b_2532,11617.349446472046
00e12e8b_2533,11617.34949240835
00e12e8b_2534,11617.349538344655
00e12e8b_2535,11617.346883803059
00e12e8b_2536,11617.380950480687
00e12e8b_2537,11617.38099641699
00e12e8b_2538,11617.347021611971
00e12e8b_2539,11617.347067548275
00e12e8b_2540,11617.378433748003
00e12e8b_2541,11617.344458942982
00e12e8b_2542,11617.37852562061
00e12e8b_2543,11617.378571556914
00e12e8b_2544,11617.37861749322
00e12e8b_2545,11617.378663429525
00e12e8b_2546,11617.378709365828
00e12e8b_2547,11617.376054824232
00e12e8b_2548,11617.376100760535
00e12e8b_2549,11617.376146696839
00e12e8b_2550,11617.376192633144
00e12e8b_2551,11617.376238569448
00e12e8b_2552,11617.376284505752
00e12e8b_2553,11617.376330442055
00e12e8b_2554,11617.37637637836
00e12e8b_2555,11617.376422314665
00e12e8b_2556,11617.376468250968
00e12e8b_2557,11617.373813709371
00e12e8b_2558,11617.373859645677
00e12e8b_2559,11617.37390558198
00e12e8b_2560,11617.373951518286
00e12e8b_2561,11617.37399745459
00e12e8b_2562,11617.374043390893
00e12e8b_2563,11617.374089327197
00e12e8b_2564,11617.374135263502
00e12e8b_2565,11617.374181199806
00e12e8b_2566,11617.374227136112
00e12e8b_2567,11617.374273072415
00e12e8b_2568,11617.374319008719
00e12e8b_2569,11617.374364945023
00e12e8b_2570,11617.374410881326
00e12e8b_2571,11617.374456817632
00e12e8b_2572,11617.374502753935
00e12e8b_2573,11617.37454869024
00e12e8b_2574,11617.374594626544
00e12e8b_2575,11617.374640562848
00e12e8b_2576,11617.374686499152
00e12e8b_2577,11617.374732435457
00e12e8b_2578,11617.37477837176
00e12e8b_2579,11617.377524785965
00e12e8b_2580,11617.37757072227
00e12e8b_2581,11617.377616658574
00e12e8b_2582,11617.377662594878
00e12e8b_2583,11617.377708531181
00e12e8b_2584,11617.377754467487
00e12e8b_2585,11617.37780040379
00e12e8b_2586,11617.377846340094
00e12e8b_2587,11617.3778922764
00e12e8b_2588,11617.377938212703
00e12e8b_2589,11617.380684626907
00e12e8b_2590,11617.380730563213
00e12e8b_2591,11617.380776499516
00e12e8b_2592,11617.380822435822
00e12e8b_2593,11617.380868372125
00e12e8b_2594,11617.31300817515
00e12e8b_2595,11617.315754589355
00e12e8b_2596,11617.31580052566
00e12e8b_2597,11617.315846461963
00e12e8b_2598,11617.315892398266
00e12e8b_2599,11617.315938334572
00e12e8b_2600,11618.11511746563
00e12e8b_2601,11618.117863879834
00e12e8b_2602,11618.117909816137
00e12e8b_2603,11618.117955752441
00e12e8b_2604,11618.069397307274
00e12e8b_2605,11618.072143721478
00e12e8b_2606,11618.072189657782
00e12e8b_2607,11618.12083997556
00e12e8b_2608,11618.120885911863
00e12e8b_2609,11618.025158600562
00e12e8b_2610,11618.025204536865
00e12e8b_2611,11618.025250473169
00e12e8b_2612,11618.025296409473
00e12e8b_2613,11618.126516549186
00e12e8b_2614,11618.028088759984
00e12e8b_2615,11618.126608421795
00e12e8b_2616,11618.129354835999
00e12e8b_2617,11618.129400772305
00e12e8b_2618,11618.129446708608
00e12e8b_2619,11618.129492644912
00e12e8b_2620,11618.132239059118
00e12e8b_2621,11618.132284995421
00e12e8b_2622,11618.132330931725
00e12e8b_2623,11618.13507734593
00e12e8b_2624,11618.135123282234
00e12e8b_2625,11618.135169218538
00e12e8b_2626,11618.137915632744
00e12e8b_2627,11618.13796156905
00e12e8b_2628,11618.138007505353
00e12e8b_2629,11618.138053441657
00e12e8b_2630,11618.14079985586
00e12e8b_2631,11618.140845792164
00e12e8b_2632,11618.14089172847
00e12e8b_2633,11618.140937664773
00e12e8b_2634,11618.14368407898
00e12e8b_2635,11618.143730015283
00e12e8b_2636,11618.143775951587
00e12e8b_2637,11618.143821887892
00e12e8b_2638,11618.143867824196
00e12e8b_2639,11618.1439137605
00e12e8b_2640,11618.143959696805
00e12e8b_2641,11618.146706111009
00e12e8b_2642,11618.146752047312
00e12e8b_2643,11618.146797983616
00e12e8b_2644,11618.146843919922
00e12e8b_2645,11618.146889856225
00e12e8b_2646,11618.146935792529
00e12e8b_2647,11618.168833018164
00e12e8b_2648,11618.168878954468
00e12e8b_2649,11618.168924890771
00e12e8b_2650,11618.168970827075
00e12e8b_2651,11618.16901676338
00e12e8b_2652,11618.169062699684
00e12e8b_2653,11618.16910863599
00e12e8b_2654,11618.169154572293
00e12e8b_2655,11618.169200508597
00e12e8b_2656,11618.1692464449
00e12e8b_2657,11618.169292381206
00e12e8b_2658,11618.16933831751
00e12e8b_2659,11618.166683775915
00e12e8b_2660,11618.166729712219
00e12e8b_2661,11618.166775648522
00e12e8b_2662,11618.166821584826
00e12e8b_2663,11618.166867521131
00e12e8b_2664,11618.166913457435
00e12e8b_2665,11618.166959393739
00e12e8b_2666,11618.164304852142
00e12e8b_2667,11618.164350788446
00e12e8b_2668,11618.164396724751
00e12e8b_2669,11618.164442661055
00e12e8b_2670,11618.161788119458
00e12e8b_2671,11618.161834055762
00e12e8b_2672,11618.161879992065
00e12e8b_2673,11618.16192592837
00e12e8b_2674,11618.159271386774
00e12e8b_2675,11618.15931732308
00e12e8b_2676,11618.159363259383
00e12e8b_2677,11618.159409195687
00e12e8b_2678,11618.15675465409
00e12e8b_2679,11618.156800590394
00e12e8b_2680,11618.154146048797
00e12e8b_2681,11618.154191985102
00e12e8b_2682,11618.154237921406
00e12e8b_2683,11618.15158337981
00e12e8b_2684,11618.151629316115
00e12e8b_2685,11618.151675252418
00e12e8b_2686,11618.149020710822
00e12e8b_2687,11618.149066647125
00e12e8b_2688,11618.146412105529
00e12e8b_2689,11618.146458041832
00e12e8b_2690,11618.095199118765
00e12e8b_2691,11618.095245055069
00e12e8b_2692,11618.092590513472
00e12e8b_2693,11618.092636449775
00e12e8b_2694,11618.089981908179
00e12e8b_2695,11618.090027844482
00e12e8b_2696,11618.087373302887
00e12e8b_2697,11618.087419239191
00e12e8b_2698,11618.084764697594
00e12e8b_2699,11618.084810633898
00e12e8b_2700,11618.082156092303
00e12e8b_2701,11618.057650261377
00e12e8b_2702,11618.05769619768
00e12e8b_2703,11618.055041656084
00e12e8b_2704,11618.055087592387
00e12e8b_2705,11618.101037432263
00e12e8b_2706,11618.098382890666
00e12e8b_2707,11618.098428826972
00e12e8b_2708,11618.095774285375
00e12e8b_2709,11618.093119743779
00e12e8b_2710,11618.416976548098
00e12e8b_2711,11618.065150601526
00e12e8b_2712,11618.062496059929
00e12e8b_2713,11618.059841518332
00e12e8b_2714,11618.059887454636
00e12e8b_2715,11617.958759187532
00e12e8b_2716,11617.907500264464
00e12e8b_2717,11617.904845722867
00e12e8b_2718,11617.90219118127
00e12e8b_2719,11617.809763193767
00e12e8b_2720,11617.807108652169
00e12e8b_2721,11617.804454110574
00e12e8b_2722,11617.801799568977
00e12e8b_2723,11617.79914502738
00e12e8b_2724,11617.799190963684
00e12e8b_2725,11617.84514080356
00e12e8b_2726,11617.79388188049
00e12e8b_2727,11617.839831720366
00e12e8b_2728,11617.837177178772
00e12e8b_2729,11617.834522637175
00e12e8b_2730,11617.831868095578
00e12e8b_2731,11617.831914031882
00e12e8b_2732,11617.829259490285
00e12e8b_2733,11617.826604948688
00e12e8b_2734,11617.823950407092
00e12e8b_2735,11617.821295865495
00e12e8b_2736,11617.818641323898
00e12e8b_2737,11617.815986782301
00e12e8b_2738,11617.813332240705
00e12e8b_2739,11617.81067769911
00e12e8b_2740,11617.808023157511
00e12e8b_2741,11617.808069093817
00e12e8b_2742,11617.80541455222
00e12e8b_2743,11617.802760010623
00e12e8b_2744,11617.800105469027
00e12e8b_2745,11617.79745092743
00e12e8b_2746,11617.794796385835
00e12e8b_2747,11617.792141844237
00e12e8b_2748,11617.789487302642
00e12e8b_2749,11617.786832761045
00e12e8b_2750,11617.784178219448
00e12e8b_2751,11617.781523677852
00e12e8b_2752,11617.778869136255
00e12e8b_2753,11617.776214594658
00e12e8b_2754,11617.773560053061
00e12e8b_2755,11617.770905511465
00e12e8b_2756,11617.768250969868
00e12e8b_2757,11617.765596428271
00e12e8b_2758,11617.762941886675
00e12e8b_2759,11617.760287345078
00e12e8b_2760,11617.757632803481
00e12e8b_2761,11617.754978261884
00e12e8b_2762,11617.749623242387
00e12e8b_2763,11617.74696870079
00e12e8b_2764,11617.695709777723
00e12e8b_2765,11617.693055236126
00e12e8b_2766,11617.739005076002
00e12e8b_2767,11617.736350534406
00e12e8b_2768,11617.733695992809
00e12e8b_2769,11617.731041451212
00e12e8b_2770,11617.826860635123
00e12e8b_2771,11617.824206093526
00e12e8b_2772,11617.82155155193
00e12e8b_2773,11617.816196532433
00e12e8b_2774,11617.813541990836
00e12e8b_2775,11617.810887449239
00e12e8b_2776,11617.808232907642
00e12e8b_2777,11617.805578366046
00e12e8b_2778,11617.802923824449
00e12e8b_2779,11617.797568804952
00e12e8b_2780,11617.794914263355
00e12e8b_2781,11617.792259721758
00e12e8b_2782,11617.789605180164
00e12e8b_2783,11617.786950638565
00e12e8b_2784,11617.781595619068
00e12e8b_2785,11617.778941077471
00e12e8b_2786,11617.776286535876
00e12e8b_2787,11617.77363199428
00e12e8b_2788,11617.770977452683
00e12e8b_2789,11617.765622433184
00e12e8b_2790,11617.76296789159
00e12e8b_2791,11617.760313349992
00e12e8b_2792,11617.757658808396
00e12e8b_2793,11617.752303788899
00e12e8b_2794,11617.749649247302
00e12e8b_2795,11617.746994705705
00e12e8b_2796,11617.744340164109
00e12e8b_2797,11617.738985144611
00e12e8b_2798,11617.736330603015
00e12e8b_2799,11617.733676061418
00e12e8b_2800,11617.728321041921
00e12e8b_2801,11617.725666500324
00e12e8b_2802,11617.723011958728
00e12e8b_2803,11617.71765693923
00e12e8b_2804,11617.715002397634
00e12e8b_2805,11617.712347856037
00e12e8b_2806,11617.70699283654
00e12e8b_2807,11617.704338294943
00e12e8b_2808,11617.701683753347
00e12e8b_2809,11617.69632873385
00e12e8b_2810,11617.693674192253
00e12e8b_2811,11617.691019650656
00e12e8b_2812,11617.685664631159
00e12e8b_2813,11617.63440570809
00e12e8b_2814,11617.631751166493
00e12e8b_2815,11617.626396146996
00e12e8b_2816,11617.672345986872
00e12e8b_2817,11617.669691445275
00e12e8b_2818,11617.664336425778
00e12e8b_2819,11617.661681884183
00e12e8b_2820,11617.659027342586
00e12e8b_2821,11617.65637280099
00e12e8b_2822,11617.651017781493
00e12e8b_2823,11617.648363239896
00e12e8b_2824,11617.6457086983
00e12e8b_2825,11617.643054156702
00e12e8b_2826,11617.637699137205
00e12e8b_2827,11617.635044595609
00e12e8b_2828,11617.632390054012
00e12e8b_2829,11617.629735512415
00e12e8b_2830,11617.627080970818
00e12e8b_2831,11617.624426429222
00e12e8b_2832,11617.619071409725
00e12e8b_2833,11617.616416868128
00e12e8b_2834,11617.410089551948
00e12e8b_2835,11617.407435010351
00e12e8b_2836,11617.404780468754
00e12e8b_2837,11617.402125927158
00e12e8b_2838,11617.39947138556
00e12e8b_2839,11617.396816843964
00e12e8b_2840,11617.39416230237
00e12e8b_2841,11617.391507760773
00e12e8b_2842,11617.388853219176
00e12e8b_2843,11617.38619867758
00e12e8b_2844,11617.383544135982
00e12e8b_2845,11617.380889594386
00e12e8b_2846,11617.378235052789
00e12e8b_2847,11617.375580511192
00e12e8b_2848,11617.372925969596
00e12e8b_2849,11617.370271427999
00e12e8b_2850,11617.367616886402
00e12e8b_2851,11617.364962344807
00e12e8b_2852,11617.362307803209
00e12e8b_2853,11617.359653261614
00e12e8b_2854,11617.356998720017
00e12e8b_2855,11617.35704465632
00e12e8b_2856,11617.354390114724
00e12e8b_2857,11617.351735573127
00e12e8b_2858,11617.34908103153
00e12e8b_2859,11617.346426489934
00e12e8b_2860,11617.280010836872
00e12e8b_2861,11617.280056773176
00e12e8b_2862,11617.277402231579
00e12e8b_2863,11617.274747689982
00e12e8b_2864,11617.272093148385
00e12e8b_2865,11617.27213908469
00e12e8b_2866,11617.127020053482
00e12e8b_2867,11617.124365511885
00e12e8b_2868,11617.121710970288
00e12e8b_2869,11617.121756906594
00e12e8b_2870,11617.119102364997
00e12e8b_2871,11617.1164478234
00e12e8b_2872,11617.116493759706
00e12e8b_2873,11617.113839218107
00e12e8b_2874,11617.336708740426
00e12e8b_2875,11617.33675467673
00e12e8b_2876,11617.334100135133
00e12e8b_2877,11617.331445593538
00e12e8b_2878,11617.331491529842
00e12e8b_2879,11617.643771906492
00e12e8b_2880,11617.643817842796
00e12e8b_2881,11617.641163301201
00e12e8b_2882,11617.641209237505
00e12e8b_2883,11617.638554695908
00e12e8b_2884,11617.638600632212
00e12e8b_2885,11617.635946090617
00e12e8b_2886,11617.63599202692
00e12e8b_2887,11617.633337485324
00e12e8b_2888,11617.633383421628
00e12e8b_2889,11617.63072888003
00e12e8b_2890,11617.630774816334
00e12e8b_2891,11617.628120274738
00e12e8b_2892,11617.628166211043
00e12e8b_2893,11617.625511669446
00e12e8b_2894,11617.625557605752
00e12e8b_2895,11617.625603542056
00e12e8b_2896,11617.849880668744
00e12e8b_2897,11617.849926605048
00e12e8b_2898,11617.847272063453
00e12e8b_2899,11617.847317999756
00e12e8b_2900,11617.84736393606
00e12e8b_2901,11617.844709394463
00e12e8b_2902,11617.844755330767
00e12e8b_2903,11617.84480126707
00e12e8b_2904,11617.844847203376
00e12e8b_2905,11617.84219266178
00e12e8b_2906,11617.842238598085
00e12e8b_2907,11617.842284534388
00e12e8b_2908,11617.839629992792
00e12e8b_2909,11617.839675929095
00e12e8b_2910,11617.839721865399
00e12e8b_2911,11617.837067323804
00e12e8b_2912,11617.837113260108
00e12e8b_2913,11617.837159196411
00e12e8b_2914,11617.834504654815
00e12e8b_2915,11617.83455059112
00e12e8b_2916,11617.831896049523
00e12e8b_2917,11617.831941985827
00e12e8b_2918,11617.82928744423
00e12e8b_2919,11617.829333380534
00e12e8b_2920,11617.826678838937
00e12e8b_2921,11617.826724775243
00e12e8b_2922,11617.824070233644
00e12e8b_2923,11617.82141569205
00e12e8b_2924,11617.821461628353
00e12e8b_2925,11617.818807086756
00e12e8b_2926,11617.81615254516
00e12e8b_2927,11617.590674417552
00e12e8b_2928,11617.588019875955
00e12e8b_2929,11617.585365334358
00e12e8b_2930,11617.585411270662
00e12e8b_2931,11617.582756729065
00e12e8b_2932,11617.580102187469
00e12e8b_2933,11617.528843264401
00e12e8b_2934,11617.574793104275
00e12e8b_2935,11617.523534181208
00e12e8b_2936,11617.520879639611
00e12e8b_2937,11617.520925575915
00e12e8b_2938,11617.518271034318
00e12e8b_2939,11617.515616492721
00e12e8b_2940,11617.512961951124
00e12e8b_2941,11617.510307409528
00e12e8b_2942,11617.507652867931
00e12e8b_2943,11617.504998326334
00e12e8b_2944,11617.499643306837
00e12e8b_2945,11617.263625295709
00e12e8b_2946,11617.260970754112
00e12e8b_2947,11617.258316212516
00e12e8b_2948,11617.255661670919
00e12e8b_2949,11617.253007129322
00e12e8b_2950,11617.250352587726
00e12e8b_2951,11617.244997568228
00e12e8b_2952,11617.242343026632
00e12e8b_2953,11617.239688485035
00e12e8b_2954,11617.237033943438
00e12e8b_2955,11617.231678923941
00e12e8b_2956,11617.229024382345
00e12e8b_2957,11617.226369840748
00e12e8b_2958,11617.22101482125
00e12e8b_2959,11617.561598929755
00e12e8b_2960,11617.556243910258
00e12e8b_2961,11617.553589368661
00e12e8b_2962,11617.548234349164
00e12e8b_2963,11617.545579807567
00e12e8b_2964,11617.54022478807
00e12e8b_2965,11617.586174627946
00e12e8b_2966,11617.580819608447
00e12e8b_2967,11617.52956068538
00e12e8b_2968,11617.524205665883
00e12e8b_2969,11617.521551124286
00e12e8b_2970,11617.516196104789
00e12e8b_2971,11617.510841085292
00e12e8b_2972,11617.508186543693
00e12e8b_2973,11617.551435905669
00e12e8b_2974,11617.546080886172
00e12e8b_2975,11617.492121485202
00e12e8b_2976,11617.538071325078
00e12e8b_2977,11617.53271630558
00e12e8b_2978,11617.527361286084
00e12e8b_2979,11617.522006266587
00e12e8b_2980,11617.51665124709
00e12e8b_2981,11617.511296227593
00e12e8b_2982,11617.508641685996
00e12e8b_2983,11617.503286666497
00e12e8b_2984,11617.497931647002
00e12e8b_2985,11617.492576627503
00e12e8b_2986,11617.487221608006
00e12e8b_2987,11617.481866588509
00e12e8b_2988,11617.476511569012
00e12e8b_2989,11617.471156549513
00e12e8b_2990,11617.465801530016
00e12e8b_2991,11617.460446510519
00e12e8b_2992,11617.452391013121
00e12e8b_2993,11617.447035993624
00e12e8b_2994,11617.441680974127
00e12e8b_2995,11617.43632595463
00e12e8b_2996,11617.430970935133
00e12e8b_2997,11617.425615915636
00e12e8b_2998,11617.417560418236
00e12e8b_2999,11617.41220539874
00e12e8b_3000,11617.40685037924
00e12e8b_3001,11617.632158351376
00e12e8b_3002,11617.62680333188
00e12e8b_3003,11617.62144831238
00e12e8b_3004,11617.616093292883
00e12e8b_3005,11617.608037795486
00e12e8b_3006,11617.602682775989
00e12e8b_3007,11617.597327756492
00e12e8b_3008,11617.589272259094
00e12e8b_3009,11617.583917239595
00e12e8b_3010,11617.578562220098
00e12e8b_3011,11617.524602819129
00e12e8b_3012,11617.516547321731
00e12e8b_3013,11617.511192302234
00e12e8b_3014,11617.554441664208
00e12e8b_3015,11617.54638616681
00e12e8b_3016,11617.541031147313
00e12e8b_3017,11617.535676127816
00e12e8b_3018,11617.53032110832
00e12e8b_3019,11617.522265610922
00e12e8b_3020,11617.516910591425
00e12e8b_3021,11617.511555571926
00e12e8b_3022,11617.506200552429
00e12e8b_3023,11617.311918769614
00e12e8b_3024,11617.306563750117
00e12e8b_3025,11617.301208730618
00e12e8b_3026,11617.29585371112
00e12e8b_3027,11617.287798213723
00e12e8b_3028,11617.282443194226
00e12e8b_3029,11617.27708817473
00e12e8b_3030,11617.271733155232
00e12e8b_3031,11617.263677657833
00e12e8b_3032,11617.258322638336
00e12e8b_3033,11617.252967618839
00e12e8b_3034,11617.247612599342
00e12e8b_3035,11617.239557101944
00e12e8b_3036,11617.234202082447
00e12e8b_3037,11617.228847062948
00e12e8b_3038,11617.223492043453
00e12e8b_3039,11617.440960609967
00e12e8b_3040,11617.43560559047
00e12e8b_3041,11617.430250570971
00e12e8b_3042,11617.424895551474
00e12e8b_3043,11617.419540531977
00e12e8b_3044,11617.41148503458
00e12e8b_3045,11617.406130015082
00e12e8b_3046,11617.400774995585
00e12e8b_3047,11617.395419976088
00e12e8b_3048,11617.387364478689
00e12e8b_3049,11617.382009459192
00e12e8b_3050,11617.376654439695
00e12e8b_3051,11617.371299420198
00e12e8b_3052,11617.365944400699
00e12e8b_3053,11617.357888903302
00e12e8b_3054,11617.352533883804
00e12e8b_3055,11617.347178864307
00e12e8b_3056,11617.34182384481
00e12e8b_3057,11617.336468825313
00e12e8b_3058,11617.279808946441
00e12e8b_3059,11617.274453926944
00e12e8b_3060,11617.269098907447
00e12e8b_3061,11617.26374388795
00e12e8b_3062,11617.258388868453
00e12e8b_3063,11617.250333371056
00e12e8b_3064,11617.244978351559
00e12e8b_3065,11617.23962333206
00e12e8b_3066,11617.234268312563
00e12e8b_3067,11617.228913293065
00e12e8b_3068,11617.220857795666
00e12e8b_3069,11617.21550277617
00e12e8b_3070,11617.210147756674
00e12e8b_3071,11616.979268673262
00e12e8b_3072,11616.973913653765
00e12e8b_3073,11616.965858156367
00e12e8b_3074,11616.96050313687
00e12e8b_3075,11616.955148117373
00e12e8b_3076,11616.949793097876
00e12e8b_3077,11616.944438078377
00e12e8b_3078,11616.93908305888
00e12e8b_3079,11616.931027561483
00e12e8b_3080,11616.925672541984
00e12e8b_3081,11616.920317522488
00e12e8b_3082,11616.963566884464
00e12e8b_3083,11616.958211864965
00e12e8b_3084,11616.952856845468
00e12e8b_3085,11616.366380212168
00e12e8b_3086,11616.312420811199
00e12e8b_3087,11616.07370232217
00e12e8b_3088,11616.068347302673
00e12e8b_3089,11616.062992283174
00e12e8b_3090,11616.057637263677
00e12e8b_3091,11616.05228224418
00e12e8b_3092,11616.044226746782
00e12e8b_3093,11616.038871727285
00e12e8b_3094,11616.033516707788
00e12e8b_3095,11616.02816168829
00e12e8b_3096,11615.959376406448
00e12e8b_3097,11615.954021386951
00e12e8b_3098,11615.948666367454
00e12e8b_3099,11615.88638408015
00e12e8b_3100,11615.93525585056
00e12e8b_3101,11615.92990083106
00e12e8b_3102,11615.924545811564
00e12e8b_3103,11615.919190792067
00e12e8b_3104,11615.856908504764
00e12e8b_3105,11615.851553485265
00e12e8b_3106,11615.900425255673
00e12e8b_3107,11615.895070236176
00e12e8b_3108,11615.887014738779
00e12e8b_3109,11615.881659719282
00e12e8b_3110,11615.876304699785
00e12e8b_3111,11615.868249202387
00e12e8b_3112,11615.862894182888
00e12e8b_3113,11615.857539163393
00e12e8b_3114,11615.852485655305
00e12e8b_3115,11615.844128646495
00e12e8b_3116,11615.750308706116
00e12e8b_3117,11615.742253208718
00e12e8b_3118,11615.736898189221
00e12e8b_3119,11615.731543169724
00e12e8b_3120,11615.723487672325
00e12e8b_3121,11615.718132652828
00e12e8b_3122,11615.710077155429
00e12e8b_3123,11615.704722135932
00e12e8b_3124,11615.642439848629
00e12e8b_3125,11615.691311619037
00e12e8b_3126,11615.68595659954
00e12e8b_3127,11615.680903091452
00e12e8b_3128,11615.672546082644
00e12e8b_3129,11615.664490585246
00e12e8b_3130,11615.65913556575
00e12e8b_3131,11615.65108006835
00e12e8b_3132,11615.645725048853
00e12e8b_3133,11615.637669551455
00e12e8b_3134,11615.629614054058
00e12e8b_3135,11615.624259034561
00e12e8b_3136,11615.616203537164
00e12e8b_3137,11615.55662172776
00e12e8b_3138,11615.602793020265
00e12e8b_3139,11615.597438000768
00e12e8b_3140,11615.58938250337
00e12e8b_3141,11615.581327005973
00e12e8b_3142,11615.575971986476
00e12e8b_3143,11615.567916489079
00e12e8b_3144,11615.55986099168
00e12e8b_3145,11615.554505972183
00e12e8b_3146,11615.546450474785
00e12e8b_3147,11615.538394977386
00e12e8b_3148,11615.533039957889
00e12e8b_3149,11615.524984460491
00e12e8b_3150,11615.516928963094
00e12e8b_3151,11615.511573943597
00e12e8b_3152,11615.503518446198
00e12e8b_3153,11615.495462948798
00e12e8b_3154,11615.487407451401
00e12e8b_3155,11615.479351954004
00e12e8b_3156,11615.473996934506
00e12e8b_3157,11615.342344753051
00e12e8b_3158,11615.331287266341
00e12e8b_3159,11615.326233758255
00e12e8b_3160,11615.318178260855
00e12e8b_3161,11615.312823241358
00e12e8b_3162,11615.301765754652
00e12e8b_3163,11615.296712246563
00e12e8b_3164,11615.285654759855
00e12e8b_3165,11615.280601251767
00e12e8b_3166,11615.269543765058
00e12e8b_3167,11615.26148826766
00e12e8b_3168,11615.256434759573
00e12e8b_3169,11615.248077750766
00e12e8b_3170,11615.240022253367
00e12e8b_3171,11615.234968745279
00e12e8b_3172,11615.226913247881
00e12e8b_3173,11615.215855761173
00e12e8b_3174,11615.210802253085
00e12e8b_3175,11615.202746755687
00e12e8b_3176,11615.191689268979
00e12e8b_3177,11615.18363377158
00e12e8b_3178,11615.175578274182
00e12e8b_3179,11615.170524766094
00e12e8b_3180,11615.162469268696
00e12e8b_3181,11615.151411781988
00e12e8b_3182,11615.1463582739
00e12e8b_3183,11615.138302776502
00e12e8b_3184,11615.127546801203
00e12e8b_3185,11615.119491303805
00e12e8b_3186,11615.111435806408
00e12e8b_3187,11615.1003783197
00e12e8b_3188,11615.0923228223
00e12e8b_3189,11615.087269314214
00e12e8b_3190,11615.079213816814
00e12e8b_3191,11615.068156330108
00e12e8b_3192,11615.060100832708
00e12e8b_3193,11615.05234684672
00e12e8b_3194,11615.044291349323
00e12e8b_3195,11615.038936329825
00e12e8b_3196,11615.027878843117
00e12e8b_3197,11615.01982334572
00e12e8b_3198,11615.014769837631
00e12e8b_3199,11615.003712350923
00e12e8b_3200,11614.995656853524
00e12e8b_3201,11614.990301834026
00e12e8b_3202,11614.112706335989
00e12e8b_3203,11614.10465083859
00e12e8b_3204,11614.099295819093
00e12e8b_3205,11614.091240321695
00e12e8b_3206,11614.085885302196
00e12e8b_3207,11614.023603014892
00e12e8b_3208,11614.072474785302
00e12e8b_3209,11614.064419287904
00e12e8b_3210,11614.0048374785
00e12e8b_3211,11613.999482459003
00e12e8b_3212,11613.991426961606
00e12e8b_3213,11613.986071942109
00e12e8b_3214,11613.98071692261
00e12e8b_3215,11613.975361903113
00e12e8b_3216,11614.640818745738
00e12e8b_3217,11614.635463726241
00e12e8b_3218,11614.495757691648
00e12e8b_3219,11614.49040267215
00e12e8b_3220,11614.485047652654
00e12e8b_3221,11614.479692633156
00e12e8b_3222,11614.47433761366
00e12e8b_3223,11614.468982594162
00e12e8b_3224,11614.463627574663
00e12e8b_3225,11614.429334835888
00e12e8b_3226,11614.42397981639
00e12e8b_3227,11614.418624796894
00e12e8b_3228,11614.415970255297
00e12e8b_3229,11614.4106152358
00e12e8b_3230,11614.407960694203
00e12e8b_3231,11614.402605674706
00e12e8b_3232,11614.39995113311
00e12e8b_3233,11614.483061034494
00e12e8b_3234,11614.480406492898
00e12e8b_3235,11614.4777519513
00e12e8b_3236,11614.472396931804
00e12e8b_3237,11614.476100961574
00e12e8b_3238,11614.47344641998
00e12e8b_3239,11614.464433307014
00e12e8b_3240,11614.579435817668
00e12e8b_3241,11614.576781276071
00e12e8b_3242,11614.574126734475
00e12e8b_3243,11614.571472192878
00e12e8b_3244,11614.802181120815
00e12e8b_3245,11614.799526579218
00e12e8b_3246,11614.803230608988
00e12e8b_3247,11614.800576067391
00e12e8b_3248,11614.797921525795
00e12e8b_3249,11614.797967462098
00e12e8b_3250,11614.795312920502
00e12e8b_3251,11614.792658378905
00e12e8b_3252,11614.927055330307
00e12e8b_3253,11614.918042217341
00e12e8b_3254,11614.918088153647
00e12e8b_3255,11614.91543361205
00e12e8b_3256,11614.915479548354
00e12e8b_3257,11614.912825006757
00e12e8b_3258,11614.912870943062
00e12e8b_3259,11614.912916879366
00e12e8b_3260,11614.91026233777
00e12e8b_3261,11614.910308274073
00e12e8b_3262,11614.910354210377
00e12e8b_3263,11614.910400146682
00e12e8b_3264,11614.910446082988
00e12e8b_3265,11614.910492019291
00e12e8b_3266,11614.910537955595
00e12e8b_3267,11614.910583891899
00e12e8b_3268,11614.67726635867
00e12e8b_3269,11614.677312294974
00e12e8b_3270,11614.67735823128
00e12e8b_3271,11614.677404167584
00e12e8b_3272,11614.677450103887
00e12e8b_3273,11614.67749604019
00e12e8b_3274,11614.680242454397
00e12e8b_3275,11614.6802883907
00e12e8b_3276,11614.616904064662
00e12e8b_3277,11614.622652468177
00e12e8b_3278,11614.619696415171
00e12e8b_3279,11614.622442829375
00e12e8b_3280,11614.622488765679
00e12e8b_3281,11614.625235179887
00e12e8b_3282,11614.62798159409
00e12e8b_3283,11614.628027530394
00e12e8b_3284,11614.63377593391
00e12e8b_3285,11614.633520358804
00e12e8b_3286,11614.545101374224
00e12e8b_3287,11614.54784778843
00e12e8b_3288,11614.550594202634
00e12e8b_3289,11614.55334061684
00e12e8b_3290,11614.556087031044
00e12e8b_3291,11614.55613296735
00e12e8b_3292,11614.558879381553
00e12e8b_3293,11614.561625795759
00e12e8b_3294,11614.564372209963
00e12e8b_3295,11614.564418146269
00e12e8b_3296,11614.567164560473
00e12e8b_3297,11614.569910974678
00e12e8b_3298,11614.572657388882
00e12e8b_3299,11614.572703325186
00e12e8b_3300,11614.575449739392
00e12e8b_3301,11614.578196153596
00e12e8b_3302,11614.580942567802
00e12e8b_3303,11614.580988504105
00e12e8b_3304,11614.583734918311
00e12e8b_3305,11614.586481332515
00e12e8b_3306,11614.58652726882
00e12e8b_3307,11614.589273683025
00e12e8b_3308,11614.592020097229
00e12e8b_3309,11614.594766511434
00e12e8b_3310,11614.594812447738
00e12e8b_3311,11614.597558861944
00e12e8b_3312,11614.600305276148
00e12e8b_3313,11614.600351212452
00e12e8b_3314,11614.60309762666
00e12e8b_3315,11615.238354142113
00e12e8b_3316,11615.295327346224
00e12e8b_3317,11615.29537328253
00e12e8b_3318,11615.298119696734
00e12e8b_3319,11615.246639321032
00e12e8b_3320,11615.300912047243
00e12e8b_3321,11615.303658461447
00e12e8b_3322,11615.252178085748
00e12e8b_3323,11615.306450811957
00e12e8b_3324,11615.309197226163
00e12e8b_3325,11615.311943640367
00e12e8b_3326,11615.314690054573
00e12e8b_3327,11615.314735990876
00e12e8b_3328,11615.317482405082
00e12e8b_3329,11615.26600202938
00e12e8b_3330,11615.32027475559
00e12e8b_3331,11615.323021169796
00e12e8b_3332,11615.325767584
00e12e8b_3333,11615.325813520305
00e12e8b_3334,11615.274333144604
00e12e8b_3335,11615.331306348715
00e12e8b_3336,11615.331352285019
00e12e8b_3337,11615.334098699223
00e12e8b_3338,11615.282618323523
00e12e8b_3339,11615.336891049734
00e12e8b_3340,11615.28541067403
00e12e8b_3341,11615.285456610334
00e12e8b_3342,11615.28820302454
00e12e8b_3343,11615.290949438744
00e12e8b_3344,11615.29099537505
00e12e8b_3345,11615.293741789254
00e12e8b_3346,11615.350714993365
00e12e8b_3347,11615.296534139763
00e12e8b_3348,11615.299280553969
00e12e8b_3349,11615.302026968173
00e12e8b_3350,11615.356299694384
00e12e8b_3351,11615.304819318682
00e12e8b_3352,11615.359092044893
00e12e8b_3353,11615.307611669192
00e12e8b_3354,11615.310358083398
00e12e8b_3355,11615.310404019701
00e12e8b_3356,11615.313150433905
00e12e8b_3357,11615.315896848111
00e12e8b_3358,11615.315942784415
00e12e8b_3359,11615.318689198619
00e12e8b_3360,11615.318735134924
00e12e8b_3361,11615.321481549128
00e12e8b_3362,11615.324227963334
00e12e8b_3363,11615.324273899638
00e12e8b_3364,11615.327020313844
00e12e8b_3365,11615.327066250147
00e12e8b_3366,11615.329812664351
00e12e8b_3367,11615.386785868464
00e12e8b_3368,11615.33260501486
00e12e8b_3369,11615.335351429067
00e12e8b_3370,11615.33539736537
00e12e8b_3371,11615.338143779576
00e12e8b_3372,11615.34089019378
00e12e8b_3373,11615.340936130084
00e12e8b_3374,11615.34368254429
00e12e8b_3375,11615.343728480593
00e12e8b_3376,11615.400701684706
00e12e8b_3377,11615.346520831103
00e12e8b_3378,11615.349267245307
00e12e8b_3379,11615.352013659513
00e12e8b_3380,11615.4405245167
00e12e8b_3381,11615.443270930906
00e12e8b_3382,11615.44331686721
00e12e8b_3383,11615.446063281413
00e12e8b_3384,11615.446109217719
00e12e8b_3385,11615.448855631923
00e12e8b_3386,11615.448901568227
00e12e8b_3387,11615.317296967336
00e12e8b_3388,11615.317342903641
00e12e8b_3389,11615.320089317845
00e12e8b_3390,11615.32013525415
00e12e8b_3391,11615.322881668355
00e12e8b_3392,11615.322927604659
00e12e8b_3393,11615.457324556059
00e12e8b_3394,11615.325719955168
00e12e8b_3395,11615.325765891474
00e12e8b_3396,11615.460162842872
00e12e8b_3397,11615.462909257076
00e12e8b_3398,11615.462955193381
00e12e8b_3399,11615.465701607587
00e12e8b_3400,11615.46574754389
00e12e8b_3401,11615.465793480194
00e12e8b_3402,11615.465839416498
00e12e8b_3403,11615.468585830704
00e12e8b_3404,11615.468631767008
00e12e8b_3405,11615.468677703313
00e12e8b_3406,11615.468723639617
00e12e8b_3407,11615.47147005382
00e12e8b_3408,11615.471515990126
00e12e8b_3409,11615.47156192643
00e12e8b_3410,11615.471607862733
00e12e8b_3411,11615.47435427694
00e12e8b_3412,11615.474400213243
00e12e8b_3413,11615.474446149547
00e12e8b_3414,11615.47449208585
00e12e8b_3415,11615.474538022156
00e12e8b_3416,11615.47458395846
00e12e8b_3417,11615.474629894765
00e12e8b_3418,11615.474675831068
00e12e8b_3419,11615.477422245272
00e12e8b_3420,11615.477468181578
00e12e8b_3421,11615.477514117882
00e12e8b_3422,11615.477560054185
00e12e8b_3423,11615.47760599049
00e12e8b_3424,11615.477651926794
00e12e8b_3425,11615.477697863098
00e12e8b_3426,11615.477743799402
00e12e8b_3427,11615.477789735707
00e12e8b_3428,11615.532062461916
00e12e8b_3429,11615.477881608314
00e12e8b_3430,11615.532154334527
00e12e8b_3431,11615.53220027083
00e12e8b_3432,11615.475318939327
00e12e8b_3433,11615.529591665538
00e12e8b_3434,11615.475410811934
00e12e8b_3435,11615.529683538145
00e12e8b_3436,11615.475502684543
00e12e8b_3437,11615.529775410754
00e12e8b_3438,11615.529821347058
00e12e8b_3439,11615.529867283363
00e12e8b_3440,11615.47298595186
00e12e8b_3441,11615.52725867807
00e12e8b_3442,11615.473077824468
00e12e8b_3443,11615.473123760772
00e12e8b_3444,11615.527396486983
00e12e8b_3445,11615.524741945386
00e12e8b_3446,11615.524787881692
00e12e8b_3447,11615.524833817995
00e12e8b_3448,11615.467952486491
00e12e8b_3449,11615.522225212702
00e12e8b_3450,11615.522271149006
00e12e8b_3451,11615.433852164428
00e12e8b_3452,11615.431197622831
00e12e8b_3453,11615.431243559135
00e12e8b_3454,11615.43128949544
00e12e8b_3455,11615.374408163936
00e12e8b_3456,11615.428680890147
00e12e8b_3457,11615.371799558645
00e12e8b_3458,11615.426072284856
00e12e8b_3459,11615.42611822116
00e12e8b_3460,11615.423463679563
00e12e8b_3461,11615.423509615866
00e12e8b_3462,11615.42085507427
00e12e8b_3463,11615.420901010575
00e12e8b_3464,11615.418246468977
00e12e8b_3465,11615.364065615375
00e12e8b_3466,11615.415637863685
00e12e8b_3467,11615.361457010084
00e12e8b_3468,11615.413029258392
00e12e8b_3469,11615.413075194698
00e12e8b_3470,11615.410420653101
00e12e8b_3471,11615.410466589405
00e12e8b_3472,11615.407812047808
00e12e8b_3473,11615.350930716306
00e12e8b_3474,11615.405203442517
00e12e8b_3475,11615.402548900918
00e12e8b_3476,11615.402594837224
00e12e8b_3477,11615.399940295627
00e12e8b_3478,11615.39728575403
00e12e8b_3479,11615.397331690334
00e12e8b_3480,11615.394677148739
00e12e8b_3481,11615.392022607142
00e12e8b_3482,11615.392068543446
00e12e8b_3483,11615.335187211944
00e12e8b_3484,11615.386759460253
00e12e8b_3485,11615.384104918656
00e12e8b_3486,11615.38715284427
00e12e8b_3487,11615.384498302674
00e12e8b_3488,11615.378841771766
00e12e8b_3489,11615.37618723017
00e12e8b_3490,11615.376233166475
00e12e8b_3491,11615.37658061419
00e12e8b_3492,11615.370924083281
00e12e8b_3493,11615.368269541685
00e12e8b_3494,11615.365615000088
00e12e8b_3495,11615.365660936393
00e12e8b_3496,11615.363006394797
00e12e8b_3497,11615.3603518532
00e12e8b_3498,11615.357697311603
00e12e8b_3499,11615.355042770007
00e12e8b_3500,11615.35238822841
00e12e8b_3501,11615.349733686813
00e12e8b_3502,11615.347079145216
00e12e8b_3503,11615.34442460362
00e12e8b_3504,11615.344470539923
00e12e8b_3505,11615.341815998328
00e12e8b_3506,11615.339161456732
00e12e8b_3507,11615.336506915135
00e12e8b_3508,11615.333852373538
00e12e8b_3509,11615.331197831942
00e12e8b_3510,11615.328543290345
00e12e8b_3511,11615.325888748748
00e12e8b_3512,11615.323234207151
00e12e8b_3513,11615.320579665555
00e12e8b_3514,11615.32092711327
00e12e8b_3515,11615.312570104461
00e12e8b_3516,11615.309915562866
00e12e8b_3517,11615.30726102127
00e12e8b_3518,11615.304606479673
00e12e8b_3519,11615.301951938076
00e12e8b_3520,11615.29929739648
00e12e8b_3521,11615.296642854883
00e12e8b_3522,11615.293988313286
00e12e8b_3523,11615.29133377169
00e12e8b_3524,11615.285978752192
00e12e8b_3525,11615.283324210595
00e12e8b_3526,11615.280669668999
00e12e8b_3527,11615.278015127402
00e12e8b_3528,11615.275360585805
00e12e8b_3529,11615.272706044208
00e12e8b_3530,11615.267351024711
00e12e8b_3531,11615.264696483115
00e12e8b_3532,11615.262041941518
00e12e8b_3533,11615.259387399921
00e12e8b_3534,11615.254032380424
00e12e8b_3535,11615.251377838827
00e12e8b_3536,11615.24872329723
00e12e8b_3537,11615.243368277734
00e12e8b_3538,11615.240713736137
00e12e8b_3539,11615.23805919454
00e12e8b_3540,11615.238406642255
00e12e8b_3541,11615.230049633446
00e12e8b_3542,11615.22739509185
00e12e8b_3543,11615.222040072353
00e12e8b_3544,11615.219385530756
00e12e8b_3545,11615.21673098916
00e12e8b_3546,11615.211375969662
00e12e8b_3547,11615.208721428065
00e12e8b_3548,11615.206066886469
00e12e8b_3549,11615.200711866972
00e12e8b_3550,11615.198057325375
00e12e8b_3551,11615.192702305878
00e12e8b_3552,11615.190047764281
00e12e8b_3553,11615.184692744784
00e12e8b_3554,11615.182038203187
00e12e8b_3555,11615.17668318369
00e12e8b_3556,11615.174028642094
00e12e8b_3557,11615.168673622597
00e12e8b_3558,11615.166019081
00e12e8b_3559,11615.160664061503
00e12e8b_3560,11615.158009519906
00e12e8b_3561,11615.152654500409
00e12e8b_3562,11615.149999958812
00e12e8b_3563,11615.090418149408
00e12e8b_3564,11615.08506312991
00e12e8b_3565,11615.136635378221
00e12e8b_3566,11615.131280358724
00e12e8b_3567,11615.128625817128
00e12e8b_3568,11615.069044007723
00e12e8b_3569,11615.063688988226
00e12e8b_3570,11615.06103444663
00e12e8b_3571,11615.055679427132
00e12e8b_3572,11615.104551197543
00e12e8b_3573,11615.047669866039
00e12e8b_3574,11615.042314846542
00e12e8b_3575,11615.036959827044
00e12e8b_3576,11615.034305285448
00e12e8b_3577,11616.191220938039
00e12e8b_3578,11616.185865918542
00e12e8b_3579,11616.183211376945
00e12e8b_3580,11616.177856357448
00e12e8b_3581,11616.150394459388
00e12e8b_3582,11616.147739917791
00e12e8b_3583,11616.142384898294
00e12e8b_3584,11616.137029878797
00e12e8b_3585,11616.1343753372
00e12e8b_3586,11616.129020317703
00e12e8b_3587,11616.123665298204
00e12e8b_3588,11616.118310278707
00e12e8b_3589,11616.11565573711
00e12e8b_3590,11615.975949702519
00e12e8b_3591,11615.970594683022
00e12e8b_3592,11615.967940141425
00e12e8b_3593,11615.962585121928
00e12e8b_3594,11615.957230102431
00e12e8b_3595,11616.043040481716
00e12e8b_3596,11616.037685462219
00e12e8b_3597,11616.032330442722
00e12e8b_3598,11616.026975423225
00e12e8b_3599,11616.024320881628
00e12e8b_3600,11616.018965862131
00e12e8b_3601,11616.013610842634
00e12e8b_3602,11616.010956301037
00e12e8b_3603,11615.95145638692
00e12e8b_3604,11615.94610136742
00e12e8b_3605,11615.953725864669
00e12e8b_3606,11616.004560433299
00e12e8b_3607,11615.999205413802
00e12e8b_3608,11616.20856647499
00e12e8b_3609,11616.433441956406
00e12e8b_3610,11616.367282553332
00e12e8b_3611,11616.378183593946
00e12e8b_3612,11616.432819830792
00e12e8b_3613,11616.360852609574
00e12e8b_3614,11616.351839496612
00e12e8b_3615,11616.35284304848
00e12e8b_3616,11616.341129457616
00e12e8b_3617,11616.33577443812
00e12e8b_3618,11616.333119896522
00e12e8b_3619,11616.334385822402
00e12e8b_3620,11616.329030802905
00e12e8b_3621,11616.323675783407
00e12e8b_3622,11616.385051915477
00e12e8b_3623,11616.309045276937
00e12e8b_3624,11616.37030245916
00e12e8b_3625,11616.364947439663
00e12e8b_3626,11616.366332315389
00e12e8b_3627,11616.102329541714
00e12e8b_3628,11616.103333093584
00e12e8b_3629,11616.097978074087
00e12e8b_3630,11616.09262305459
00e12e8b_3631,11616.080333398259
00e12e8b_3632,11616.074978378761
00e12e8b_3633,11616.211242734862
00e12e8b_3634,11616.205887715363
00e12e8b_3635,11616.210167810601
00e12e8b_3636,11616.162973260785
00e12e8b_3637,11616.168669178896
00e12e8b_3638,11616.1633141594
00e12e8b_3639,11616.157959139902
00e12e8b_3640,11616.152604120405
00e12e8b_3641,11616.149949578808
00e12e8b_3642,11616.144594559311
00e12e8b_3643,11616.139239539812
00e12e8b_3644,11616.133884520317
00e12e8b_3645,11616.128529500818
00e12e8b_3646,11616.07216630123
00e12e8b_3647,11616.066811281733
00e12e8b_3648,11616.869090316772
00e12e8b_3649,11616.863735297275
00e12e8b_3650,11616.864738849144
00e12e8b_3651,11617.073960519312
00e12e8b_3652,11617.004693775996
00e12e8b_3653,11616.9993387565
00e12e8b_3654,11616.993983737
00e12e8b_3655,11616.994647414018
00e12e8b_3656,11616.98929239452
00e12e8b_3657,11616.98083003478
00e12e8b_3658,11616.763459412497
00e12e8b_3659,11616.758104393
00e12e8b_3660,11616.20053362502
00e12e8b_3661,11616.258522378248
00e12e8b_3662,11616.246808787382
00e12e8b_3663,11616.241453767885
00e12e8b_3664,11616.236098748388
00e12e8b_3665,11616.233444206791
00e12e8b_3666,11616.228089187294
00e12e8b_3667,11616.229092739164
00e12e8b_3668,11616.223737719667
00e12e8b_3669,11616.218382700168
00e12e8b_3670,11616.213027680671
00e12e8b_3671,11616.19803754644
00e12e8b_3672,11616.192682526942
00e12e8b_3673,11615.711334224998
00e12e8b_3674,11615.7059792055
00e12e8b_3675,11615.700624186004
00e12e8b_3676,11615.695269166505
00e12e8b_3677,11615.702249739643
00e12e8b_3678,11615.690536148779
00e12e8b_3679,11615.68518112928
00e12e8b_3680,11615.81417712488
00e12e8b_3681,11615.800773157083
00e12e8b_3682,11615.836956156496
00e12e8b_3683,11615.825242565632
00e12e8b_3684,11615.678268170537
00e12e8b_3685,11615.67291315104
00e12e8b_3686,11615.664857653643
00e12e8b_3687,11615.659502634146
00e12e8b_3688,11615.654147614647
00e12e8b_3689,11615.67317043109
00e12e8b_3690,11615.667815411593
00e12e8b_3691,11615.662460392095
00e12e8b_3692,11615.657105372598
00e12e8b_3693,11615.658108924468
00e12e8b_3694,11615.652753904971
00e12e8b_3695,11615.647398885472
00e12e8b_3696,11615.199327261898
00e12e8b_3697,11615.059621227305
00e12e8b_3698,11615.045207158542
00e12e8b_3699,11615.039852139043
00e12e8b_3700,11615.034497119546
00e12e8b_3701,11615.02914210005
00e12e8b_3702,11615.106776363264
00e12e8b_3703,11615.101421343767
00e12e8b_3704,11615.09336584637
00e12e8b_3705,11615.08801082687
00e12e8b_3706,11615.082655807373
00e12e8b_3707,11615.077300787876
00e12e8b_3708,11615.071945768379
00e12e8b_3709,11615.198241286076
00e12e8b_3710,11615.192886266579
00e12e8b_3711,11615.187531247082
00e12e8b_3712,11615.047825212489
00e12e8b_3713,11615.042470192991
00e12e8b_3714,11615.034414695594
00e12e8b_3715,11614.795696206564
00e12e8b_3716,11614.796699758434
00e12e8b_3717,11614.788644261036
00e12e8b_3718,11614.783289241537
00e12e8b_3719,11614.768299107305
00e12e8b_3720,11614.99630755734
00e12e8b_3721,11614.988252059942
00e12e8b_3722,11614.982897040445
00e12e8b_3723,11614.977542020948
00e12e8b_3724,11614.976107468927
00e12e8b_3725,11614.96740804742
00e12e8b_3726,11615.180689576086
00e12e8b_3727,11615.16871361121
00e12e8b_3728,11615.163358591713
00e12e8b_3729,11615.155303094314
00e12e8b_3730,11614.935231994132
00e12e8b_3731,11614.929876974635
00e12e8b_3732,11614.921821477237
00e12e8b_3733,11614.91646645774
00e12e8b_3734,11614.908410960341
00e12e8b_3735,11614.903055940844
00e12e8b_3736,11614.895000443446
00e12e8b_3737,11614.88964542395
00e12e8b_3738,11614.88429040445
00e12e8b_3739,11614.876234907053
00e12e8b_3740,11614.870879887556
00e12e8b_3741,11614.862824390158
00e12e8b_3742,11614.857469370661
00e12e8b_3743,11614.849413873262
00e12e8b_3744,11614.844058853765
00e12e8b_3745,11614.836003356368
00e12e8b_3746,11614.83064833687
00e12e8b_3747,11614.822592839471
00e12e8b_3748,11614.817237819974
00e12e8b_3749,11614.815540893944
00e12e8b_3750,11614.807485396545
00e12e8b_3751,11614.792495262314
00e12e8b_3752,11614.784439764915
00e12e8b_3753,11614.779084745418
00e12e8b_3754,11614.771029248019
00e12e8b_3755,11614.765674228522
00e12e8b_3756,11614.760895274492
00e12e8b_3757,11614.752839777095
00e12e8b_3758,11614.881835772692
00e12e8b_3759,11614.873780275295
00e12e8b_3760,11614.868425255798
00e12e8b_3761,11614.8603697584
00e12e8b_3762,11614.852314261001
00e12e8b_3763,11614.846959241504
00e12e8b_3764,11614.838903744105
00e12e8b_3765,11614.830848246707
00e12e8b_3766,11614.82549322721
00e12e8b_3767,11614.817437729813
00e12e8b_3768,11614.812082710316
00e12e8b_3769,11614.804027212918
00e12e8b_3770,11614.80167418273
00e12e8b_3771,11614.793618685331
00e12e8b_3772,11614.785563187934
00e12e8b_3773,11614.777206179126
00e12e8b_3774,11614.769150681728
00e12e8b_3775,11614.76679765154
00e12e8b_3776,11614.755740164834
00e12e8b_3777,11614.750385145337
00e12e8b_3778,11614.742329647937
00e12e8b_3779,11614.73427415054
00e12e8b_3780,11614.728919131041
00e12e8b_3781,11614.487500164112
00e12e8b_3782,11614.482145144615
00e12e8b_3783,11614.477091636527
00e12e8b_3784,11614.468734627719
00e12e8b_3785,11614.572052804158
00e12e8b_3786,11614.566697784661
00e12e8b_3787,11614.558642287262
00e12e8b_3788,11614.550285278456
00e12e8b_3789,11614.545231770368
00e12e8b_3790,11614.53987675087
00e12e8b_3791,11614.44335633259
00e12e8b_3792,11614.438001313092
00e12e8b_3793,11614.429945815695
00e12e8b_3794,11614.424590796198
00e12e8b_3795,11614.416535298798
00e12e8b_3796,11614.411180279301
00e12e8b_3797,11614.403124781904
00e12e8b_3798,11614.136402730921
00e12e8b_3799,11614.12834723352
00e12e8b_3800,11614.122992214025
00e12e8b_3801,11614.117637194528
00e12e8b_3802,11614.109581697128
00e12e8b_3803,11614.104226677631
00e12e8b_3804,11614.096171180234
00e12e8b_3805,11614.090816160737
00e12e8b_3806,11614.08276066334
00e12e8b_3807,11614.077405643842
00e12e8b_3808,11614.069350146443
00e12e8b_3809,11614.063995126944
00e12e8b_3810,11614.055638118138
00e12e8b_3811,11614.05058461005
00e12e8b_3812,11614.045229590552
00e12e8b_3813,11614.037174093155
00e12e8b_3814,11614.031819073658
00e12e8b_3815,11614.02346206485
00e12e8b_3816,11614.018408556762
00e12e8b_3817,11614.010051547955
00e12e8b_3818,11614.004998039867
00e12e8b_3819,11613.996641031059
00e12e8b_3820,11613.994288000871
00e12e8b_3821,11613.983230514164
00e12e8b_3822,11613.980877483977
00e12e8b_3823,11613.97552246448
00e12e8b_3824,11613.967466967082
00e12e8b_3825,11613.962111947583
00e12e8b_3826,11613.956756928088
00e12e8b_3827,11613.94569944138
00e12e8b_3828,11613.94034442188
00e12e8b_3829,11613.934989402384
00e12e8b_3830,11613.926933904986
00e12e8b_3831,11613.924580874798
00e12e8b_3832,11613.919225855301
00e12e8b_3833,11613.911170357904
00e12e8b_3834,11613.905815338407
00e12e8b_3835,11613.900460318908
00e12e8b_3836,11613.8894028322
00e12e8b_3837,11613.887049802013
00e12e8b_3838,11613.881694782516
00e12e8b_3839,11613.873639285117
00e12e8b_3840,11613.86828426562
00e12e8b_3841,11613.862929246123
00e12e8b_3842,11613.854572237315
00e12e8b_3843,11613.846516739919
00e12e8b_3844,11613.844163709731
00e12e8b_3845,11613.838808690234
00e12e8b_3846,11613.827751203524
00e12e8b_3847,11613.825398173338
00e12e8b_3848,11613.82004315384
00e12e8b_3849,11613.814688134342
00e12e8b_3850,11613.806632636944
00e12e8b_3851,11613.801277617447
00e12e8b_3852,11613.79592259795
00e12e8b_3853,11613.790567578453
00e12e8b_3854,11613.785212558956
00e12e8b_3855,11613.777157061559
00e12e8b_3856,11613.771802042062
00e12e8b_3857,11613.766447022563
00e12e8b_3858,11613.761092003066
00e12e8b_3859,11613.753036505668
00e12e8b_3860,11613.747681486171
00e12e8b_3861,11613.739324477363
00e12e8b_3862,11613.733969457866
00e12e8b_3863,11613.728915949778
00e12e8b_3864,11613.72356093028
00e12e8b_3865,11613.715203921472
00e12e8b_3866,11613.709848901975
00e12e8b_3867,11613.704795393889
00e12e8b_3868,11613.69944037439
00e12e8b_3869,11613.691083365584
00e12e8b_3870,11613.685728346085
00e12e8b_3871,11613.680674837997
00e12e8b_3872,11613.6753198185
00e12e8b_3873,11613.666962809693
00e12e8b_3874,11613.664609779506
00e12e8b_3875,11613.656554282108
00e12e8b_3876,11613.651199262611
00e12e8b_3877,11613.645844243114
00e12e8b_3878,11613.637788745715
00e12e8b_3879,11613.629431736907
00e12e8b_3880,11613.624076717411
00e12e8b_3881,11613.621723687223
00e12e8b_3882,11613.613668189824
00e12e8b_3883,11613.605311181018
00e12e8b_3884,11613.60295815083
00e12e8b_3885,11613.591900664123
00e12e8b_3886,11613.586545644624
00e12e8b_3887,11613.581190625127
00e12e8b_3888,11613.57313512773
00e12e8b_3889,11613.567780108233
00e12e8b_3890,11613.562425088734
00e12e8b_3891,11613.502843279332
00e12e8b_3892,11613.494787781934
00e12e8b_3893,11613.489432762435
00e12e8b_3894,11613.484077742938
00e12e8b_3895,11613.47602224554
00e12e8b_3896,11613.52489401595
00e12e8b_3897,11613.465312206547
00e12e8b_3898,11613.457256709147
00e12e8b_3899,11613.506128479557
00e12e8b_3900,11613.500773460059
00e12e8b_3901,11613.492717962661
00e12e8b_3902,11613.487362943164
00e12e8b_3903,11613.482007923667
00e12e8b_3904,11613.47395242627
00e12e8b_3905,11613.471599396082
00e12e8b_3906,11613.463242387274
00e12e8b_3907,11614.442987463755
00e12e8b_3908,11614.434630454947
00e12e8b_3909,11614.42957694686
00e12e8b_3910,11614.421219938053
00e12e8b_3911,11614.415864918556
00e12e8b_3912,11614.410811410467
00e12e8b_3913,11614.40545639097
00e12e8b_3914,11614.397099382162
00e12e8b_3915,11614.389043884765
00e12e8b_3916,11614.32946207536
00e12e8b_3917,11614.324107055863
00e12e8b_3918,11614.316051558466
00e12e8b_3919,11614.310696538967
00e12e8b_3920,11614.30264104157
00e12e8b_3921,11614.297286022073
00e12e8b_3922,11614.291931002575
00e12e8b_3923,11614.283875505178
00e12e8b_3924,11614.278520485681
00e12e8b_3925,11614.270464988282
00e12e8b_3926,11614.265109968785
00e12e8b_3927,11614.125403934191
00e12e8b_3928,11614.117348436794
00e12e8b_3929,11614.300571222298
00e12e8b_3930,11614.292515724901
00e12e8b_3931,11614.232933915497
00e12e8b_3932,11614.227578896
00e12e8b_3933,11614.2195233986
00e12e8b_3934,11614.214168379105
00e12e8b_3935,11614.206112881706
00e12e8b_3936,11614.200757862209
00e12e8b_3937,11614.195402842712
00e12e8b_3938,11614.187347345312
00e12e8b_3939,11614.181992325815
00e12e8b_3940,11614.173936828418
00e12e8b_3941,11614.16858180892
00e12e8b_3942,11614.160526311523
00e12e8b_3943,11614.02082027693
00e12e8b_3944,11614.012764779533
00e12e8b_3945,11614.095874680917
00e12e8b_3946,11614.09051966142
00e12e8b_3947,11614.082464164021
00e12e8b_3948,11614.077109144524
00e12e8b_3949,11614.069053647127
00e12e8b_3950,11614.06369862763
00e12e8b_3951,11614.055643130232
00e12e8b_3952,11614.050288110735
00e12e8b_3953,11614.042232613336
00e12e8b_3954,11614.036877593839
00e12e8b_3955,11614.02882209644
00e12e8b_3956,11614.023467076942
00e12e8b_3957,11613.961266684924
00e12e8b_3958,11613.955911665427
00e12e8b_3959,11613.94785616803
00e12e8b_3960,11613.942501148533
00e12e8b_3961,11613.934445651134
00e12e8b_3962,11614.063441646733
00e12e8b_3963,11614.0617447207
00e12e8b_3964,11614.056691212612
00e12e8b_3965,11614.051336193115
00e12e8b_3966,11614.03392013504
00e12e8b_3967,11614.028866626952
00e12e8b_3968,11614.023511607455
00e12e8b_3969,11614.123827794585
00e12e8b_3970,11614.115470785777
00e12e8b_3971,11614.11041727769
00e12e8b_3972,11614.102361780293
00e12e8b_3973,11614.094306282892
00e12e8b_3974,11614.088951263395
00e12e8b_3975,11614.36324011501
00e12e8b_3976,11614.355184617612
00e12e8b_3977,11614.346827608802
00e12e8b_3978,11614.338772111405
00e12e8b_3979,11614.330716614008
00e12e8b_3980,11614.322661116608
00e12e8b_3981,11614.320308086422
00e12e8b_3982,11614.309250599714
00e12e8b_3983,11614.301195102316
00e12e8b_3984,11614.293139604917
00e12e8b_3985,11614.28508410752
00e12e8b_3986,11614.191264167139
00e12e8b_3987,11614.128981879836
00e12e8b_3988,11614.120926382437
00e12e8b_3989,11614.112870885037
00e12e8b_3990,11614.10481538764
00e12e8b_3991,11614.096759890243
00e12e8b_3992,11614.088704392845
00e12e8b_3993,11614.083349373348
00e12e8b_3994,11614.075293875949
00e12e8b_3995,11614.067238378551
00e12e8b_3996,11613.924831866058
00e12e8b_3997,11613.91677636866
00e12e8b_3998,11613.908720871263
00e12e8b_3999,11613.900665373863
00e12e8b_4000,11613.892609876466
00e12e8b_4001,11613.884554379067
00e12e8b_4002,11613.87649888167
00e12e8b_4003,11613.868443384272
00e12e8b_4004,11613.860387886873
00e12e8b_4005,11613.852332389475
00e12e8b_4006,11613.844276892076
00e12e8b_4007,11613.836221394678
00e12e8b_4008,11613.828165897281
00e12e8b_4009,11613.973182012025
00e12e8b_4010,11613.965126514626
00e12e8b_4011,11614.206938570487
00e12e8b_4012,11614.121106098079
00e12e8b_4013,11614.113050600681
00e12e8b_4014,11614.102294625382
00e12e8b_4015,11614.094239127984
00e12e8b_4016,11614.079825059218
00e12e8b_4017,11614.017624667198
00e12e8b_4018,11613.848166537426
00e12e8b_4019,11613.840111040028
00e12e8b_4020,11613.678983930487
00e12e8b_4021,11613.901591424721
00e12e8b_4022,11614.046607539465
00e12e8b_4023,11614.038552042068
00e12e8b_4024,11613.877424932527
00e12e8b_4025,11613.875728006497
00e12e8b_4026,11613.864972031199
00e12e8b_4027,11613.8569165338
00e12e8b_4028,11613.839225921667
00e12e8b_4029,11613.831170424268
00e12e8b_4030,11613.82041444897
00e12e8b_4031,11613.946709966667
00e12e8b_4032,11613.948289584005
00e12e8b_4033,11613.572790052016
00e12e8b_4034,11613.555675505351
00e12e8b_4035,11613.547620007954
00e12e8b_4036,11613.539564510555
00e12e8b_4037,11613.528808535255
00e12e8b_4038,11613.520753037858
00e12e8b_4039,11613.51269754046
00e12e8b_4040,11613.50194156516
00e12e8b_4041,11613.493886067763
00e12e8b_4042,11613.483130092463
00e12e8b_4043,11613.475074595066
00e12e8b_4044,11613.467019097669
00e12e8b_4045,11613.456263122369
00e12e8b_4046,11613.448207624971
00e12e8b_4047,11613.440152127572
00e12e8b_4048,11613.429396152274
00e12e8b_4049,11613.187977185344
00e12e8b_4050,11613.179921687946
00e12e8b_4051,11613.171866190547
00e12e8b_4052,11613.16111021525
00e12e8b_4053,11613.153054717852
00e12e8b_4054,11613.144999220453
00e12e8b_4055,11613.136943723055
00e12e8b_4056,11613.128888225656
00e12e8b_4057,11613.229204412786
00e12e8b_4058,11613.221148915389
00e12e8b_4059,11613.213093417991
00e12e8b_4060,11613.205037920592
00e12e8b_4061,11613.196982423195
00e12e8b_4062,11613.188926925795
00e12e8b_4063,11613.183873417707
00e12e8b_4064,11613.087352999428
00e12e8b_4065,11613.079297502029
00e12e8b_4066,11613.073942482531
00e12e8b_4067,11613.065886985134
00e12e8b_4068,11613.057831487735
00e12e8b_4069,11613.049775990337
00e12e8b_4070,11613.04442097084
00e12e8b_4071,11613.036365473443
00e12e8b_4072,11613.028309976044
00e12e8b_4073,11613.022954956548
00e12e8b_4074,11613.01489945915
00e12e8b_4075,11613.00954443965
00e12e8b_4076,11613.001488942253
00e12e8b_4077,11612.996133922756
00e12e8b_4078,11612.988078425358
00e12e8b_4079,11612.982723405861
00e12e8b_4080,11612.977368386364
00e12e8b_4081,11612.969312888965
00e12e8b_4082,11612.963957869468
00e12e8b_4083,11612.958602849973
00e12e8b_4084,11612.950547352571
00e12e8b_4085,11612.945192333074
00e12e8b_4086,11612.939837313577
00e12e8b_4087,11612.93448229408
00e12e8b_4088,11612.926426796683
00e12e8b_4089,11612.921071777186
00e12e8b_4090,11612.915716757689
00e12e8b_4091,11612.910361738192
00e12e8b_4092,11612.905006718694
00e12e8b_4093,11612.899651699196
00e12e8b_4094,11612.894296679699
00e12e8b_4095,11612.873264418915
00e12e8b_4096,11612.883586640704
00e12e8b_4097,11612.878231621207
00e12e8b_4098,11612.87287660171
00e12e8b_4099,11612.870222060112
00e12e8b_4100,11612.861865051305
00e12e8b_4101,11612.856510031808
00e12e8b_4102,11612.851155012311
00e12e8b_4103,11612.848500470714
00e12e8b_4104,11612.843145451217
00e12e8b_4105,11612.83779043172
00e12e8b_4106,11612.835135890124
00e12e8b_4107,11612.77555408072
00e12e8b_4108,11612.77019906122
00e12e8b_4109,11612.821771309533
00e12e8b_4110,11612.762189500128
00e12e8b_4111,11612.759534958532
00e12e8b_4112,11612.754179939035
00e12e8b_4113,11612.751525397438
00e12e8b_4114,11612.752528949306
00e12e8b_4115,11612.743515836342
00e12e8b_4116,11612.740861294747
00e12e8b_4117,11612.601155260154
00e12e8b_4118,11612.598500718557
00e12e8b_4119,11612.59584617696
00e12e8b_4120,11612.593191635364
00e12e8b_4121,11612.587836615867
00e12e8b_4122,11612.58518207427
00e12e8b_4123,11612.582527532673
00e12e8b_4124,11612.579872991077
00e12e8b_4125,11612.57721844948
00e12e8b_4126,11612.574563907883
00e12e8b_4127,11612.571909366288
00e12e8b_4128,11612.569254824692
00e12e8b_4129,11612.566600283095
00e12e8b_4130,11612.563945741498
00e12e8b_4131,11612.561291199901
00e12e8b_4132,11612.558636658305
00e12e8b_4133,11612.555982116708
00e12e8b_4134,11612.553327575111
00e12e8b_4135,11612.550673033515
00e12e8b_4136,11612.685069984915
00e12e8b_4137,11612.770880364202
00e12e8b_4138,11612.768225822605
00e12e8b_4139,11612.633920743814
00e12e8b_4140,11612.631266202217
00e12e8b_4141,11612.62861166062
00e12e8b_4142,11612.628657596924
00e12e8b_4143,11612.626003055328
00e12e8b_4144,11612.626048991631
00e12e8b_4145,11612.623394450035
00e12e8b_4146,11612.569295491718
00e12e8b_4147,11612.869948337782
00e12e8b_4148,11612.869994274086
00e12e8b_4149,11612.87004021039
00e12e8b_4150,11612.867385668793
00e12e8b_4151,11612.867431605096
00e12e8b_4152,11613.100841010933
00e12e8b_4153,11613.100886947239
00e12e8b_4154,11613.103633361443
00e12e8b_4155,11613.103679297747
00e12e8b_4156,11613.103725234052
00e12e8b_4157,11613.103771170356
00e12e8b_4158,11613.55533285657
00e12e8b_4159,11613.555378792873
00e12e8b_4160,11613.555424729177
00e12e8b_4161,11613.558171143382
00e12e8b_4162,11613.560917557588
00e12e8b_4163,11613.560963493892
00e12e8b_4164,11613.563709908096
00e12e8b_4165,11613.566456322302
00e12e8b_4166,11613.566502258605
00e12e8b_4167,11613.569248672811
00e12e8b_4168,11613.571995087015
00e12e8b_4169,11613.57474150122
00e12e8b_4170,11613.577487915427
00e12e8b_4171,11613.580234329631
00e12e8b_4172,11613.582980743835
00e12e8b_4173,11613.58572715804
00e12e8b_4174,11613.591174050147
00e12e8b_4175,11613.593920464351
00e12e8b_4176,11613.596666878557
00e12e8b_4177,11613.59941329276
00e12e8b_4178,11613.604860184867
00e12e8b_4179,11613.607606599071
00e12e8b_4180,11613.613053491177
00e12e8b_4181,11613.618500383283
00e12e8b_4182,11613.621246797487
00e12e8b_4183,11613.626693689594
00e12e8b_4184,11613.6321405817
00e12e8b_4185,11613.637587473804
00e12e8b_4186,11613.64033388801
00e12e8b_4187,11613.645780780116
00e12e8b_4188,11613.65122767222
00e12e8b_4189,11613.656674564327
00e12e8b_4190,11613.662121456433
00e12e8b_4191,11613.67026882644
00e12e8b_4192,11613.675715718546
00e12e8b_4193,11613.68116261065
00e12e8b_4194,11613.686609502756
00e12e8b_4195,11613.829107887857
00e12e8b_4196,11613.834554779965
00e12e8b_4197,11613.84270214997
00e12e8b_4198,11613.848149042076
00e12e8b_4199,11613.856296412083
00e12e8b_4200,11613.861743304187
00e12e8b_4201,11613.869890674196
00e12e8b_4202,11613.878038044202
00e12e8b_4203,11613.886185414209
00e12e8b_4204,11613.894332784213
00e12e8b_4205,11613.90248015422
00e12e8b_4206,11613.674563576793
00e12e8b_4207,11613.6854114247
00e12e8b_4208,11613.693558794708
00e12e8b_4209,11613.701706164713
00e12e8b_4210,11613.709853534721
00e12e8b_4211,11613.718000904726
00e12e8b_4212,11613.726148274734
00e12e8b_4213,11613.736996122641
00e12e8b_4214,11613.745143492648
00e12e8b_4215,11613.755991340553
00e12e8b_4216,11613.87251039509
00e12e8b_4217,11613.829131453089
00e12e8b_4218,11613.837278823095
00e12e8b_4219,11613.848126671002
00e12e8b_4220,11613.85897451891
00e12e8b_4221,11613.869822366818
00e12e8b_4222,11613.880670214723
00e12e8b_4223,11613.888817584731
00e12e8b_4224,11613.899665432638
00e12e8b_4225,11613.910513280545
00e12e8b_4226,11613.924061606353
00e12e8b_4227,11613.93490945426
00e12e8b_4228,11613.945757302168
00e12e8b_4229,11613.956605150075
00e12e8b_4230,11613.967452997982
00e12e8b_4231,11613.981001323791
00e12e8b_4232,11613.991849171696
00e12e8b_4233,11614.005397497505
00e12e8b_4234,11614.016245345412
00e12e8b_4235,11614.02979367122
00e12e8b_4236,11614.040641519128
00e12e8b_4237,11614.019951713959
00e12e8b_4238,11613.976572771959
00e12e8b_4239,11614.044347887675
00e12e8b_4240,11614.055195735582
00e12e8b_4241,11614.06874406139
00e12e8b_4242,11614.079591909296
00e12e8b_4243,11614.093140235105
00e12e8b_4244,11614.10398808301
00e12e8b_4245,11614.11753640882
00e12e8b_4246,11614.131386246037
00e12e8b_4247,11614.141932582534
00e12e8b_4248,11614.155480908343
00e12e8b_4249,11614.16933074556
00e12e8b_4250,11614.182879071368
00e12e8b_4251,11614.193726919275
00e12e8b_4252,11614.207275245084
00e12e8b_4253,11614.21812309299
00e12e8b_4254,11614.231671418798
00e12e8b_4255,11614.242519266707
00e12e8b_4256,11614.256067592514
00e12e8b_4257,11614.266915440421
00e12e8b_4258,11614.280463766228
00e12e8b_4259,11614.291311614135
00e12e8b_4260,11614.304859939944
00e12e8b_4261,11614.315707787851
00e12e8b_4262,11614.329256113659
00e12e8b_4263,11614.340103961566
00e12e8b_4264,11614.353652287373
00e12e8b_4265,11614.364500135282
00e12e8b_4266,11614.37804846109
00e12e8b_4267,11614.388896308996
00e12e8b_4268,11614.402444634805
00e12e8b_4269,11614.413292482712
00e12e8b_4270,11614.426840808519
00e12e8b_4271,11614.437688656428
00e12e8b_4272,11614.448536504335
00e12e8b_4273,11614.462084830142
00e12e8b_4274,11614.472932678049
00e12e8b_4275,11614.486481003856
00e12e8b_4276,11614.497328851765
00e12e8b_4277,11614.510877177572
00e12e8b_4278,11614.52172502548
00e12e8b_4279,11614.535273351288
00e12e8b_4280,11614.546121199193
00e12e8b_4281,11614.559669525002
00e12e8b_4282,11614.57051737291
00e12e8b_4283,11614.584065698718
00e12e8b_4284,11614.594913546625
00e12e8b_4285,11614.605459883122
00e12e8b_4286,11614.61930972034
00e12e8b_4287,11614.630157568246
00e12e8b_4288,11614.640703904744
00e12e8b_4289,11614.651551752653
00e12e8b_4290,11614.66510007846
00e12e8b_4291,11614.675947926367
00e12e8b_4292,11614.689496252176
00e12e8b_4293,11614.700344100083
00e12e8b_4294,11614.71389242589
00e12e8b_4295,11614.724740273798
00e12e8b_4296,11614.735588121704
00e12e8b_4297,11614.752138436823
00e12e8b_4298,11614.76298628473
00e12e8b_4299,11614.776534610537
00e12e8b_4300,11614.784380469135
00e12e8b_4301,11614.797928794942
00e12e8b_4302,11614.80877664285
00e12e8b_4303,11614.819624490758
00e12e8b_4304,11614.833172816565
00e12e8b_4305,11614.844020664474
00e12e8b_4306,11614.857568990281
00e12e8b_4307,11614.868416838188
00e12e8b_4308,11614.881965163995
00e12e8b_4309,11614.838586221995
00e12e8b_4310,11614.849434069904
00e12e8b_4311,11614.86298239571
00e12e8b_4312,11614.928057033525
00e12e8b_4313,11614.887378569425
00e12e8b_4314,11614.95245320724
00e12e8b_4315,11614.911774743141
00e12e8b_4316,11614.922622591048
00e12e8b_4317,11614.987697228862
00e12e8b_4318,11614.947018764764
00e12e8b_4319,11615.012093402578
00e12e8b_4320,11615.025641728385
00e12e8b_4321,11615.036489576294
00e12e8b_4322,11615.0473374242
00e12e8b_4323,11615.063887739318
00e12e8b_4324,11615.071733597915
00e12e8b_4325,11615.082581445822
00e12e8b_4326,11615.096129771631
00e12e8b_4327,11615.106977619538
00e12e8b_4328,11615.120525945345
00e12e8b_4329,11615.131373793252
00e12e8b_4330,11615.14222164116
00e12e8b_4331,11615.155769966968
00e12e8b_4332,11615.166617814875
00e12e8b_4333,11615.125939350775
00e12e8b_4334,11615.19101398859
00e12e8b_4335,11615.14763504659
00e12e8b_4336,11615.161183372398
00e12e8b_4337,11615.172031220305
00e12e8b_4338,11615.185579546112
00e12e8b_4339,11615.196427394021
00e12e8b_4340,11615.213633813295
00e12e8b_4341,11615.09283112401
00e12e8b_4342,11615.256750584056
00e12e8b_4343,11615.270298909865
00e12e8b_4344,11615.274788186405
00e12e8b_4345,11615.132564422169
00e12e8b_4346,11615.299184360121
00e12e8b_4347,11615.559899761285
00e12e8b_4348,11615.41204545472
00e12e8b_4349,11615.422893302624
00e12e8b_4350,11615.595143782908
00e12e8b_4351,11615.608692108715
00e12e8b_4352,11615.458137324247
00e12e8b_4353,11615.471685650056
00e12e8b_4354,11615.2753169912
00e12e8b_4355,11615.286164839108
00e12e8b_4356,11615.299713164915
00e12e8b_4357,11615.310561012822
00e12e8b_4358,11615.330467909998
00e12e8b_4359,11615.341315757905
00e12e8b_4360,11615.345805034445
00e12e8b_4361,11615.359353360252
00e12e8b_4362,11615.37020120816
00e12e8b_4363,11615.6171130035
00e12e8b_4364,11615.627960851407
00e12e8b_4365,11615.641509177216
00e12e8b_4366,11615.652357025123
00e12e8b_4367,11615.66320487303
00e12e8b_4368,11615.676753198837
00e12e8b_4369,11615.687601046746
00e12e8b_4370,11615.701149372553
00e12e8b_4371,11615.71199722046
00e12e8b_4372,11615.725545546267
00e12e8b_4373,11615.736393394176
00e12e8b_4374,11615.747241242083
00e12e8b_4375,11615.895140582987
00e12e8b_4376,11615.905988430892
00e12e8b_4377,11615.9195367567
00e12e8b_4378,11615.930384604608
00e12e8b_4379,11615.946934919728
00e12e8b_4380,11615.957782767635
00e12e8b_4381,11615.968630615542
00e12e8b_4382,11615.979176952038
00e12e8b_4383,11615.990024799945
00e12e8b_4384,11616.003573125754
00e12e8b_4385,11616.017422962972
00e12e8b_4386,11616.03097128878
00e12e8b_4387,11616.041819136688
00e12e8b_4388,11616.055367462495
00e12e8b_4389,11616.063213321091
00e12e8b_4390,11615.846400166678
00e12e8b_4391,11615.857248014585
00e12e8b_4392,11615.86509387318
00e12e8b_4393,11615.8816441883
00e12e8b_4394,11616.000863720734
00e12e8b_4395,11616.011410057232
00e12e8b_4396,11616.022257905139
00e12e8b_4397,11616.035806230946
00e12e8b_4398,11616.049656068164
00e12e8b_4399,11616.063204393973
00e12e8b_4400,11615.985587320996
00e12e8b_4401,11615.996133657494
00e12e8b_4402,11616.006981505401
00e12e8b_4403,11616.01782935331
00e12e8b_4404,11616.031377679117
00e12e8b_4405,11615.987998737117
00e12e8b_4406,11616.001547062926
00e12e8b_4407,11616.012394910833
00e12e8b_4408,11616.080170026547
00e12e8b_4409,11616.036791084547
00e12e8b_4410,11616.050339410354
00e12e8b_4411,11616.061187258263
00e12e8b_4412,11616.07473558407
00e12e8b_4413,11616.245013615488
00e12e8b_4414,11616.124210926198
00e12e8b_4415,11616.125423659372
00e12e8b_4416,11615.995535487773
00e12e8b_4417,11616.00638333568
00e12e8b_4418,11616.17300327363
00e12e8b_4419,11616.024420938027
00e12e8b_4420,11616.037969263834
00e12e8b_4421,11616.048817111743
00e12e8b_4422,11616.06872400892
00e12e8b_4423,11616.079571856826
00e12e8b_4424,11616.084061133366
00e12e8b_4425,11616.097609459173
00e12e8b_4426,11616.10845730708
00e12e8b_4427,11616.12200563289
00e12e8b_4428,11616.132853480796
00e12e8b_4429,11616.280752821698
00e12e8b_4430,11616.291600669605
00e12e8b_4431,11616.305148995414
00e12e8b_4432,11616.315996843321
00e12e8b_4433,11616.329545169128
00e12e8b_4434,11616.340393017035
00e12e8b_4435,11616.353941342844
00e12e8b_4436,11616.453254111635
00e12e8b_4437,11616.464101959542
00e12e8b_4438,11616.47765028535
00e12e8b_4439,11616.488498133258
00e12e8b_4440,11616.36769544397
00e12e8b_4441,11616.378543291878
00e12e8b_4442,11616.389391139784
00e12e8b_4443,11616.402939465592
00e12e8b_4444,11616.4137873135
00e12e8b_4445,11616.427335639308
00e12e8b_4446,11616.438183487215
00e12e8b_4447,11616.503258125029
00e12e8b_4448,11616.65115746593
00e12e8b_4449,11616.553633629312
00e12e8b_4450,11616.564481477217
00e12e8b_4451,11616.578029803026
00e12e8b_4452,11616.588877650933
00e12e8b_4453,11616.59972549884
00e12e8b_4454,11616.613273824649
00e12e8b_4455,11616.624121672556
00e12e8b_4456,11616.634969520463
00e12e8b_4457,11616.759891520109
00e12e8b_4458,11616.770739368016
00e12e8b_4459,11616.778585226613
00e12e8b_4460,11616.795135541732
00e12e8b_4461,11616.805983389639
00e12e8b_4462,11616.816831237546
00e12e8b_4463,11616.827377574044
00e12e8b_4464,11616.83822542195
00e12e8b_4465,11616.852075259168
00e12e8b_4466,11616.862923107075
00e12e8b_4467,11616.78500452269
00e12e8b_4468,11616.798854359908
00e12e8b_4469,11616.809702207815
00e12e8b_4470,11616.817548066412
00e12e8b_4471,11616.83409838153
00e12e8b_4472,11616.844946229437
00e12e8b_4473,11616.855794077344
00e12e8b_4474,11616.866641925251
00e12e8b_4475,11616.88019025106
00e12e8b_4476,11616.891038098967
00e12e8b_4477,11616.901885946874
00e12e8b_4478,11616.912733794781
00e12e8b_4479,11616.926282120588
00e12e8b_4480,11616.937129968495
00e12e8b_4481,11616.944975827093
00e12e8b_4482,11616.958825664311
00e12e8b_4483,11616.969673512218
00e12e8b_4484,11616.980521360125
00e12e8b_4485,11616.994069685932
00e12e8b_4486,11617.004917533839
00e12e8b_4487,11617.015765381748
00e12e8b_4488,11617.023611240344
00e12e8b_4489,11617.037461077562
00e12e8b_4490,11617.048308925469
00e12e8b_4491,11617.061857251278
00e12e8b_4492,11617.069703109873
00e12e8b_4493,11617.083552947091
00e12e8b_4494,11617.09139880569
00e12e8b_4495,11617.105248642905
00e12e8b_4496,11617.116096490812
00e12e8b_4497,11617.126944338721
00e12e8b_4498,11617.137792186628
00e12e8b_4499,11617.151340512435
00e12e8b_4500,11617.162188360342
00e12e8b_4501,11617.173036208249
00e12e8b_4502,11617.180882066847
00e12e8b_4503,11617.194731904063
00e12e8b_4504,11617.205579751972
00e12e8b_4505,11617.216427599878
00e12e8b_4506,11617.227275447785
00e12e8b_4507,11617.238123295692
00e12e8b_4508,11617.2489711436
00e12e8b_4509,11617.259818991508
00e12e8b_4510,11617.270666839413
00e12e8b_4511,11617.281514687322
00e12e8b_4512,11617.292362535229
00e12e8b_4513,11617.303210383136
00e12e8b_4514,11617.314058231043
00e12e8b_4515,11617.32490607895
00e12e8b_4516,11617.335753926858
00e12e8b_4517,11617.346601774763
00e12e8b_4518,11617.354447633363
00e12e8b_4519,11617.368297470579
00e12e8b_4520,11617.379145318486
00e12e8b_4521,11617.389993166393
00e12e8b_4522,11617.39783902499
00e12e8b_4523,11617.411688862208
00e12e8b_4524,11617.419534720804
00e12e8b_4525,11617.433384558022
00e12e8b_4526,11617.441230416618
00e12e8b_4527,11617.452078264527
00e12e8b_4528,11617.462926112434
00e12e8b_4529,11617.476775949652
00e12e8b_4530,11617.487623797559
00e12e8b_4531,11617.492769178254
00e12e8b_4532,11617.503617026163
00e12e8b_4533,11617.514464874068
00e12e8b_4534,11617.528314711286
00e12e8b_4535,11617.536160569884
00e12e8b_4536,11617.5500104071
00e12e8b_4537,11617.555155787797
00e12e8b_4538,11617.566003635704
00e12e8b_4539,11617.57685148361
00e12e8b_4540,11617.590701320829
00e12e8b_4541,11617.598848690835
00e12e8b_4542,11617.609696538742
00e12e8b_4543,11617.62054438665
00e12e8b_4544,11617.631392234556
00e12e8b_4545,11617.639539604563
00e12e8b_4546,11617.650387452471
00e12e8b_4547,11617.661235300378
00e12e8b_4548,11617.666380681074
00e12e8b_4549,11617.680230518292
00e12e8b_4550,11617.68807637689
00e12e8b_4551,11617.696223746894
00e12e8b_4552,11617.710073584112
00e12e8b_4553,11617.718220954119
00e12e8b_4554,11617.729068802026
00e12e8b_4555,11617.739916649933
00e12e8b_4556,11617.74806401994
00e12e8b_4557,11617.758911867846
00e12e8b_4558,11617.767059237853
00e12e8b_4559,11617.777907085761
00e12e8b_4560,11617.786054455766
00e12e8b_4561,11617.796902303675
00e12e8b_4562,11617.80504967368
00e12e8b_4563,11617.815897521588
00e12e8b_4564,11617.821042902284
00e12e8b_4565,11617.83189075019
00e12e8b_4566,11617.840038120197
00e12e8b_4567,11617.850885968106
00e12e8b_4568,11617.85903333811
00e12e8b_4569,11617.86988118602
00e12e8b_4570,11617.878028556024
00e12e8b_4571,11617.88617592603
00e12e8b_4572,11617.900025763249
00e12e8b_4573,11617.908173133255
00e12e8b_4574,11617.919020981162
00e12e8b_4575,11617.927168351169
00e12e8b_4576,11617.935315721175
00e12e8b_4577,11617.946163569082
00e12e8b_4578,11617.954310939089
00e12e8b_4579,11617.962458309095
00e12e8b_4580,11617.973306157002
00e12e8b_4581,11617.981453527009
00e12e8b_4582,11617.989600897015
00e12e8b_4583,11617.997748267022
00e12e8b_4584,11618.008596114929
00e12e8b_4585,11618.013741495626
00e12e8b_4586,11618.024890854942
00e12e8b_4587,11618.030036235637
00e12e8b_4588,11618.040884083546
00e12e8b_4589,11618.049031453553
00e12e8b_4590,11618.05717882356
00e12e8b_4591,11618.068328182875
00e12e8b_4592,11618.07347356357
00e12e8b_4593,11618.081620933579
00e12e8b_4594,11618.092468781484
00e12e8b_4595,11618.100616151492
00e12e8b_4596,11618.108763521497
00e12e8b_4597,11618.062684101596
00e12e8b_4598,11618.070831471603
00e12e8b_4599,11618.07897884161
00e12e8b_4600,11618.141353001523
00e12e8b_4601,11618.14950037153
00e12e8b_4602,11618.160649730846
00e12e8b_4603,11618.165795111543
00e12e8b_4604,11618.17394248155
00e12e8b_4605,11618.182089851556
00e12e8b_4606,11618.193239210872
00e12e8b_4607,11618.201386580879
00e12e8b_4608,11618.206531961576
00e12e8b_4609,11618.217681320893
00e12e8b_4610,11618.225828690898
00e12e8b_4611,11618.233976060905
00e12e8b_4612,11618.242123430911
00e12e8b_4613,11618.250270800918
00e12e8b_4614,11618.258418170924
00e12e8b_4615,11618.266565540931
00e12e8b_4616,11618.271710921626
00e12e8b_4617,11618.282860280944
00e12e8b_4618,11618.28800566164
00e12e8b_4619,11618.296153031646
00e12e8b_4620,11618.301599923752
00e12e8b_4621,11618.309747293759
00e12e8b_4622,11618.317894663764
00e12e8b_4623,11618.32604203377
00e12e8b_4624,11618.337191393088
00e12e8b_4625,11618.345338763094
00e12e8b_4626,11618.3534861331
00e12e8b_4627,11618.361633503107
00e12e8b_4628,11618.369780873114
00e12e8b_4629,11618.37492625381
00e12e8b_4630,11618.386075613127
00e12e8b_4631,11618.391522505233
00e12e8b_4632,11618.399669875238
00e12e8b_4633,11618.407817245246
00e12e8b_4634,11618.415964615251
00e12e8b_4635,11618.424111985258
00e12e8b_4636,11618.432259355264
00e12e8b_4637,11618.44040672527
00e12e8b_4638,11618.448554095277
00e12e8b_4639,11618.456701465284
00e12e8b_4640,11618.46484883529
00e12e8b_4641,11618.472996205297
00e12e8b_4642,11618.475441108092
00e12e8b_4643,11618.486590467408
00e12e8b_4644,11618.494737837416
00e12e8b_4645,11618.502885207421
00e12e8b_4646,11618.51103257743
00e12e8b_4647,11618.519179947434
00e12e8b_4648,11618.527327317443
00e12e8b_4649,11618.535474687447
00e12e8b_4650,11618.543622057454
00e12e8b_4651,11618.55176942746
00e12e8b_4652,11618.554214330255
00e12e8b_4653,11618.562361700262
00e12e8b_4654,11618.516282280361
00e12e8b_4655,11618.530788221737
00e12e8b_4656,11618.593162381649
00e12e8b_4657,11618.547082961748
00e12e8b_4658,11618.609457121662
00e12e8b_4659,11618.557019130394
00e12e8b_4660,11618.5651665004
00e12e8b_4661,11618.570613392505
00e12e8b_4662,11618.578760762513
00e12e8b_4663,11618.586908132518
00e12e8b_4664,11618.649282292434
00e12e8b_4665,11618.657429662439
00e12e8b_4666,11618.665577032445
00e12e8b_4667,11618.673724402452
00e12e8b_4668,11618.681871772458
00e12e8b_4669,11618.635792352557
00e12e8b_4670,11618.641239244664
00e12e8b_4671,11618.64938661467
00e12e8b_4672,11618.663892556044
00e12e8b_4673,11618.67203992605
00e12e8b_4674,11618.850675410744
00e12e8b_4675,11618.85882278075
00e12e8b_4676,11618.705567518382
00e12e8b_4677,11618.875117520764
00e12e8b_4678,11611.521881335651
00e12e8b_4679,11611.536963342493
00e12e8b_4680,11611.545110712497
00e12e8b_4681,11611.546899511137
00e12e8b_4682,11611.643511802027
00e12e8b_4683,11611.651659172032
00e12e8b_4684,11611.65980654204
00e12e8b_4685,11611.734566113766
00e12e8b_4686,11611.698966577842
00e12e8b_4687,11611.915090133309
00e12e8b_4688,11611.856625301596
00e12e8b_4689,11611.883420060449
00e12e8b_4690,11611.881932315722
00e12e8b_4691,11611.890079685727
00e12e8b_4692,11611.898227055735
00e12e8b_4693,11611.90637442574
00e12e8b_4694,11611.914521795747
00e12e8b_4695,11611.919968687853
00e12e8b_4696,11611.92811605786
00e12e8b_4697,11611.939539971234
00e12e8b_4698,11611.947687341239
00e12e8b_4699,11611.955834711247
00e12e8b_4700,11611.963982081254
00e12e8b_4701,11611.97212945126
00e12e8b_4702,11611.980276821265
00e12e8b_4703,11611.985723713371
00e12e8b_4704,11611.993871083378
00e12e8b_4705,11612.002018453384
00e12e8b_4706,11612.01016582339
00e12e8b_4707,11612.018313193397
00e12e8b_4708,11612.026460563404
00e12e8b_4709,11612.03460793341
00e12e8b_4710,11612.040054825515
00e12e8b_4711,11612.048202195521
00e12e8b_4712,11612.056349565528
00e12e8b_4713,11612.064496935534
00e12e8b_4714,11612.072644305541
00e12e8b_4715,11612.078091197647
00e12e8b_4716,11612.086238567654
00e12e8b_4717,11612.09438593766
00e12e8b_4718,11612.099832829765
00e12e8b_4719,11612.107980199771
00e12e8b_4720,11612.116127569778
00e12e8b_4721,11612.121574461884
00e12e8b_4722,11612.12972183189
00e12e8b_4723,11612.135168723997
00e12e8b_4724,11612.143316094003
00e12e8b_4725,11612.148762986108
00e12e8b_4726,11612.156910356114
00e12e8b_4727,11612.16235724822
00e12e8b_4728,11612.170504618227
00e12e8b_4729,11612.175951510333
00e12e8b_4730,11612.184098880338
00e12e8b_4731,11612.189545772446
00e12e8b_4732,11612.197693142452
00e12e8b_4733,11612.203140034557
00e12e8b_4734,11612.208586926663
00e12e8b_4735,11612.216734296668
00e12e8b_4736,11612.222181188776
00e12e8b_4737,11612.22762808088
00e12e8b_4738,11612.233074972986
00e12e8b_4739,11612.241222342993
00e12e8b_4740,11612.246669235097
00e12e8b_4741,11612.252116127205
00e12e8b_4742,11612.25756301931
00e12e8b_4743,11612.263009911416
00e12e8b_4744,11612.268456803522
00e12e8b_4745,11612.273903695626
00e12e8b_4746,11612.282051065633
00e12e8b_4747,11612.28749795774
00e12e8b_4748,11612.292944849845
00e12e8b_4749,11612.29839174195
00e12e8b_4750,11612.303838634056
00e12e8b_4751,11612.309285526162
00e12e8b_4752,11612.314732418268
00e12e8b_4753,11612.320179310373
00e12e8b_4754,11612.322925724578
00e12e8b_4755,11612.328372616685
00e12e8b_4756,11612.333819508789
00e12e8b_4757,11612.339266400895
00e12e8b_4758,11612.344713293001
00e12e8b_4759,11612.350160185106
00e12e8b_4760,11612.352906599312
00e12e8b_4761,11612.358353491418
00e12e8b_4762,11612.363800383522
00e12e8b_4763,11612.503598290725
00e12e8b_4764,11612.506344704929
00e12e8b_4765,11612.511791597035
00e12e8b_4766,11612.517238489141
00e12e8b_4767,11612.519984903345
00e12e8b_4768,11612.52543179545
00e12e8b_4769,11612.530878687558
00e12e8b_4770,11612.533625101762
00e12e8b_4771,11612.539071993866
00e12e8b_4772,11612.541818408074
00e12e8b_4773,11612.547265300178
00e12e8b_4774,11612.550011714382
00e12e8b_4775,11612.55545860649
00e12e8b_4776,11612.558205020694
00e12e8b_4777,11612.563651912798
00e12e8b_4778,11612.566398327004
00e12e8b_4779,11612.56914474121
00e12e8b_4780,11612.574591633314
00e12e8b_4781,11612.442987032424
00e12e8b_4782,11612.44573344663
00e12e8b_4783,11612.451180338736
00e12e8b_4784,11612.588277768034
00e12e8b_4785,11612.59102418224
00e12e8b_4786,11612.462120059252
00e12e8b_4787,11612.59921748855
00e12e8b_4788,11612.601963902756
00e12e8b_4789,11612.470359301864
00e12e8b_4790,11612.47310571607
00e12e8b_4791,11612.475852130276
00e12e8b_4792,11612.48129902238
00e12e8b_4793,11612.484045436586
00e12e8b_4794,11612.486791850792
00e12e8b_4795,11612.256174795464
00e12e8b_4796,11612.258921209668
00e12e8b_4797,11612.261667623874
00e12e8b_4798,11612.264414038078
00e12e8b_4799,11612.267160452284
00e12e8b_4800,11612.269906866488
00e12e8b_4801,11612.272653280692
00e12e8b_4802,11612.275399694898
00e12e8b_4803,11612.278146109104
00e12e8b_4804,11612.278192045407
00e12e8b_4805,11612.280938459611
00e12e8b_4806,11612.283684873817
00e12e8b_4807,11612.286431288023
00e12e8b_4808,11612.289177702227
00e12e8b_4809,11612.29192411643
00e12e8b_4810,11612.294670530637
00e12e8b_4811,11612.297416944843
00e12e8b_4812,11612.300163359047
00e12e8b_4813,11612.302909773252
00e12e8b_4814,11612.305656187456
00e12e8b_4815,11612.311103079563
00e12e8b_4816,11612.448200508863
00e12e8b_4817,11612.450946923067
00e12e8b_4818,11612.453693337273
00e12e8b_4819,11612.456439751477
00e12e8b_4820,11612.459186165683
00e12e8b_4821,11612.464633057789
00e12e8b_4822,11612.467379471993
00e12e8b_4823,11612.335774871102
00e12e8b_4824,11612.341221763209
00e12e8b_4825,11612.478319192509
00e12e8b_4826,11612.346714591618
00e12e8b_4827,11612.352161483723
00e12e8b_4828,11612.354907897929
00e12e8b_4829,11612.357654312134
00e12e8b_4830,11612.596464673772
00e12e8b_4831,11612.605569659343
00e12e8b_4832,11612.61101655145
00e12e8b_4833,11612.613762965655
00e12e8b_4834,11612.61920985776
00e12e8b_4835,11612.615597700598
00e12e8b_4836,11612.621044592704
00e12e8b_4837,11612.623791006909
00e12e8b_4838,11612.629237899015
00e12e8b_4839,11612.634684791119
00e12e8b_4840,11612.637431205325
00e12e8b_4841,11612.642878097431
00e12e8b_4842,11612.648324989537
00e12e8b_4843,11612.651071403741
00e12e8b_4844,11612.656518295847
00e12e8b_4845,11612.661965187954
00e12e8b_4846,11612.667412080058
00e12e8b_4847,11612.670158494264
00e12e8b_4848,11612.675605386368
00e12e8b_4849,11612.681052278474
00e12e8b_4850,11612.68649917058
00e12e8b_4851,11612.691946062687
00e12e8b_4852,11612.697392954793
00e12e8b_4853,11612.700139368997
00e12e8b_4854,11612.705586261101
00e12e8b_4855,11612.711033153208
00e12e8b_4856,11612.716480045314
00e12e8b_4857,11612.72192693742
00e12e8b_4858,11612.727373829526
00e12e8b_4859,11612.73282072163
00e12e8b_4860,11612.738267613737
00e12e8b_4861,11612.746414983743
00e12e8b_4862,11612.75186187585
00e12e8b_4863,11612.757308767956
00e12e8b_4864,11612.76275566006
00e12e8b_4865,11612.768202552166
00e12e8b_4866,11612.773649444272
00e12e8b_4867,11612.779096336377
00e12e8b_4868,11612.787243706383
00e12e8b_4869,11612.79269059849
00e12e8b_4870,11612.798137490596
00e12e8b_4871,11612.8035843827
00e12e8b_4872,11612.811731752707
00e12e8b_4873,11612.817178644813
00e12e8b_4874,11612.822625536919
00e12e8b_4875,11612.830772906926
00e12e8b_4876,11612.836219799032
00e12e8b_4877,11612.844367169038
00e12e8b_4878,11612.849814061143
00e12e8b_4879,11612.85796143115
00e12e8b_4880,11612.863408323254
00e12e8b_4881,11612.871555693262
00e12e8b_4882,11612.877002585366
00e12e8b_4883,11612.885149955375
00e12e8b_4884,11612.89059684748
00e12e8b_4885,11612.898744217486
00e12e8b_4886,11612.904191109592
00e12e8b_4887,11612.912338479598
00e12e8b_4888,11612.920485849605
00e12e8b_4889,11614.602170710683
00e12e8b_4890,11614.61031808069
00e12e8b_4891,11614.618465450696
00e12e8b_4892,11614.623912342802
00e12e8b_4893,11614.632059712809
00e12e8b_4894,11614.640207082815
00e12e8b_4895,11614.64835445282
00e12e8b_4896,11614.656501822828
00e12e8b_4897,11614.661948714933
00e12e8b_4898,11614.67009608494
00e12e8b_4899,11614.678243454946
00e12e8b_4900,11614.686390824952
00e12e8b_4901,11614.694538194959
00e12e8b_4902,11614.699985087063
00e12e8b_4903,11614.70813245707
00e12e8b_4904,11614.716279827077
00e12e8b_4905,11614.724427197083
00e12e8b_4906,11614.72987408919
00e12e8b_4907,11614.872372474292
00e12e8b_4908,11614.877819366397
00e12e8b_4909,11614.885966736403
00e12e8b_4910,11614.89411410641
00e12e8b_4911,11614.899560998516
00e12e8b_4912,11614.905007890622
00e12e8b_4913,11614.913155260627
00e12e8b_4914,11614.918602152733
00e12e8b_4915,11614.92674952274
00e12e8b_4916,11614.932196414846
00e12e8b_4917,11614.937643306952
00e12e8b_4918,11614.945790676957
00e12e8b_4919,11614.816886553968
00e12e8b_4920,11614.956684461169
00e12e8b_4921,11614.962131353275
00e12e8b_4922,11614.736915253749
00e12e8b_4923,11614.975725615386
00e12e8b_4924,11614.613458022865
00e12e8b_4925,11614.852268384504
00e12e8b_4926,11614.857715276608
00e12e8b_4927,11614.863162168715
00e12e8b_4928,11614.86860906082
00e12e8b_4929,11614.874055952925
00e12e8b_4930,11614.879502845031
00e12e8b_4931,11614.884949737138
00e12e8b_4932,11614.890396629242
00e12e8b_4933,11614.895843521348
00e12e8b_4934,11614.901290413454
00e12e8b_4935,11614.904036827658
00e12e8b_4936,11614.909483719764
00e12e8b_4937,11614.91493061187
00e12e8b_4938,11614.920377503977
00e12e8b_4939,11614.92312391818
00e12e8b_4940,11614.928570810287
00e12e8b_4941,11614.934017702393
00e12e8b_4942,11614.936764116597
00e12e8b_4943,11614.942211008703
00e12e8b_4944,11614.944957422907
00e12e8b_4945,11614.950404315014
00e12e8b_4946,11614.95315072922
00e12e8b_4947,11614.958597621324
00e12e8b_4948,11614.96134403553
00e12e8b_4949,11614.964090449736
00e12e8b_4950,11614.96953734184
00e12e8b_4951,11614.972283756044
00e12e8b_4952,11614.97503017025
00e12e8b_4953,11614.980477062356
00e12e8b_4954,11614.98322347656
00e12e8b_4955,11614.985969890766
00e12e8b_4956,11614.98871630497
00e12e8b_4957,11614.994163197076
00e12e8b_4958,11614.996909611282
00e12e8b_4959,11614.999656025486
00e12e8b_4960,11615.002402439692
00e12e8b_4961,11615.005148853896
00e12e8b_4962,11615.0078952681
00e12e8b_4963,11615.010641682306
00e12e8b_4964,11615.013388096511
00e12e8b_4965,11615.016134510715
00e12e8b_4966,11615.018880924921
00e12e8b_4967,11615.021627339125
00e12e8b_4968,11615.02167327543
00e12e8b_4969,11615.024419689635
00e12e8b_4970,11615.027166103839
00e12e8b_4971,11615.036271089411
00e12e8b_4972,11615.445459643888
00e12e8b_4973,11615.448206058092
00e12e8b_4974,11615.450952472298
00e12e8b_4975,11615.444639837235
00e12e8b_4976,11615.44738625144
00e12e8b_4977,11615.450132665645
00e12e8b_4978,11615.450178601948
00e12e8b_4979,11615.452925016154
00e12e8b_4980,11615.452970952458
00e12e8b_4981,11615.455717366664
00e12e8b_4982,11615.455763302967
00e12e8b_4983,11615.458509717171
00e12e8b_4984,11615.458555653477
00e12e8b_4985,11615.45860158978
00e12e8b_4986,11615.461348003986
00e12e8b_4987,11615.467752511657
00e12e8b_4988,11615.46779844796
00e12e8b_4989,11615.467844384264
00e12e8b_4990,11615.47059079847
00e12e8b_4991,11615.470636734775
00e12e8b_4992,11615.464324099712
00e12e8b_4993,11615.464370036016
00e12e8b_4994,11615.46441597232
00e12e8b_4995,11615.464461908625
00e12e8b_4996,11615.464507844928
00e12e8b_4997,11615.464553781232
00e12e8b_4998,11615.467300195438
00e12e8b_4999,11615.467346131742
00e12e8b_5000,11615.467392068047
00e12e8b_5001,11615.46743800435
00e12e8b_5002,11615.467483940654
00e12e8b_5003,11615.467529876958
00e12e8b_5004,11615.467575813262
00e12e8b_5005,11615.467621749567
00e12e8b_5006,11615.46766768587
00e12e8b_5007,11615.470414100077
00e12e8b_5008,11615.47046003638
00e12e8b_5009,11615.343238036552
00e12e8b_5010,11615.343283972856
00e12e8b_5011,11615.343329909161
00e12e8b_5012,11615.343375845465
00e12e8b_5013,11615.343421781768
00e12e8b_5014,11615.343467718074
00e12e8b_5015,11615.343513654378
00e12e8b_5016,11615.343559590681
00e12e8b_5017,11615.343605526985
00e12e8b_5018,11615.346351941193
00e12e8b_5019,11615.346397877496
00e12e8b_5020,11615.3464438138
00e12e8b_5021,11615.346489750104
00e12e8b_5022,11615.346535686409
00e12e8b_5023,11615.346581622713
00e12e8b_5024,11615.346627559016
00e12e8b_5025,11615.34667349532
00e12e8b_5026,11615.346719431625
00e12e8b_5027,11615.353123939298
00e12e8b_5028,11615.353169875601
00e12e8b_5029,11615.346857240536
00e12e8b_5030,11615.346903176842
00e12e8b_5031,11615.346949113145
00e12e8b_5032,11615.34969552735
00e12e8b_5033,11615.349741463655
00e12e8b_5034,11615.349787399959
00e12e8b_5035,11615.349833336262
00e12e8b_5036,11615.356237843935
00e12e8b_5037,11615.356283780238
00e12e8b_5038,11615.356329716544
00e12e8b_5039,11615.356375652847
00e12e8b_5040,11615.356421589153
00e12e8b_5041,11615.356467525457
00e12e8b_5042,11615.35651346176
00e12e8b_5043,11615.356559398064
00e12e8b_5044,11615.350246763
00e12e8b_5045,11615.350292699306
00e12e8b_5046,11615.484689650704
00e12e8b_5047,11615.484735587008
00e12e8b_5048,11615.484781523313
00e12e8b_5049,11615.484827459617
00e12e8b_5050,11615.484873395922
00e12e8b_5051,11615.484919332226
00e12e8b_5052,11615.48496526853
00e12e8b_5053,11615.485011204833
00e12e8b_5054,11615.485057141139
00e12e8b_5055,11615.487803555343
00e12e8b_5056,11615.487849491648
00e12e8b_5057,11615.487895427952
00e12e8b_5058,11615.487941364256
00e12e8b_5059,11615.48798730056
00e12e8b_5060,11615.491035226176
00e12e8b_5061,11615.488079173168
00e12e8b_5062,11615.488125109472
00e12e8b_5063,11615.488171045776
00e12e8b_5064,11615.25485351255
00e12e8b_5065,11615.254899448853
00e12e8b_5066,11615.254945385157
00e12e8b_5067,11615.25499132146
00e12e8b_5068,11615.255037257766
00e12e8b_5069,11615.25808518338
00e12e8b_5070,11615.258131119685
00e12e8b_5071,11615.366548740516
00e12e8b_5072,11615.36659467682
00e12e8b_5073,11615.366640613125
00e12e8b_5074,11615.363684560118
00e12e8b_5075,11615.366732485734
00e12e8b_5076,11615.366778422038
00e12e8b_5077,11615.366824358342
00e12e8b_5078,11615.278405373761
00e12e8b_5079,11615.278451310067
00e12e8b_5080,11615.27849724637
00e12e8b_5081,11615.278543182674
00e12e8b_5082,11615.275888641077
00e12e8b_5083,11615.356060797443
00e12e8b_5084,11615.353104744434
00e12e8b_5085,11615.35615267005
00e12e8b_5086,11615.356198606354
00e12e8b_5087,11615.35624454266
00e12e8b_5088,11615.356290478963
00e12e8b_5089,11615.356336415267
00e12e8b_5090,11615.35638235157
00e12e8b_5091,11615.356428287876
00e12e8b_5092,11615.35647422418
00e12e8b_5093,11615.356520160483
00e12e8b_5094,11615.356566096787
00e12e8b_5095,11615.356612033092
00e12e8b_5096,11615.356657969396
00e12e8b_5097,11615.351001438488
00e12e8b_5098,11615.351047374792
00e12e8b_5099,11615.296866521192
00e12e8b_5100,11615.351139247401
00e12e8b_5101,11615.2969583938
00e12e8b_5102,11615.294303852203
00e12e8b_5103,11615.294349788506
00e12e8b_5104,11615.348622514717
00e12e8b_5105,11615.34866845102
00e12e8b_5106,11615.346013909424
00e12e8b_5107,11615.34605984573
00e12e8b_5108,11615.349107771344
00e12e8b_5109,11615.346453229748
00e12e8b_5110,11615.343497176742
00e12e8b_5111,11615.346545102357
00e12e8b_5112,11615.343890560758
00e12e8b_5113,11615.343936497064
00e12e8b_5114,11615.341281955467
00e12e8b_5115,11615.341327891772
00e12e8b_5116,11615.341373828076
00e12e8b_5117,11615.33871928648
00e12e8b_5118,11615.335763233472
00e12e8b_5119,11615.336110681186
00e12e8b_5120,11615.33615661749
00e12e8b_5121,11615.333502075893
00e12e8b_5122,11615.333548012199
00e12e8b_5123,11615.330893470602
00e12e8b_5124,11615.330939406907
00e12e8b_5125,11615.32828486531
00e12e8b_5126,11615.325630323714
00e12e8b_5127,11615.325676260018
00e12e8b_5128,11615.323021718421
00e12e8b_5129,11615.323067654725
00e12e8b_5130,11615.320413113128
00e12e8b_5131,11615.317758571531
00e12e8b_5132,11615.317804507835
00e12e8b_5133,11615.315149966238
00e12e8b_5134,11615.312495424641
00e12e8b_5135,11615.312541360947
00e12e8b_5136,11615.30988681935
00e12e8b_5137,11615.304230288442
00e12e8b_5138,11615.304577736157
00e12e8b_5139,11615.304623672462
00e12e8b_5140,11615.301969130865
00e12e8b_5141,11615.296312599958
00e12e8b_5142,11615.296660047672
00e12e8b_5143,11615.291003516764
00e12e8b_5144,11615.294051442379
00e12e8b_5145,11615.288394911473
00e12e8b_5146,11615.285740369876
00e12e8b_5147,11615.28308582828
00e12e8b_5148,11615.280431286683
00e12e8b_5149,11615.277776745086
00e12e8b_5150,11615.27512220349
00e12e8b_5151,11615.275469651204
00e12e8b_5152,11615.27551558751
00e12e8b_5153,11615.27286104591
00e12e8b_5154,11615.267204515003
00e12e8b_5155,11615.267551962717
00e12e8b_5156,11615.264897421122
00e12e8b_5157,11615.262242879526
00e12e8b_5158,11615.259588337929
00e12e8b_5159,11615.256933796332
00e12e8b_5160,11615.251578776835
00e12e8b_5161,11615.248924235239
00e12e8b_5162,11615.246269693642
00e12e8b_5163,11615.243615152045
00e12e8b_5164,11615.240960610448
00e12e8b_5165,11615.238306068852
00e12e8b_5166,11616.423184315609
00e12e8b_5167,11616.420529774012
00e12e8b_5168,11616.417875232415
00e12e8b_5169,11616.412520212918
00e12e8b_5170,11616.409865671321
00e12e8b_5171,11616.407211129725
00e12e8b_5172,11616.401554598819
00e12e8b_5173,11616.39920156863
00e12e8b_5174,11616.393545037723
00e12e8b_5175,11616.393892485437
00e12e8b_5176,11616.39123794384
00e12e8b_5177,11616.385882924344
00e12e8b_5178,11616.383228382747
00e12e8b_5179,11616.38057384115
00e12e8b_5180,11616.375218821653
00e12e8b_5181,11616.372564280056
00e12e8b_5182,11616.36990973846
00e12e8b_5183,11616.361552729653
00e12e8b_5184,11616.361900177366
00e12e8b_5185,11616.35624364646
00e12e8b_5186,11616.350888626963
00e12e8b_5187,11616.351236074675
00e12e8b_5188,11618.743236367745
00e12e8b_5189,11618.740581826149
00e12e8b_5190,11618.737927284552
00e12e8b_5191,11618.735272742955
00e12e8b_5192,11618.732618201358
00e12e8b_5193,11618.729963659764
00e12e8b_5194,11618.727309118167
00e12e8b_5195,11618.72465457657
00e12e8b_5196,11618.722000034973
00e12e8b_5197,11618.719345493377
00e12e8b_5198,11618.71669095178
00e12e8b_5199,11618.714036410183
00e12e8b_5200,11614.85820188298
00e12e8b_5201,11614.855245829975
00e12e8b_5202,11614.855593277687
00e12e8b_5203,11614.85293873609
00e12e8b_5204,11614.852984672396
00e12e8b_5205,11614.8503301308
00e12e8b_5206,11614.850376067105
00e12e8b_5207,11614.847721525508
00e12e8b_5208,11614.845066983911
00e12e8b_5209,11614.842110930906
00e12e8b_5210,11614.84215686721
00e12e8b_5211,11614.839502325613
00e12e8b_5212,11614.839548261916
00e12e8b_5213,11614.83689372032
00e12e8b_5214,11614.836939656623
00e12e8b_5215,11614.836985592927
00e12e8b_5216,11614.837031529232
00e12e8b_5217,11614.834376987636
00e12e8b_5218,11614.780196134034
00e12e8b_5219,11614.780242070337
00e12e8b_5220,11614.780288006641
00e12e8b_5221,11614.786692514313
00e12e8b_5222,11614.786738450617
00e12e8b_5223,11614.780425815554
00e12e8b_5224,11614.780471751857
00e12e8b_5225,11614.780517688161
00e12e8b_5226,11614.646212609372
00e12e8b_5227,11614.646258545676
00e12e8b_5228,11614.64630448198
00e12e8b_5229,11614.649050896183
00e12e8b_5230,11614.783447847583
00e12e8b_5231,11614.783493783889
00e12e8b_5232,11614.783539720192
00e12e8b_5233,11614.786286134397
00e12e8b_5234,11614.7863320707
00e12e8b_5235,11614.789078484906
00e12e8b_5236,11614.789124421211
00e12e8b_5237,11614.791870835415
00e12e8b_5238,11614.79191677172
00e12e8b_5239,11614.794663185923
00e12e8b_5240,11614.794709122229
00e12e8b_5241,11614.797455536434
00e12e8b_5242,11614.797501472738
00e12e8b_5243,11614.800247886942
00e12e8b_5244,11614.802994301148
00e12e8b_5245,11614.805740715352
00e12e8b_5246,11614.671435636561
00e12e8b_5247,11614.862759855769
00e12e8b_5248,11614.865506269975
00e12e8b_5249,11614.868252684179
00e12e8b_5250,11614.877357669751
00e12e8b_5251,11614.873745512588
00e12e8b_5252,11614.876491926792
00e12e8b_5253,11614.879238341
00e12e8b_5254,11614.881984755204
00e12e8b_5255,11614.884731169408
00e12e8b_5256,11614.975942504496
00e12e8b_5257,11614.978688918702
00e12e8b_5258,11614.981435332906
00e12e8b_5259,11614.986882225012
00e12e8b_5260,11614.989628639218
00e12e8b_5261,11614.992375053422
00e12e8b_5262,11614.94089467772
00e12e8b_5263,11615.000568359734
00e12e8b_5264,11615.003314773938
00e12e8b_5265,11615.008761666042
00e12e8b_5266,11615.011508080248
00e12e8b_5267,11615.016954972354
00e12e8b_5268,11615.019701386558
00e12e8b_5269,11615.025148278664
00e12e8b_5270,11614.939429771986
00e12e8b_5271,11614.944876664093
00e12e8b_5272,11614.950323556197
00e12e8b_5273,11614.956071959712
00e12e8b_5274,11614.961518851818
00e12e8b_5275,11614.963963754613
00e12e8b_5276,11614.97241263603
00e12e8b_5277,11614.972157060925
00e12e8b_5278,11614.97760395303
00e12e8b_5279,11614.983050845136
00e12e8b_5280,11614.988497737242
00e12e8b_5281,11614.993944629348
00e12e8b_5282,11614.999391521453
00e12e8b_5283,11615.005139924968
00e12e8b_5284,11615.007584827763
00e12e8b_5285,11615.01303171987
00e12e8b_5286,11615.018478611975
00e12e8b_5287,11615.023925504081
00e12e8b_5288,11615.026671918286
00e12e8b_5289,11614.977892020484
00e12e8b_5290,11615.037565702498
00e12e8b_5291,11615.043012594604
00e12e8b_5292,11615.045759008808
00e12e8b_5293,11615.051205900912
00e12e8b_5294,11615.05665279302
00e12e8b_5295,11615.062099685125
00e12e8b_5296,11615.06484609933
00e12e8b_5297,11615.01606620153
00e12e8b_5298,11615.075739883541
00e12e8b_5299,11615.078486297745
00e12e8b_5300,11615.083933189851
00e12e8b_5301,11615.089380081958
00e12e8b_5302,11615.092126496163
00e12e8b_5303,11615.09757338827
00e12e8b_5304,11615.103020280374
00e12e8b_5305,11615.105766694578
00e12e8b_5306,11615.114215575995
00e12e8b_5307,11615.11666047879
00e12e8b_5308,11615.122408882306
00e12e8b_5309,11615.124853785102
00e12e8b_5310,11615.130300677207
00e12e8b_5311,11615.136049080722
00e12e8b_5312,11615.138493983519
00e12e8b_5313,11615.144242387032
00e12e8b_5314,11615.146687289827
00e12e8b_5315,11615.152134181933
00e12e8b_5316,11615.15488059614
00e12e8b_5317,11615.160327488244
00e12e8b_5318,11615.16307390245
00e12e8b_5319,11615.168520794556
00e12e8b_5320,11615.17126720876
00e12e8b_5321,11615.176714100866
00e12e8b_5322,11615.179460515072
00e12e8b_5323,11615.184907407176
00e12e8b_5324,11615.18765382138
00e12e8b_5325,11615.193100713486
00e12e8b_5326,11615.195847127692
00e12e8b_5327,11615.201294019796
00e12e8b_5328,11615.204040434002
00e12e8b_5329,11615.212489315418
00e12e8b_5330,11615.215235729624
00e12e8b_5331,11615.22068262173
00e12e8b_5332,11615.220427046625
00e12e8b_5333,11615.225873938729
00e12e8b_5334,11615.228620352935
00e12e8b_5335,11615.23136676714
00e12e8b_5336,11615.236813659245
00e12e8b_5337,11615.24256206276
00e12e8b_5338,11615.245006965555
00e12e8b_5339,11615.247753379761
00e12e8b_5340,11615.250499793965
00e12e8b_5341,11615.255946686071
00e12e8b_5342,11615.258693100277
00e12e8b_5343,11615.267141981692
00e12e8b_5344,11615.266886406587
00e12e8b_5345,11615.269632820793
00e12e8b_5346,11615.275079712897
00e12e8b_5347,11615.280828116413
00e12e8b_5348,11615.283574530618
00e12e8b_5349,11615.286019433413
00e12e8b_5350,11615.291767836929
00e12e8b_5351,11615.291512261823
00e12e8b_5352,11615.29695915393
00e12e8b_5353,11615.299705568134
00e12e8b_5354,11615.302451982338
00e12e8b_5355,11615.308200385854
00e12e8b_5356,11615.31064528865
00e12e8b_5357,11615.316393692165
00e12e8b_5358,11615.31613811706
00e12e8b_5359,11615.318884531263
00e12e8b_5360,11615.32433142337
00e12e8b_5361,11615.330079826885
00e12e8b_5362,11615.33282624109
00e12e8b_5363,11615.332570665985
00e12e8b_5364,11615.3410195474
00e12e8b_5365,11615.340763972295
00e12e8b_5366,11615.343510386501
00e12e8b_5367,11615.346256800705
00e12e8b_5368,11615.34900321491
00e12e8b_5369,11615.354450107016
00e12e8b_5370,11615.357196521221
00e12e8b_5371,11615.359942935425
00e12e8b_5372,11615.365691338942
00e12e8b_5373,11615.365435763835
00e12e8b_5374,11615.368182178041
00e12e8b_5375,11615.373629070145
00e12e8b_5376,11615.376375484351
00e12e8b_5377,11615.379121898557
00e12e8b_5378,11615.381868312761
00e12e8b_5379,11615.384614726965
00e12e8b_5380,11615.390061619071
00e12e8b_5381,11615.392808033277
00e12e8b_5382,11615.398556436792
00e12e8b_5383,11615.401302850996
00e12e8b_5384,11615.406749743102
00e12e8b_5385,11615.409496157306
00e12e8b_5386,11615.409240582201
00e12e8b_5387,11615.411986996407
00e12e8b_5388,11615.420435877822
00e12e8b_5389,11615.423182292026
00e12e8b_5390,11615.422926716923
00e12e8b_5391,11615.42837360903
00e12e8b_5392,11615.431120023233
00e12e8b_5393,11615.433866437439
00e12e8b_5394,11615.439313329545
00e12e8b_5395,11615.44205974375
00e12e8b_5396,11615.444806157953
00e12e8b_5397,11615.45025305006
00e12e8b_5398,11615.452999464265
00e12e8b_5399,11615.45844635637
00e12e8b_5400,11615.461192770576
00e12e8b_5401,11615.46393918478
00e12e8b_5402,11615.469386076886
00e12e8b_5403,11615.472132491092
00e12e8b_5404,11615.42335259329
00e12e8b_5405,11615.426099007494
00e12e8b_5406,11615.485772689506
00e12e8b_5407,11615.434292313805
00e12e8b_5408,11615.43703872801
00e12e8b_5409,11615.496712410022
00e12e8b_5410,11615.44523203432
00e12e8b_5411,11615.450678926427
00e12e8b_5412,11615.453425340631
00e12e8b_5413,11615.458872232735
00e12e8b_5414,11615.461618646943
00e12e8b_5415,11615.467065539047
00e12e8b_5416,11615.48677209223
00e12e8b_5417,11615.546445774242
00e12e8b_5418,11615.551892666348
00e12e8b_5419,11615.554639080554
00e12e8b_5420,11615.505859182755
00e12e8b_5421,11615.508605596959
00e12e8b_5422,11615.56827927897
00e12e8b_5423,11615.571025693174
00e12e8b_5424,11615.522245795375
00e12e8b_5425,11615.52769268748
00e12e8b_5426,11615.530439101685
00e12e8b_5427,11615.535885993791
00e12e8b_5428,11615.592859197903
00e12e8b_5429,11615.544079300102
00e12e8b_5430,11615.549526192208
00e12e8b_5431,11615.552272606412
00e12e8b_5432,11615.557719498518
00e12e8b_5433,11615.563166390622
00e12e8b_5434,11615.565912804828
00e12e8b_5435,11615.571359696934
00e12e8b_5436,11615.57680658904
00e12e8b_5437,11615.582253481145
00e12e8b_5438,11615.58499989535
00e12e8b_5439,11615.590446787455
00e12e8b_5440,11615.461542664467
00e12e8b_5441,11615.46428907867
00e12e8b_5442,11615.469735970777
00e12e8b_5443,11615.475182862883
00e12e8b_5444,11615.569094675871
00e12e8b_5445,11615.574541567978
00e12e8b_5446,11615.577287982182
00e12e8b_5447,11615.582734874288
00e12e8b_5448,11615.588181766394
00e12e8b_5449,11615.593628658498
00e12e8b_5450,11615.599075550605
00e12e8b_5451,11615.60182196481
00e12e8b_5452,11615.607268856915
00e12e8b_5453,11615.612715749021
00e12e8b_5454,11615.618162641127
00e12e8b_5455,11615.623609533232
00e12e8b_5456,11615.62905642534
00e12e8b_5457,11615.536421388393
00e12e8b_5458,11615.5418682805
00e12e8b_5459,11615.547315172604
00e12e8b_5460,11615.55276206471
00e12e8b_5461,11615.558208956816
00e12e8b_5462,11615.56365584892
00e12e8b_5463,11615.703453756123
00e12e8b_5464,11615.708900648227
00e12e8b_5465,11615.714347540334
00e12e8b_5466,11615.71979443244
00e12e8b_5467,11615.725241324544
00e12e8b_5468,11615.730688216652
00e12e8b_5469,11615.736135108757
00e12e8b_5470,11615.741582000861
00e12e8b_5471,11615.744328415067
00e12e8b_5472,11615.749775307173
00e12e8b_5473,11615.75522219928
00e12e8b_5474,11615.760669091385
00e12e8b_5475,11615.76611598349
00e12e8b_5476,11615.771562875596
00e12e8b_5477,11615.777009767702
00e12e8b_5478,11615.782456659806
00e12e8b_5479,11615.785203074012
00e12e8b_5480,11615.790649966119
00e12e8b_5481,11615.796096858223
00e12e8b_5482,11616.03490721986
00e12e8b_5483,11615.91236166824
00e12e8b_5484,11615.905472967708
00e12e8b_5485,11615.917540805192
00e12e8b_5486,11615.987018370965
00e12e8b_5487,11615.921813644025
00e12e8b_5488,11615.92456005823
00e12e8b_5489,11615.930006950337
00e12e8b_5490,11615.935453842441
00e12e8b_5491,11615.940900734548
00e12e8b_5492,11615.943647148753
00e12e8b_5493,11615.949094040858
00e12e8b_5494,11615.954540932964
00e12e8b_5495,11615.95728734717
00e12e8b_5496,11615.962734239274
00e12e8b_5497,11616.102532146477
00e12e8b_5498,11616.108555104049
00e12e8b_5499,11616.114001996155
00e12e8b_5500,11616.119448888261
00e12e8b_5501,11616.122195302465
00e12e8b_5502,11615.894278725038
00e12e8b_5503,11615.899725617144
00e12e8b_5504,11615.90247203135
00e12e8b_5505,11615.907918923454
00e12e8b_5506,11615.91066533766
00e12e8b_5507,11615.916112229766
00e12e8b_5508,11615.91885864397
00e12e8b_5509,11615.924305536075
00e12e8b_5510,11615.929752428183
00e12e8b_5511,11615.932498842387
00e12e8b_5512,11616.08755397555
00e12e8b_5513,11616.090300389755
00e12e8b_5514,11616.095747281859
00e12e8b_5515,11616.098493696067
00e12e8b_5516,11616.103940588171
00e12e8b_5517,11616.106687002375
00e12e8b_5518,11616.109433416581
00e12e8b_5519,11616.114880308687
00e12e8b_5520,11616.117626722891
00e12e8b_5521,11616.123073614997
00e12e8b_5522,11616.125820029203
00e12e8b_5523,11616.134268910619
00e12e8b_5524,11616.134013335512
00e12e8b_5525,11616.13675974972
00e12e8b_5526,11616.142206641824
00e12e8b_5527,11616.144953056028
00e12e8b_5528,11616.147699470233
00e12e8b_5529,11616.15314636234
00e12e8b_5530,11616.155892776544
00e12e8b_5531,11616.104412400842
00e12e8b_5532,11616.021394372065
00e12e8b_5533,11616.078367576176
00e12e8b_5534,11616.081113990382
00e12e8b_5535,11616.086560882486
00e12e8b_5536,11616.08930729669
00e12e8b_5537,11616.095055700207
00e12e8b_5538,11616.097500603002
00e12e8b_5539,11616.100247017206
00e12e8b_5540,11616.102993431412
00e12e8b_5541,11616.105739845618
00e12e8b_5542,11616.108486259822
00e12e8b_5543,11616.116935141239
00e12e8b_5544,11616.116679566134
00e12e8b_5545,11616.119425980338
00e12e8b_5546,11616.122172394542
00e12e8b_5547,11616.127920798059
00e12e8b_5548,11616.130365700854
00e12e8b_5549,11616.133112115058
00e12e8b_5550,11616.138860518575
00e12e8b_5551,11616.141606932779
00e12e8b_5552,11616.141351357674
00e12e8b_5553,11616.147099761189
00e12e8b_5554,11616.146844186083
00e12e8b_5555,11616.149590600287
00e12e8b_5556,11616.155037492394
00e12e8b_5557,11616.157783906598
00e12e8b_5558,11616.163532310115
00e12e8b_5559,11616.16627872432
00e12e8b_5560,11616.169025138524
00e12e8b_5561,11616.16876956342
00e12e8b_5562,11616.171515977623
00e12e8b_5563,11616.174262391829
00e12e8b_5564,11616.177008806033
00e12e8b_5565,11616.179755220239
00e12e8b_5566,11616.182501634443
00e12e8b_5567,11616.185248048649
00e12e8b_5568,11616.187994462853
00e12e8b_5569,11616.193441354959
00e12e8b_5570,11616.196187769165
00e12e8b_5571,11616.198934183369
00e12e8b_5572,11616.201680597573
00e12e8b_5573,11616.20742900109
00e12e8b_5574,11616.210175415294
00e12e8b_5575,11616.2156223074
00e12e8b_5576,11616.218368721606
00e12e8b_5577,11616.218113146499
00e12e8b_5578,11616.220859560704
00e12e8b_5579,11616.226306452809
00e12e8b_5580,11616.229052867015
00e12e8b_5581,11616.23480127053
00e12e8b_5582,11616.234545695424
00e12e8b_5583,11616.23999258753
00e12e8b_5584,11616.242739001735
00e12e8b_5585,11616.24548541594
00e12e8b_5586,11616.250932308045
00e12e8b_5587,11616.25367872225
00e12e8b_5588,11616.259125614357
00e12e8b_5589,11616.26187202856
00e12e8b_5590,11616.264618442767
00e12e8b_5591,11616.270065334873
00e12e8b_5592,11616.272811749077
00e12e8b_5593,11616.278258641183
00e12e8b_5594,11616.281005055387
00e12e8b_5595,11616.286451947493
00e12e8b_5596,11616.289198361697
00e12e8b_5597,11616.240418463898
00e12e8b_5598,11616.29739166801
00e12e8b_5599,11616.302838560114
00e12e8b_5600,11616.30558497432
00e12e8b_5601,11616.311031866426
00e12e8b_5602,11616.31377828063
00e12e8b_5603,11616.319225172736
00e12e8b_5604,11616.321971586942
00e12e8b_5605,11616.327418479046
00e12e8b_5606,11616.332865371152
00e12e8b_5607,11616.335611785356
00e12e8b_5608,11616.341058677463
00e12e8b_5609,11616.343805091668
00e12e8b_5610,11616.295025193867
00e12e8b_5611,11616.354698875879
00e12e8b_5612,11616.360145767985
00e12e8b_5613,11616.36289218219
00e12e8b_5614,11616.368339074295
00e12e8b_5615,11616.373785966402
00e12e8b_5616,11616.3223055907
00e12e8b_5617,11616.381979272712
00e12e8b_5618,11616.387426164818
00e12e8b_5619,11616.392873056924
00e12e8b_5620,11616.398319949029
00e12e8b_5621,11616.346839573327
00e12e8b_5622,11616.352286465433
00e12e8b_5623,11616.411960147445
00e12e8b_5624,11616.417407039551
00e12e8b_5625,11616.422853931657
00e12e8b_5626,11616.428300823762
00e12e8b_5627,11616.376820448062
00e12e8b_5628,11616.436494130074
00e12e8b_5629,11616.441941022178
00e12e8b_5630,11616.447387914284
00e12e8b_5631,11616.398608016483
00e12e8b_5632,11616.40405490859
00e12e8b_5633,11616.409501800696
00e12e8b_5634,11616.4149486928
00e12e8b_5635,11616.420395584908
00e12e8b_5636,11616.425842477012
00e12e8b_5637,11621.114432502527
00e12e8b_5638,11621.119879394631
00e12e8b_5639,11621.125326286738
00e12e8b_5640,11620.99642216375
00e12e8b_5641,11621.001869055854
00e12e8b_5642,11621.00731594796
00e12e8b_5643,11621.012762840064
00e12e8b_5644,11621.02091021007
00e12e8b_5645,11621.026357102177
00e12e8b_5646,11621.031803994283
00e12e8b_5647,11621.037250886387
00e12e8b_5648,11621.131162699377
00e12e8b_5649,11621.136609591482
00e12e8b_5650,11621.142056483588
00e12e8b_5651,11621.150203853595
00e12e8b_5652,11621.1556507457
00e12e8b_5653,11621.161097637807
00e12e8b_5654,11621.166544529911
00e12e8b_5655,11621.17469189992
00e12e8b_5656,11621.180138792024
00e12e8b_5657,11621.18558568413
00e12e8b_5658,11621.191032576236
00e12e8b_5659,11621.199179946241
00e12e8b_5660,11621.204626838347
00e12e8b_5661,11621.114692279303
00e12e8b_5662,11621.12013917141
00e12e8b_5663,11621.128286541414
00e12e8b_5664,11621.13373343352
00e12e8b_5665,11621.139180325627
00e12e8b_5666,11621.144627217733
00e12e8b_5667,11621.150074109839
00e12e8b_5668,11621.388884471475
00e12e8b_5669,11621.397031841481
00e12e8b_5670,11621.402478733587
00e12e8b_5671,11621.407925625694
00e12e8b_5672,11621.413372517798
00e12e8b_5673,11621.418819409904
00e12e8b_5674,11621.424266302009
00e12e8b_5675,11621.429713194117
00e12e8b_5676,11621.435160086221
00e12e8b_5677,11621.440606978327
00e12e8b_5678,11621.446053870433
00e12e8b_5679,11621.585851777634
00e12e8b_5680,11621.59399914764
00e12e8b_5681,11621.599446039745
00e12e8b_5682,11621.604892931853
00e12e8b_5683,11621.610339823957
00e12e8b_5684,11621.615786716064
00e12e8b_5685,11621.62123360817
00e12e8b_5686,11621.660787742521
00e12e8b_5687,11621.666234634627
00e12e8b_5688,11621.671681526732
00e12e8b_5689,11621.677128418838
00e12e8b_5690,11621.682575310944
00e12e8b_5691,11621.688022203049
00e12e8b_5692,11621.693469095157
00e12e8b_5693,11621.698915987261
00e12e8b_5694,11621.704362879367
00e12e8b_5695,11621.709809771472
00e12e8b_5696,11621.715256663578
00e12e8b_5697,11621.720703555684
00e12e8b_5698,11621.490086500356
00e12e8b_5699,11621.495533392463
00e12e8b_5700,11621.500980284567
00e12e8b_5701,11621.506427176673
00e12e8b_5702,11621.51187406878
00e12e8b_5703,11621.517320960886
00e12e8b_5704,11621.52006737509
00e12e8b_5705,11621.675122508252
00e12e8b_5706,11621.680569400358
00e12e8b_5707,11621.686016292464
00e12e8b_5708,11621.688762706668
00e12e8b_5709,11621.694209598774
00e12e8b_5710,11621.69965649088
00e12e8b_5711,11621.708105372298
00e12e8b_5712,11621.70784979719
00e12e8b_5713,11621.713296689297
00e12e8b_5714,11621.718743581401
00e12e8b_5715,11621.721489995607
00e12e8b_5716,11621.63847196683
00e12e8b_5717,11621.643918858936
00e12e8b_5718,11621.64666527314
00e12e8b_5719,11621.652112165246
00e12e8b_5720,11621.657559057352
00e12e8b_5721,11621.663307460869
00e12e8b_5722,11621.665752363662
00e12e8b_5723,11621.671500767177
00e12e8b_5724,11621.676947659285
00e12e8b_5725,11621.68239455139
00e12e8b_5726,11621.685140965596
00e12e8b_5727,11621.690587857702
00e12e8b_5728,11621.693334271906
00e12e8b_5729,11621.69878116401
00e12e8b_5730,11621.698525588905
00e12e8b_5731,11621.706974470322
00e12e8b_5732,11621.709720884526
00e12e8b_5733,11621.715167776632
00e12e8b_5734,11621.717914190838
00e12e8b_5735,11621.720359093633
00e12e8b_5736,11621.726107497148
00e12e8b_5737,11621.728552399942
00e12e8b_5738,11621.734300803459
00e12e8b_5739,11621.739747695565
00e12e8b_5740,11621.74249410977
00e12e8b_5741,11621.747941001875
00e12e8b_5742,11621.75068741608
00e12e8b_5743,11621.753433830285
00e12e8b_5744,11621.758880722391
00e12e8b_5745,11618.65807028616
00e12e8b_5746,11618.660816700365
00e12e8b_5747,11618.66626359247
00e12e8b_5748,11618.666008017364
00e12e8b_5749,11618.674456898782
00e12e8b_5750,11618.674201323674
00e12e8b_5751,11618.67694773788
00e12e8b_5752,11618.679694152084
00e12e8b_5753,11618.688143033502
00e12e8b_5754,11618.690889447706
00e12e8b_5755,11618.6933343505
00e12e8b_5756,11618.696080764705
00e12e8b_5757,11618.701527656813
00e12e8b_5758,11618.704274071017
00e12e8b_5759,11618.709720963123
00e12e8b_5760,11618.712467377327
00e12e8b_5761,11618.720916258742
00e12e8b_5762,11618.723662672948
00e12e8b_5763,11618.726107575745
00e12e8b_5764,11618.734556457159
00e12e8b_5765,11618.734300882054
00e12e8b_5766,11618.73974777416
00e12e8b_5767,11618.745194666266
00e12e8b_5768,11618.753643547683
00e12e8b_5769,11618.753387972578
00e12e8b_5770,11618.758834864682
00e12e8b_5771,11618.764281756787
00e12e8b_5772,11618.769728648895
00e12e8b_5773,11618.77817753031
00e12e8b_5774,11618.783624422416
00e12e8b_5775,11618.786069325211
00e12e8b_5776,11618.794518206627
00e12e8b_5777,11618.799965098733
00e12e8b_5778,11618.805411990837
00e12e8b_5779,11618.810858882944
00e12e8b_5780,11618.81330378574
00e12e8b_5781,11618.824453145056
00e12e8b_5782,11618.826898047852
00e12e8b_5783,11618.832344939958
00e12e8b_5784,11618.837791832062
00e12e8b_5785,11618.845939202069
00e12e8b_5786,11618.851386094175
00e12e8b_5787,11618.856832986281
00e12e8b_5788,11618.867982345597
00e12e8b_5789,11618.873429237703
00e12e8b_5790,11618.88157660771
00e12e8b_5791,11618.887023499816
00e12e8b_5792,11618.892470391922
00e12e8b_5793,11618.900617761927
00e12e8b_5794,11618.908765131935
00e12e8b_5795,11618.91421202404
00e12e8b_5796,11618.922359394046
00e12e8b_5797,11618.927806286152
00e12e8b_5798,11618.935953656157
00e12e8b_5799,11618.944101026163
00e12e8b_5800,11618.94954791827
00e12e8b_5801,11618.957695288276
00e12e8b_5802,11618.937390582321
00e12e8b_5803,11618.97399002829
00e12e8b_5804,11618.982137398296
00e12e8b_5805,11618.990284768302
00e12e8b_5806,11618.995731660409
00e12e8b_5807,11619.003879030413
00e12e8b_5808,11619.00902441111
00e12e8b_5809,11619.020173770426
00e12e8b_5810,11619.025319151124
00e12e8b_5811,11619.03646851044
00e12e8b_5812,11619.044615880448
00e12e8b_5813,11619.052461739044
00e12e8b_5814,11619.06361109836
00e12e8b_5815,11619.071758468366
00e12e8b_5816,11619.079905838373
00e12e8b_5817,11619.08805320838
00e12e8b_5818,11619.098901056288
00e12e8b_5819,11619.107048426293
00e12e8b_5820,11619.112193806988
00e12e8b_5821,11619.120341176997
00e12e8b_5822,11619.134191014215
00e12e8b_5823,11619.14233838422
00e12e8b_5824,11619.153186232128
00e12e8b_5825,11619.161333602133
00e12e8b_5826,11619.172181450042
00e12e8b_5827,11619.180328820048
00e12e8b_5828,11619.191176667955
00e12e8b_5829,11619.19932403796
00e12e8b_5830,11619.210171885868
00e12e8b_5831,11619.215317266564
00e12e8b_5832,11619.229167103782
00e12e8b_5833,11619.237012962378
00e12e8b_5834,11619.245160332384
00e12e8b_5835,11619.259010169602
00e12e8b_5836,11619.26985801751
00e12e8b_5837,11619.280705865418
00e12e8b_5838,11619.291553713323
00e12e8b_5839,11619.302401561232
00e12e8b_5840,11619.310548931237
00e12e8b_5841,11619.321396779145
00e12e8b_5842,11619.332244627052
00e12e8b_5843,11619.34309247496
00e12e8b_5844,11619.353940322866
00e12e8b_5845,11619.364788170773
00e12e8b_5846,11619.37263402937
00e12e8b_5847,11619.383481877278
00e12e8b_5848,11619.397331714496
00e12e8b_5849,11619.410880040303
00e12e8b_5850,11619.42172788821
00e12e8b_5851,11619.432575736118
00e12e8b_5852,11619.443423584024
00e12e8b_5853,11619.454271431932
00e12e8b_5854,11619.462117290528
00e12e8b_5855,11619.475967127746
00e12e8b_5856,11619.486814975653
00e12e8b_5857,11619.49766282356
00e12e8b_5858,11619.508510671469
00e12e8b_5859,11619.519358519376
00e12e8b_5860,11619.530206367283
00e12e8b_5861,11619.543754693092
00e12e8b_5862,11619.554602540997
00e12e8b_5863,11619.562448399594
00e12e8b_5864,11619.573296247501
00e12e8b_5865,11619.58414409541
00e12e8b_5866,11619.594991943317
00e12e8b_5867,11619.608841780533
00e12e8b_5868,11619.619689628442
00e12e8b_5869,11619.63323795425
00e12e8b_5870,11619.641083812847
00e12e8b_5871,11619.654933650063
00e12e8b_5872,11619.66578149797
00e12e8b_5873,11619.673627356568
00e12e8b_5874,11619.687477193786
00e12e8b_5875,11619.698325041692
00e12e8b_5876,11619.7118733675
00e12e8b_5877,11619.722721215407
00e12e8b_5878,11619.733569063315
00e12e8b_5879,11619.741414921911
00e12e8b_5880,11619.75526475913
00e12e8b_5881,11619.763110617725
00e12e8b_5882,11619.776658943534
00e12e8b_5883,11619.787506791441
00e12e8b_5884,11619.801356628657
00e12e8b_5885,11619.809202487257
00e12e8b_5886,11619.765823545256
00e12e8b_5887,11619.779371871064
00e12e8b_5888,11619.790219718972
00e12e8b_5889,11619.80106756688
00e12e8b_5890,11619.818273986153
00e12e8b_5891,11619.819486719325
00e12e8b_5892,11619.833035045132
00e12e8b_5893,11619.709531877945
00e12e8b_5894,11619.720379725852
00e12e8b_5895,11619.731227573759
00e12e8b_5896,11619.754411014303
00e12e8b_5897,11619.76525886221
00e12e8b_5898,11619.776106710116
00e12e8b_5899,11619.786954558023
00e12e8b_5900,11619.79780240593
00e12e8b_5901,11619.81135073174
00e12e8b_5902,11619.822198579646
00e12e8b_5903,11619.826687856186
00e12e8b_5904,11619.837535704093
00e12e8b_5905,11619.851084029902
00e12e8b_5906,11619.861931877807
00e12e8b_5907,11620.00713074081
00e12e8b_5908,11620.02067906662
00e12e8b_5909,11620.085753704432
00e12e8b_5910,11620.042374762434
00e12e8b_5911,11620.05322261034
00e12e8b_5912,11620.120997726055
00e12e8b_5913,11620.131845573962
00e12e8b_5914,11620.14569541118
00e12e8b_5915,11620.156241747678
00e12e8b_5916,11620.167089595585
00e12e8b_5917,11620.177937443492
00e12e8b_5918,11620.188785291399
00e12e8b_5919,11620.1481068273
00e12e8b_5920,11620.247419596091
00e12e8b_5921,11620.258267443998
00e12e8b_5922,11620.271815769805
00e12e8b_5923,11620.289022189081
00e12e8b_5924,11620.299870036986
00e12e8b_5925,11620.30378324806
00e12e8b_5926,11620.180280080873
00e12e8b_5927,11620.19112792878
00e12e8b_5928,11620.109294803437
00e12e8b_5929,11620.120142651343
00e12e8b_5930,11620.140625613985
00e12e8b_5931,11620.377902294591
00e12e8b_5932,11620.469036876277
00e12e8b_5933,11620.235979691211
00e12e8b_5934,11620.413146316214
00e12e8b_5935,11620.433629278856
00e12e8b_5936,11620.661893685348
00e12e8b_5937,11620.458025452572
00e12e8b_5938,11620.459238185744
00e12e8b_5939,11620.472786511551
00e12e8b_5940,11620.483634359458
00e12e8b_5941,11620.494482207367
00e12e8b_5942,11620.508030533174
00e12e8b_5943,11620.522154924449
00e12e8b_5944,11620.533002772356
00e12e8b_5945,11620.546551098163
00e12e8b_5946,11620.55739894607
00e12e8b_5947,11620.568246793977
00e12e8b_5948,11620.579094641886
00e12e8b_5949,11620.58994248979
00e12e8b_5950,11620.6007903377
00e12e8b_5951,11620.611638185606
00e12e8b_5952,11620.622486033513
00e12e8b_5953,11620.63333388142
00e12e8b_5954,11620.644181729327
00e12e8b_5955,11620.655029577236
00e12e8b_5956,11620.665877425143
00e12e8b_5957,11620.67672527305
00e12e8b_5958,11620.684872643056
00e12e8b_5959,11620.695720490963
00e12e8b_5960,11620.70656833887
00e12e8b_5961,11620.717416186777
00e12e8b_5962,11620.725563556784
00e12e8b_5963,11620.73641140469
00e12e8b_5964,11620.744558774697
00e12e8b_5965,11620.731028786666
00e12e8b_5966,11620.74849757995
00e12e8b_5967,11620.82703419499
00e12e8b_5968,11620.815627727445
00e12e8b_5969,11621.063852833831
00e12e8b_5970,11620.8377302856
00e12e8b_5971,11620.848578133508
00e12e8b_5972,11620.856725503516
00e12e8b_5973,11620.86487287352
00e12e8b_5974,11620.86666167216
00e12e8b_5975,11620.877509520067
00e12e8b_5976,11620.885656890074
00e12e8b_5977,11621.128074178318
00e12e8b_5978,11620.901951630087
00e12e8b_5979,11620.910099000093
00e12e8b_5980,11620.9182463701
00e12e8b_5981,11621.156624241019
00e12e8b_5982,11621.16881102835
00e12e8b_5983,11621.172918981032
00e12e8b_5984,11621.121075094698
00e12e8b_5985,11621.122601519326
00e12e8b_5986,11621.130748889333
00e12e8b_5987,11621.13889625934
00e12e8b_5988,11621.25832814585
00e12e8b_5989,11621.29050597021
00e12e8b_5990,11621.362684013882
00e12e8b_5991,11621.13386098775
00e12e8b_5992,11621.142008357756
00e12e8b_5993,11621.320394972336
00e12e8b_5994,11621.389872538108
00e12e8b_5995,11621.39398049079
00e12e8b_5996,11621.403466800219
00e12e8b_5997,11621.340962551181
00e12e8b_5998,11621.417061062331
00e12e8b_5999,11621.190938514099
00e12e8b_6000,11621.196385406205
00e12e8b_6001,11621.436102216549
00e12e8b_6002,11621.441549108655
00e12e8b_6003,11621.385665804995
00e12e8b_6004,11621.384491751724
00e12e8b_6005,11621.389938643828
00e12e8b_6006,11621.401744107301
00e12e8b_6007,11621.407190999407
00e12e8b_6008,11621.415338369414
00e12e8b_6009,11621.42078526152
00e12e8b_6010,11621.423124813382
00e12e8b_6011,11621.207497053436
00e12e8b_6012,11621.212943945542
00e12e8b_6013,11621.215690359746
00e12e8b_6014,11621.221137251852
00e12e8b_6015,11621.226584143958
00e12e8b_6016,11621.232031036063
00e12e8b_6017,11621.237477928169
00e12e8b_6018,11621.242924820275
00e12e8b_6019,11621.24567123448
00e12e8b_6020,11621.251118126585
00e12e8b_6021,11621.256565018692
00e12e8b_6022,11621.259311432896
00e12e8b_6023,11621.264758325002
00e12e8b_6024,11621.25009523023
00e12e8b_6025,11621.255542122337
00e12e8b_6026,11621.258288536541
00e12e8b_6027,11621.263735428647
00e12e8b_6028,11621.266481842853
00e12e8b_6029,11621.271928734957
00e12e8b_6030,11621.274675149161
00e12e8b_6031,11621.277421563369
00e12e8b_6032,11621.282868455473
00e12e8b_6033,11621.285614869677
00e12e8b_6034,11621.288361283883
00e12e8b_6035,11621.291107698089
00e12e8b_6036,11621.300212683662
00e12e8b_6037,11621.302959097866
00e12e8b_6038,11621.302047418603
00e12e8b_6039,11621.304793832809
00e12e8b_6040,11621.307540247013
00e12e8b_6041,11621.310286661219
00e12e8b_6042,11621.313033075423
00e12e8b_6043,11621.315779489629
00e12e8b_6044,11621.318525903833
00e12e8b_6045,11621.321272318037
00e12e8b_6046,11621.324018732244
00e12e8b_6047,11621.326765146448
00e12e8b_6048,11621.332212038553
00e12e8b_6049,11621.334958452759
00e12e8b_6050,11621.337704866964
00e12e8b_6051,11621.340451281168
00e12e8b_6052,11621.343197695374
00e12e8b_6053,11621.370321945518
00e12e8b_6054,11621.373068359724
00e12e8b_6055,11621.375814773928
00e12e8b_6056,11621.378561188132
00e12e8b_6057,11621.381307602338
00e12e8b_6058,11621.39041258791
00e12e8b_6059,11621.393159002115
00e12e8b_6060,11621.39590541632
00e12e8b_6061,11621.398651830525
00e12e8b_6062,11621.395039673363
00e12e8b_6063,11621.397786087568
00e12e8b_6064,11621.400532501773
00e12e8b_6065,11621.400578438077
00e12e8b_6066,11621.403324852283
00e12e8b_6067,11621.406071266487
00e12e8b_6068,11621.408817680693
00e12e8b_6069,11621.411564094897
00e12e8b_6070,11621.414310509103
00e12e8b_6071,11621.551407938403
00e12e8b_6072,11621.554154352607
00e12e8b_6073,11621.556900766813
00e12e8b_6074,11621.559647181017
00e12e8b_6075,11621.425342102226
00e12e8b_6076,11621.42808851643
00e12e8b_6077,11621.430834930636
00e12e8b_6078,11621.439939916207
00e12e8b_6079,11621.442686330412
00e12e8b_6080,11621.445432744618
00e12e8b_6081,11621.448179158822
00e12e8b_6082,11621.448225095126
00e12e8b_6083,11621.444612937965
00e12e8b_6084,11621.447359352169
00e12e8b_6085,11621.450105766375
00e12e8b_6086,11621.452852180579
00e12e8b_6087,11621.452898116884
00e12e8b_6088,11621.455644531088
00e12e8b_6089,11621.458390945294
00e12e8b_6090,11621.4611373595
00e12e8b_6091,11621.461183295803
00e12e8b_6092,11621.463929710008
00e12e8b_6093,11621.466676124212
00e12e8b_6094,11621.469422538417
00e12e8b_6095,11621.475827046088
00e12e8b_6096,11621.478573460294
00e12e8b_6097,11621.4813198745
00e12e8b_6098,11621.60935825453
00e12e8b_6099,11621.612104668737
00e12e8b_6100,11621.61485108294
00e12e8b_6101,11621.614897019244
00e12e8b_6102,11621.61764343345
00e12e8b_6103,11621.620389847656
00e12e8b_6104,11621.62043578396
00e12e8b_6105,11621.623182198164
00e12e8b_6106,11621.62592861237
00e12e8b_6107,11621.625974548673
00e12e8b_6108,11621.628720962879
00e12e8b_6109,11621.631467377083
00e12e8b_6110,11621.631513313387
00e12e8b_6111,11621.634259727593
00e12e8b_6112,11621.634305663898
00e12e8b_6113,11621.403688608569
00e12e8b_6114,11621.403734544874
00e12e8b_6115,11621.406480959078
00e12e8b_6116,11621.409227373282
00e12e8b_6117,11621.409273309588
00e12e8b_6118,11621.412019723793
00e12e8b_6119,11621.412065660097
00e12e8b_6120,11621.414812074301
00e12e8b_6121,11621.414858010607
00e12e8b_6122,11621.41760442481
00e12e8b_6123,11621.417650361116
00e12e8b_6124,11621.42039677532
00e12e8b_6125,11621.570050952681
00e12e8b_6126,11621.572797366887
00e12e8b_6127,11621.57284330319
00e12e8b_6128,11621.575589717397
00e12e8b_6129,11621.5756356537
00e12e8b_6130,11621.524155277997
00e12e8b_6131,11621.524201214303
00e12e8b_6132,11621.526947628507
00e12e8b_6133,11621.52699356481
00e12e8b_6134,11621.529739979016
00e12e8b_6135,11621.52978591532
00e12e8b_6136,11621.529831851623
00e12e8b_6137,11621.53257826583
00e12e8b_6138,11621.532624202133
00e12e8b_6139,11621.401019601242
00e12e8b_6140,11621.401065537546
00e12e8b_6141,11621.401111473851
00e12e8b_6142,11621.403857888057
00e12e8b_6143,11621.40390382436
00e12e8b_6144,11621.369061182017
00e12e8b_6145,11621.36910711832
00e12e8b_6146,11621.369153054624
00e12e8b_6147,11621.371899468832
00e12e8b_6148,11621.371945405135
00e12e8b_6149,11621.371991341439
00e12e8b_6150,11621.374737755643
00e12e8b_6151,11621.374783691947
00e12e8b_6152,11621.374829628252
00e12e8b_6153,11621.377576042458
00e12e8b_6154,11621.377621978761
00e12e8b_6155,11621.377667915065
00e12e8b_6156,11621.377713851369
00e12e8b_6157,11621.380460265575
00e12e8b_6158,11621.514857216975
00e12e8b_6159,11621.514903153278
00e12e8b_6160,11621.517649567482
00e12e8b_6161,11621.517695503788
00e12e8b_6162,11621.517741440091
00e12e8b_6163,11621.517787376397
00e12e8b_6164,11621.5205337906
00e12e8b_6165,11621.520579726905
00e12e8b_6166,11621.386274648114
00e12e8b_6167,11621.386320584417
00e12e8b_6168,11621.293685547473
00e12e8b_6169,11621.293731483776
00e12e8b_6170,11621.29377742008
00e12e8b_6171,11621.293823356384
00e12e8b_6172,11621.29386929269
00e12e8b_6173,11621.293915228993
00e12e8b_6174,11621.296661643197
00e12e8b_6175,11621.30306615087
00e12e8b_6176,11621.303112087175
00e12e8b_6177,11621.437509038573
00e12e8b_6178,11621.437554974877
00e12e8b_6179,11621.431242339813
00e12e8b_6180,11621.433988754019
00e12e8b_6181,11621.434034690323
00e12e8b_6182,11621.434080626628
00e12e8b_6183,11621.434126562932
00e12e8b_6184,11621.329585792992
00e12e8b_6185,11621.329631729295
00e12e8b_6186,11621.329677665599
00e12e8b_6187,11621.329723601904
00e12e8b_6188,11621.329769538208
00e12e8b_6189,11621.332515952412
00e12e8b_6190,11621.332561888717
00e12e8b_6191,11621.427989276172
00e12e8b_6192,11621.428035212475
00e12e8b_6193,11621.482307938688
00e12e8b_6194,11621.482353874992
00e12e8b_6195,11621.482399811295
00e12e8b_6196,11621.48544773691
00e12e8b_6197,11621.485493673215
00e12e8b_6198,11621.482537620208
00e12e8b_6199,11621.482583556513
00e12e8b_6200,11621.482629492817
00e12e8b_6201,11621.48267542912
00e12e8b_6202,11621.482721365424
00e12e8b_6203,11621.482767301728
00e12e8b_6204,11621.482813238033
00e12e8b_6205,11621.397396242764
00e12e8b_6206,11621.394440189759
00e12e8b_6207,11621.394486126062
00e12e8b_6208,11621.394532062368
00e12e8b_6209,11621.394577998672
00e12e8b_6210,11621.397625924285
00e12e8b_6211,11621.39767186059
00e12e8b_6212,11621.394715807583
00e12e8b_6213,11621.3977637332
00e12e8b_6214,11622.288645085886
00e12e8b_6215,11622.28599054429
00e12e8b_6216,11622.286036480593
00e12e8b_6217,11622.283080427587
00e12e8b_6218,11622.2861283532
00e12e8b_6219,11622.286174289506
00e12e8b_6220,11622.28622022581
00e12e8b_6221,11622.286266162113
00e12e8b_6222,11622.286312098418
00e12e8b_6223,11622.286358034722
00e12e8b_6224,11622.283703493125
00e12e8b_6225,11622.28074744012
00e12e8b_6226,11622.283795365733
00e12e8b_6227,11622.283841302036
00e12e8b_6228,11622.28088524903
00e12e8b_6229,11622.283933174647
00e12e8b_6230,11622.28127863305
00e12e8b_6231,11622.278322580043
00e12e8b_6232,11622.281370505658
00e12e8b_6233,11622.281416441961
00e12e8b_6234,11622.278761900365
00e12e8b_6235,11622.27580584736
00e12e8b_6236,11622.278853772974
00e12e8b_6237,11622.278899709278
00e12e8b_6238,11622.27624516768
00e12e8b_6239,11622.273289114675
00e12e8b_6240,11622.27333505098
00e12e8b_6241,11622.273682498693
00e12e8b_6242,11622.270726445688
00e12e8b_6243,11622.270772381991
00e12e8b_6244,11622.268117840395
00e12e8b_6245,11622.268163776698
00e12e8b_6246,11622.268209713004
00e12e8b_6247,11622.265555171407
00e12e8b_6248,11622.268603097022
00e12e8b_6249,11622.262946566114
00e12e8b_6250,11622.26299250242
00e12e8b_6251,11622.263038438723
00e12e8b_6252,11622.260383897126
00e12e8b_6253,11622.263431822741
00e12e8b_6254,11622.257775291833
00e12e8b_6255,11622.260823217448
00e12e8b_6256,11622.255166686542
00e12e8b_6257,11622.258214612157
00e12e8b_6258,11622.25556007056
00e12e8b_6259,11622.255606006864
00e12e8b_6260,11622.252951465267
00e12e8b_6261,11622.249995412261
00e12e8b_6262,11622.250342859974
00e12e8b_6263,11622.247688318377
00e12e8b_6264,11622.247734254683
00e12e8b_6265,11622.245079713084
00e12e8b_6266,11622.24512564939
00e12e8b_6267,11622.242471107793
00e12e8b_6268,11622.239816566196
00e12e8b_6269,11622.239862502502
00e12e8b_6270,11622.237207960905
00e12e8b_6271,11622.237253897209
00e12e8b_6272,11622.234599355612
00e12e8b_6273,11622.228942824706
00e12e8b_6274,11622.231990750319
00e12e8b_6275,11622.229336208722
00e12e8b_6276,11622.226681667125
00e12e8b_6277,11622.22102513622
00e12e8b_6278,11622.221071072523
00e12e8b_6279,11622.218416530928
00e12e8b_6280,11622.215761989331
00e12e8b_6281,11622.213107447735
00e12e8b_6282,11622.21315338404
00e12e8b_6283,11622.210498842442
00e12e8b_6284,11622.207844300847
00e12e8b_6285,11622.20518975925
00e12e8b_6286,11622.151008905646
00e12e8b_6287,11622.14835436405
00e12e8b_6288,11622.145699822453
00e12e8b_6289,11622.143045280856
00e12e8b_6290,11622.14039073926
00e12e8b_6291,11622.137736197663
00e12e8b_6292,11622.135081656066
00e12e8b_6293,11622.13512759237
00e12e8b_6294,11622.132473050775
00e12e8b_6295,11622.129818509176
00e12e8b_6296,11622.127163967582
00e12e8b_6297,11622.124509425985
00e12e8b_6298,11622.121854884388
00e12e8b_6299,11622.119200342791
00e12e8b_6300,11622.116545801195
00e12e8b_6301,11622.113891259598
00e12e8b_6302,11622.11759528937
00e12e8b_6303,11621.980589732677
00e12e8b_6304,11621.977935191082
00e12e8b_6305,11621.975280649483
00e12e8b_6306,11621.972626107889
00e12e8b_6307,11621.969971566292
00e12e8b_6308,11621.967317024695
00e12e8b_6309,11621.958303911731
00e12e8b_6310,11621.955649370135
00e12e8b_6311,11621.952994828538
00e12e8b_6312,11622.010925648214
00e12e8b_6313,11621.954044316712
00e12e8b_6314,11622.005616565022
00e12e8b_6315,11621.948735233518
00e12e8b_6316,11622.077731229117
00e12e8b_6317,11622.163541608403
00e12e8b_6318,11622.154528495439
00e12e8b_6319,11622.151873953844
00e12e8b_6320,11622.149219412247
00e12e8b_6321,11622.14656487065
00e12e8b_6322,11622.009559313958
00e12e8b_6323,11622.00420429446
00e12e8b_6324,11622.001549752864
00e12e8b_6325,11621.998895211269
00e12e8b_6326,11621.99624066967
00e12e8b_6327,11621.898204676923
00e12e8b_6328,11621.895550135327
00e12e8b_6329,11621.89019511583
00e12e8b_6330,11621.887540574233
00e12e8b_6331,11621.884886032636
00e12e8b_6332,11621.88223149104
00e12e8b_6333,11622.112940418974
00e12e8b_6334,11622.11028587738
00e12e8b_6335,11622.10493085788
00e12e8b_6336,11622.108634887652
00e12e8b_6337,11622.105980346056
00e12e8b_6338,11622.103325804459
00e12e8b_6339,11622.235022277957
00e12e8b_6340,11621.992645695462
00e12e8b_6341,11621.987290675965
00e12e8b_6342,11621.984636134368
00e12e8b_6343,11621.984983582082
00e12e8b_6344,11621.979327051175
00e12e8b_6345,11621.976672509578
00e12e8b_6346,11621.977019957292
00e12e8b_6347,11621.968662948484
00e12e8b_6348,11621.966008406887
00e12e8b_6349,11621.96335386529
00e12e8b_6350,11621.960699323694
00e12e8b_6351,11621.958044782099
00e12e8b_6352,11622.102298003658
00e12e8b_6353,11622.099643462061
00e12e8b_6354,11622.042762130559
00e12e8b_6355,11622.040107588962
00e12e8b_6356,11622.037453047365
00e12e8b_6357,11622.089025295676
00e12e8b_6358,11622.083670276179
00e12e8b_6359,11622.081015734582
00e12e8b_6360,11622.078361192986
00e12e8b_6361,11622.075706651389
00e12e8b_6362,11622.076054099103
00e12e8b_6363,11622.070397568195
00e12e8b_6364,11622.065042548698
00e12e8b_6365,11622.062388007102
00e12e8b_6366,11622.059733465505
00e12e8b_6367,11622.002852134003
00e12e8b_6368,11622.054424382313
00e12e8b_6369,11621.963606431244
00e12e8b_6370,11621.960951889647
00e12e8b_6371,11621.95829734805
00e12e8b_6372,11621.955642806453
00e12e8b_6373,11621.952988264857
00e12e8b_6374,11621.947331733949
00e12e8b_6375,11621.944978703763
00e12e8b_6376,11621.939322172855
00e12e8b_6377,11621.936667631258
00e12e8b_6378,11621.934013089662
00e12e8b_6379,11621.934360537376
00e12e8b_6380,11621.926003528568
00e12e8b_6381,11621.926350976282
00e12e8b_6382,11621.923696434686
00e12e8b_6383,11621.921041893089
