id,tvt
000d7d20_1442,11747.36658787292
000d7d20_1443,11747.376516227556
000d7d20_1444,11747.38637774314
000d7d20_1445,11747.39701198406
000d7d20_1446,11747.407561360182
000d7d20_1447,11747.41924236932
000d7d20_1448,11747.418760892608
000d7d20_1449,11747.427621743773
000d7d20_1450,11747.436079279212
000d7d20_1451,11747.44446100505
000d7d20_1452,11747.437955082438
000d7d20_1453,11747.44938478853
000d7d20_1454,11747.454526659618
000d7d20_1455,11747.457551895524
000d7d20_1456,11747.468125722342
000d7d20_1457,11747.47632354472
000d7d20_1458,11747.476794987297
000d7d20_1459,11747.486282686872
000d7d20_1460,11747.486885894905
000d7d20_1461,11747.494287084832
000d7d20_1462,11747.497443822578
000d7d20_1463,11747.487506912985
000d7d20_1464,11747.49882274874
000d7d20_1465,11747.497985154105
000d7d20_1466,11747.497240142482
000d7d20_1467,11747.507058259602
000d7d20_1468,11747.511092168044
000d7d20_1469,11747.51075971988
000d7d20_1470,11747.510517395514
000d7d20_1471,11747.508655590216
000d7d20_1472,11747.51613457694
000d7d20_1473,11747.522691243734
000d7d20_1474,11747.517704799106
000d7d20_1475,11747.51320174205
000d7d20_1476,11747.510247763224
000d7d20_1477,11747.520025218211
000d7d20_1478,11747.518788282578
000d7d20_1479,11747.52155934841
000d7d20_1480,11747.52077799365
000d7d20_1481,11747.526006858663
000d7d20_1482,11747.52600685866
000d7d20_1483,11747.516140046231
000d7d20_1484,11747.506865611149
000d7d20_1485,11747.506914780755
000d7d20_1486,11747.496758128516
000d7d20_1487,11747.495497383134
000d7d20_1488,11747.491510575832
000d7d20_1489,11747.474954488584
000d7d20_1490,11747.467507249605
000d7d20_1491,11747.470898226506
000d7d20_1492,11747.469424454452
000d7d20_1493,11747.465256623786
000d7d20_1494,11747.468062015274
000d7d20_1495,11747.46371256773
000d7d20_1496,11747.45172399777
000d7d20_1497,11747.462230638515
000d7d20_1498,11747.461765328251
000d7d20_1499,11747.451584049277
000d7d20_1500,11747.45836205374
000d7d20_1501,11747.488227776736
000d7d20_1502,11747.52140919487
000d7d20_1503,11747.538432657871
000d7d20_1504,11747.561409636468
000d7d20_1505,11747.599784439091
000d7d20_1506,11747.623539275924
000d7d20_1507,11747.649400601193
000d7d20_1508,11747.670320213403
000d7d20_1509,11747.6869356746
000d7d20_1510,11747.709522370962
000d7d20_1511,11747.733704303935
000d7d20_1512,11747.748136959392
000d7d20_1513,11747.775298903283
000d7d20_1514,11747.80806986047
000d7d20_1515,11747.844962976566
000d7d20_1516,11747.870427613563
000d7d20_1517,11747.899442699623
000d7d20_1518,11747.907923487395
000d7d20_1519,11747.938057282854
000d7d20_1520,11747.965272772724
000d7d20_1521,11747.988545917642
000d7d20_1522,11747.995803137475
000d7d20_1523,11748.027212191122
000d7d20_1524,11748.043688713597
000d7d20_1525,11748.066659167338
000d7d20_1526,11748.10585296
000d7d20_1527,11748.128126189682
000d7d20_1528,11748.136516759208
000d7d20_1529,11748.176623064068
000d7d20_1530,11748.183988565452
000d7d20_1531,11748.207027518296
000d7d20_1532,11748.229425969326
000d7d20_1533,11748.244887596324
000d7d20_1534,11748.261638368342
000d7d20_1535,11748.291920000209
000d7d20_1536,11748.312723312856
000d7d20_1537,11748.33248966608
000d7d20_1538,11748.365509704568
000d7d20_1539,11748.375343293414
000d7d20_1540,11748.393592675817
000d7d20_1541,11748.424248944602
000d7d20_1542,11748.437494015552
000d7d20_1543,11748.452691310777
000d7d20_1544,11748.483212845787
000d7d20_1545,11748.493829174651
000d7d20_1546,11748.514273470711
000d7d20_1547,11748.54532955709
000d7d20_1548,11748.56399232781
000d7d20_1549,11748.572970484556
000d7d20_1550,11748.602928715933
000d7d20_1551,11748.6217902726
000d7d20_1552,11748.641832909552
000d7d20_1553,11748.664811956016
000d7d20_1554,11748.683716820307
000d7d20_1555,11748.706088842007
000d7d20_1556,11748.73391838008
000d7d20_1557,11748.748745675895
000d7d20_1558,11748.76553205999
000d7d20_1559,11748.795378932493
000d7d20_1560,11748.800813250467
000d7d20_1561,11748.822483795484
000d7d20_1562,11748.842125237808
000d7d20_1563,11748.86015981157
000d7d20_1564,11748.87914893558
000d7d20_1565,11748.901866008797
000d7d20_1566,11748.920005287062
000d7d20_1567,11748.929081811271
000d7d20_1568,11748.959279887004
000d7d20_1569,11748.979777707664
000d7d20_1570,11748.989502005135
000d7d20_1571,11749.018726898892
000d7d20_1572,11749.030626914366
000d7d20_1573,11749.050581311823
000d7d20_1574,11749.072760993078
000d7d20_1575,11749.09135928463
000d7d20_1576,11749.100832369482
000d7d20_1577,11749.129601501898
000d7d20_1578,11749.138671660528
000d7d20_1579,11749.160880834366
000d7d20_1580,11749.18091523193
000d7d20_1581,11749.20151990912
000d7d20_1582,11749.221841544657
000d7d20_1583,11749.240982075758
000d7d20_1584,11749.250390929885
000d7d20_1585,11749.281410096297
000d7d20_1586,11749.288659955224
000d7d20_1587,11749.29912608092
000d7d20_1588,11749.330859841431
000d7d20_1589,11749.342163554518
000d7d20_1590,11749.361916997834
000d7d20_1591,11749.379996433108
000d7d20_1592,11749.391079974694
000d7d20_1593,11749.409544708367
000d7d20_1594,11749.429915390148
000d7d20_1595,11749.439895864618
000d7d20_1596,11749.459806511995
000d7d20_1597,11749.480052894509
000d7d20_1598,11749.489788640616
000d7d20_1599,11749.509744242596
000d7d20_1600,11749.529347831814
000d7d20_1601,11749.539536735772
000d7d20_1602,11749.559680146634
000d7d20_1603,11749.581253658773
000d7d20_1604,11749.590650942262
000d7d20_1605,11749.610241102062
000d7d20_1606,11749.630174022668
000d7d20_1607,11749.640341979057
000d7d20_1608,11749.661570133025
000d7d20_1609,11749.681046908225
000d7d20_1610,11749.70157047546
000d7d20_1611,11749.711573955265
000d7d20_1612,11749.732198600344
000d7d20_1613,11749.751300983626
000d7d20_1614,11749.761312265
000d7d20_1615,11749.780566005971
000d7d20_1616,11749.8012239319
000d7d20_1617,11749.811128446314
000d7d20_1618,11749.840986667166
000d7d20_1619,11749.85094229662
000d7d20_1620,11749.86114091504
000d7d20_1621,11749.881691316888
000d7d20_1622,11749.890542799909
000d7d20_1623,11749.899804830617
000d7d20_1624,11749.919622996727
000d7d20_1625,11749.929447979952
000d7d20_1626,11749.949571927844
000d7d20_1627,11749.959411394935
000d7d20_1628,11749.979430331943
000d7d20_1629,11749.999350328471
000d7d20_1630,11750.009333533904
000d7d20_1631,11749.999889051553
000d7d20_1632,11749.979421967297
000d7d20_1633,11749.960599301416
000d7d20_1634,11749.96014186744
000d7d20_1635,11749.940871073642
000d7d20_1636,11749.930815312491
000d7d20_1637,11749.910757727572
000d7d20_1638,11749.900512449938
000d7d20_1639,11749.890581544334
000d7d20_1640,11749.870806522216
000d7d20_1641,11749.86094193139
000d7d20_1642,11749.85097636666
000d7d20_1643,11749.8407257214
000d7d20_1644,11749.821116714456
000d7d20_1645,11749.800688900476
000d7d20_1646,11749.800082512458
000d7d20_1647,11749.780104739031
000d7d20_1648,11749.77017341056
000d7d20_1649,11749.750302069466
000d7d20_1650,11749.750439097505
000d7d20_1651,11749.729805443008
000d7d20_1652,11749.71995905094
000d7d20_1653,11749.700072898306
000d7d20_1654,11749.690805138209
000d7d20_1655,11749.679889686313
000d7d20_1656,11749.66028544089
000d7d20_1657,11749.651773265206
000d7d20_1658,11749.640341838867
000d7d20_1659,11749.630011208856
000d7d20_1660,11749.611439249293
000d7d20_1661,11749.60055530815
000d7d20_1662,11749.590964855435
000d7d20_1663,11749.571041288487
000d7d20_1664,11749.560676327616
000d7d20_1665,11749.54097743582
000d7d20_1666,11749.542289188012
000d7d20_1667,11749.520790278875
000d7d20_1668,11749.510515618924
000d7d20_1669,11749.491325639345
000d7d20_1670,11749.491927106394
000d7d20_1671,11749.471068380712
000d7d20_1672,11749.46101392722
000d7d20_1673,11749.441525809923
000d7d20_1674,11749.440159838356
000d7d20_1675,11749.420773018084
000d7d20_1676,11749.410671729958
000d7d20_1677,11749.39065576305
000d7d20_1678,11749.390628136152
000d7d20_1679,11749.37140584363
000d7d20_1680,11749.361569150222
000d7d20_1681,11749.341436234476
000d7d20_1682,11749.3407382815
000d7d20_1683,11749.32057349342
000d7d20_1684,11749.31014349166
000d7d20_1685,11749.290783241211
000d7d20_1686,11749.291128296463
000d7d20_1687,11749.270776423284
000d7d20_1688,11749.26086509923
000d7d20_1689,11749.2422126581
000d7d20_1690,11749.24276586594
000d7d20_1691,11749.22078583116
000d7d20_1692,11749.211055658694
000d7d20_1693,11749.191048320352
000d7d20_1694,11749.192069909035
000d7d20_1695,11749.183861997548
000d7d20_1696,11749.16123619674
000d7d20_1697,11749.152118058955
000d7d20_1698,11749.15328587864
000d7d20_1699,11749.142042655734
000d7d20_1700,11749.121613860709
000d7d20_1701,11749.111654153416
000d7d20_1702,11749.11172237156
000d7d20_1703,11749.103171606868
000d7d20_1704,11749.09291534738
000d7d20_1705,11749.084618829682
000d7d20_1706,11749.074921528409
000d7d20_1707,11749.065141748986
000d7d20_1708,11749.0552456694
000d7d20_1709,11749.045899389186
000d7d20_1710,11749.044649203852
000d7d20_1711,11749.03311859966
000d7d20_1712,11749.026229634408
000d7d20_1713,11749.015308209466
000d7d20_1714,11749.014114487807
000d7d20_1715,11749.013951609695
000d7d20_1716,11749.003494108149
000d7d20_1717,11748.99488039182
000d7d20_1718,11748.991304987048
000d7d20_1719,11748.982712515906
000d7d20_1720,11748.976217136567
000d7d20_1721,11748.977038672616
000d7d20_1722,11748.976091634984
000d7d20_1723,11748.964591427572
000d7d20_1724,11748.954497424753
000d7d20_1725,11748.954168809709
000d7d20_1726,11748.955836098996
000d7d20_1727,11748.9452996797
000d7d20_1728,11748.945582814658
000d7d20_1729,11748.93428640363
000d7d20_1730,11748.946301230735
000d7d20_1731,11748.93282598112
000d7d20_1732,11748.932168960746
000d7d20_1733,11748.922875619652
000d7d20_1734,11748.93714316982
000d7d20_1735,11748.924065615358
000d7d20_1736,11748.934265285554
000d7d20_1737,11748.918665505817
000d7d20_1738,11748.927782194876
000d7d20_1739,11748.926442735188
000d7d20_1740,11748.912925613426
000d7d20_1741,11748.917488720388
000d7d20_1742,11748.926979945336
000d7d20_1743,11748.918173629838
000d7d20_1744,11748.918383529948
000d7d20_1745,11748.920631472807
000d7d20_1746,11748.931431578294
000d7d20_1747,11748.938368494422
000d7d20_1748,11748.930240117888
000d7d20_1749,11748.92555572881
000d7d20_1750,11748.940140578015
000d7d20_1751,11748.938368494422
000d7d20_1752,11748.934327200945
000d7d20_1753,11748.934072629629
000d7d20_1754,11748.936608888602
000d7d20_1755,11748.939857740992
000d7d20_1756,11748.937946260648
000d7d20_1757,11748.93726993204
000d7d20_1758,11748.94822736388
000d7d20_1759,11748.94846835254
000d7d20_1760,11748.94854745262
000d7d20_1761,11748.945456444744
000d7d20_1762,11748.954545891947
000d7d20_1763,11748.966707369373
000d7d20_1764,11748.967254107658
000d7d20_1765,11748.97462194703
000d7d20_1766,11748.98572170338
000d7d20_1767,11748.98834802132
000d7d20_1768,11748.999304194516
000d7d20_1769,11749.008437290251
000d7d20_1770,11749.004393648436
000d7d20_1771,11749.008070294563
000d7d20_1772,11749.006956968837
000d7d20_1773,11749.015003607015
000d7d20_1774,11749.024689648157
000d7d20_1775,11749.024129651776
000d7d20_1776,11749.03581490194
000d7d20_1777,11749.046139420849
000d7d20_1778,11749.055189034376
000d7d20_1779,11749.054478340177
000d7d20_1780,11749.06694191408
000d7d20_1781,11749.0764503626
000d7d20_1782,11749.087452567266
000d7d20_1783,11749.097813633343
000d7d20_1784,11749.096217037171
000d7d20_1785,11749.117864442693
000d7d20_1786,11749.119571160894
000d7d20_1787,11749.129676105103
000d7d20_1788,11749.1326037355
000d7d20_1789,11749.15271579264
000d7d20_1790,11749.153116106165
000d7d20_1791,11749.162809430902
000d7d20_1792,11749.1575564202
000d7d20_1793,11749.177256891817
000d7d20_1794,11749.176783623048
000d7d20_1795,11749.176567347164
000d7d20_1796,11749.18657082937
000d7d20_1797,11749.197277286266
000d7d20_1798,11749.205011423155
000d7d20_1799,11749.204078974584
000d7d20_1800,11749.20418666878
000d7d20_1801,11749.214876354576
000d7d20_1802,11749.221937527876
000d7d20_1803,11749.223082302697
000d7d20_1804,11749.222749364531
000d7d20_1805,11749.233246642028
000d7d20_1806,11749.243080218035
000d7d20_1807,11749.241852696689
000d7d20_1808,11749.2423447591
000d7d20_1809,11749.252199245955
000d7d20_1810,11749.25347671317
000d7d20_1811,11749.257128455678
000d7d20_1812,11749.266981492336
000d7d20_1813,11749.274218800332
000d7d20_1814,11749.273259218222
000d7d20_1815,11749.275240034993
000d7d20_1816,11749.276497423596
000d7d20_1817,11749.282861542695
000d7d20_1818,11749.28174632876
000d7d20_1819,11749.28560653904
000d7d20_1820,11749.283002240749
000d7d20_1821,11749.29289184097
000d7d20_1822,11749.292951706231
000d7d20_1823,11749.292241001902
000d7d20_1824,11749.29221894015
000d7d20_1825,11749.302196049774
000d7d20_1826,11749.29276282913
000d7d20_1827,11749.296695958055
000d7d20_1828,11749.295745868869
000d7d20_1829,11749.304078641992
000d7d20_1830,11749.305558096712
000d7d20_1831,11749.30299436832
000d7d20_1832,11749.293012711978
000d7d20_1833,11749.302596565856
000d7d20_1834,11749.302918596451
000d7d20_1835,11749.30259327128
000d7d20_1836,11749.294755892304
000d7d20_1837,11749.302915010396
000d7d20_1838,11749.303567054969
000d7d20_1839,11749.293947312875
000d7d20_1840,11749.293015238522
000d7d20_1841,11749.30297369273
000d7d20_1842,11749.292930666872
000d7d20_1843,11749.293572374669
000d7d20_1844,11749.283791037438
000d7d20_1845,11749.28367691362
000d7d20_1846,11749.27277194662
000d7d20_1847,11749.28297022474
000d7d20_1848,11749.273191922875
000d7d20_1849,11749.274474195669
000d7d20_1850,11749.264551052744
000d7d20_1851,11749.263710600888
000d7d20_1852,11749.24382234877
000d7d20_1853,11749.244855601164
000d7d20_1854,11749.224970735117
000d7d20_1855,11749.222911049268
000d7d20_1856,11749.203412641842
000d7d20_1857,11749.197635192311
000d7d20_1858,11749.18780397792
000d7d20_1859,11749.17739528677
000d7d20_1860,11749.153951229531
000d7d20_1861,11749.15543940204
000d7d20_1862,11749.138001390387
000d7d20_1863,11749.128323013432
000d7d20_1864,11749.108338792526
000d7d20_1865,11749.108482845057
000d7d20_1866,11749.08859459098
000d7d20_1867,11749.074419371616
000d7d20_1868,11749.054438912515
000d7d20_1869,11749.045266863182
000d7d20_1870,11749.025592789409
000d7d20_1871,11749.024231457057
000d7d20_1872,11749.004786600368
000d7d20_1873,11748.995081096433
000d7d20_1874,11748.979552491615
000d7d20_1875,11748.968276604994
000d7d20_1876,11748.958444698595
000d7d20_1877,11748.939633178896
000d7d20_1878,11748.931048542452
000d7d20_1879,11748.910664227897
000d7d20_1880,11748.896372724292
000d7d20_1881,11748.878965178352
000d7d20_1882,11748.86818433763
000d7d20_1883,11748.849079650196
000d7d20_1884,11748.846681120269
000d7d20_1885,11748.831843248505
000d7d20_1886,11748.818910590666
000d7d20_1887,11748.79804954008
000d7d20_1888,11748.789491465132
000d7d20_1889,11748.769503584628
000d7d20_1890,11748.772395155996
000d7d20_1891,11748.752691914497
000d7d20_1892,11748.739575735355
000d7d20_1893,11748.7177789278
000d7d20_1894,11748.712954989269
000d7d20_1895,11748.70400872806
000d7d20_1896,11748.693263430869
000d7d20_1897,11748.675338503444
000d7d20_1898,11748.66519522856
000d7d20_1899,11748.654382712812
000d7d20_1900,11748.643097836271
000d7d20_1901,11748.620105272172
000d7d20_1902,11748.62328240481
000d7d20_1903,11748.601381881934
000d7d20_1904,11748.585576596057
000d7d20_1905,11748.58310798985
000d7d20_1906,11748.569364340554
000d7d20_1907,11748.549951422616
000d7d20_1908,11748.556403844876
000d7d20_1909,11748.534145706824
000d7d20_1910,11748.530123299835
000d7d20_1911,11748.51106982676
000d7d20_1912,11748.502482441269
000d7d20_1913,11748.490470450275
000d7d20_1914,11748.487099182725
000d7d20_1915,11748.48895472304
000d7d20_1916,11748.463669624864
000d7d20_1917,11748.461518824106
000d7d20_1918,11748.441729036304
000d7d20_1919,11748.449302388311
000d7d20_1920,11748.431361898118
000d7d20_1921,11748.44081990132
000d7d20_1922,11748.417518075035
000d7d20_1923,11748.411190724575
000d7d20_1924,11748.39044917934
000d7d20_1925,11748.38719041477
000d7d20_1926,11748.375854762917
000d7d20_1927,11748.36756288901
000d7d20_1928,11748.35663641368
000d7d20_1929,11748.343319347156
000d7d20_1930,11748.335651159225
000d7d20_1931,11748.338803778845
000d7d20_1932,11748.326374892204
000d7d20_1933,11748.3323308927
000d7d20_1934,11748.32831503748
000d7d20_1935,11748.315726406332
000d7d20_1936,11748.30740837173
000d7d20_1937,11748.308602811365
000d7d20_1938,11748.279942322017
000d7d20_1939,11748.283504148609
000d7d20_1940,11748.27249248272
000d7d20_1941,11748.262280886873
000d7d20_1942,11748.253262714426
000d7d20_1943,11748.256865338626
000d7d20_1944,11748.248592960015
000d7d20_1945,11748.248548174022
000d7d20_1946,11748.238594319337
000d7d20_1947,11748.228599547896
000d7d20_1948,11748.21794364394
000d7d20_1949,11748.216978665425
000d7d20_1950,11748.208160950911
000d7d20_1951,11748.20801786742
000d7d20_1952,11748.208040250302
000d7d20_1953,11748.19860596629
000d7d20_1954,11748.188608886929
000d7d20_1955,11748.178242661355
000d7d20_1956,11748.17846138871
000d7d20_1957,11748.16358277155
000d7d20_1958,11748.154182838349
000d7d20_1959,11748.141056258815
000d7d20_1960,11748.140613493477
000d7d20_1961,11748.129974964831
000d7d20_1962,11748.131326444543
000d7d20_1963,11748.12286820827
000d7d20_1964,11748.116902543414
000d7d20_1965,11748.11246593032
000d7d20_1966,11748.11152349736
000d7d20_1967,11748.104168065602
000d7d20_1968,11748.114375047937
000d7d20_1969,11748.099587548842
000d7d20_1970,11748.09573555058
000d7d20_1971,11748.085825838669
000d7d20_1972,11748.085554817528
000d7d20_1973,11748.085824123538
000d7d20_1974,11748.08448134194
000d7d20_1975,11748.074869601203
000d7d20_1976,11748.07564858048
000d7d20_1977,11748.067695218291
000d7d20_1978,11748.067284943872
000d7d20_1979,11748.068192611465
000d7d20_1980,11748.06849995504
000d7d20_1981,11748.05879623696
000d7d20_1982,11748.057486049192
000d7d20_1983,11748.058581085612
000d7d20_1984,11748.055135080189
000d7d20_1985,11748.04463619387
000d7d20_1986,11748.048709499892
000d7d20_1987,11748.046892532902
000d7d20_1988,11748.046149807553
000d7d20_1989,11748.056839675664
000d7d20_1990,11748.043767290104
000d7d20_1991,11748.05342904917
000d7d20_1992,11748.045711554036
000d7d20_1993,11748.054942323944
000d7d20_1994,11748.04463619387
000d7d20_1995,11748.052348240011
000d7d20_1996,11748.043100219154
000d7d20_1997,11748.053003910374
000d7d20_1998,11748.045980054898
000d7d20_1999,11748.055803139208
000d7d20_2000,11748.046616350026
000d7d20_2001,11748.059299989429
000d7d20_2002,11748.054791402466
000d7d20_2003,11748.066881391136
000d7d20_2004,11748.065975338284
000d7d20_2005,11748.064751819584
000d7d20_2006,11748.06396641166
000d7d20_2007,11748.078624425125
000d7d20_2008,11748.065946733555
000d7d20_2009,11748.078327933294
000d7d20_2010,11748.074979786608
000d7d20_2011,11748.084764248912
000d7d20_2012,11748.078126128354
000d7d20_2013,11748.088455992583
000d7d20_2014,11748.086167022151
000d7d20_2015,11748.095339108408
000d7d20_2016,11748.09651493865
000d7d20_2017,11748.098444613455
000d7d20_2018,11748.098288351646
000d7d20_2019,11748.108485177048
000d7d20_2020,11748.108084496636
000d7d20_2021,11748.116058949445
000d7d20_2022,11748.115683840952
000d7d20_2023,11748.125232062606
000d7d20_2024,11748.126017568293
000d7d20_2025,11748.13820490012
000d7d20_2026,11748.144364081696
000d7d20_2027,11748.146068978418
000d7d20_2028,11748.156610950737
000d7d20_2029,11748.155522295438
000d7d20_2030,11748.1642960033
000d7d20_2031,11748.165875698449
000d7d20_2032,11748.17295643017
000d7d20_2033,11748.17566187618
000d7d20_2034,11748.194102142035
000d7d20_2035,11748.194896640742
000d7d20_2036,11748.206549974324
000d7d20_2037,11748.206104790914
000d7d20_2038,11748.215269892824
000d7d20_2039,11748.224328212851
000d7d20_2040,11748.23183955746
000d7d20_2041,11748.228458809455
000d7d20_2042,11748.243088481828
000d7d20_2043,11748.255094816675
000d7d20_2044,11748.263533277071
000d7d20_2045,11748.263622926595
000d7d20_2046,11748.277155555928
000d7d20_2047,11748.280740140362
000d7d20_2048,11748.29296621988
000d7d20_2049,11748.303271543087
000d7d20_2050,11748.308655487575
000d7d20_2051,11748.317713220113
000d7d20_2052,11748.323210713166
000d7d20_2053,11748.315981755077
000d7d20_2054,11748.341361839806
000d7d20_2055,11748.345546539524
000d7d20_2056,11748.367460836893
000d7d20_2057,11748.36517300351
000d7d20_2058,11748.385794213393
000d7d20_2059,11748.391592773669
000d7d20_2060,11748.400696066166
000d7d20_2061,11748.41554604654
000d7d20_2062,11748.421964115314
000d7d20_2063,11748.440174277932
000d7d20_2064,11748.4519100854
000d7d20_2065,11748.459717387906
000d7d20_2066,11748.471111293158
000d7d20_2067,11748.491620511468
000d7d20_2068,11748.495532531731
000d7d20_2069,11748.515619801115
000d7d20_2070,11748.511423666889
000d7d20_2071,11748.531122735698
000d7d20_2072,11748.54010725864
000d7d20_2073,11748.553674747274
000d7d20_2074,11748.551526712654
000d7d20_2075,11748.565424605064
000d7d20_2076,11748.574737240477
000d7d20_2077,11748.584614614649
000d7d20_2078,11748.591469296369
000d7d20_2079,11748.612928798511
000d7d20_2080,11748.613291366342
000d7d20_2081,11748.631592544998
000d7d20_2082,11748.633450242663
000d7d20_2083,11748.653964827785
000d7d20_2084,11748.670854935584
000d7d20_2085,11748.684342986517
000d7d20_2086,11748.67933962506
000d7d20_2087,11748.700497871843
000d7d20_2088,11748.690427855714
000d7d20_2089,11748.719555846545
000d7d20_2090,11748.713367563303
000d7d20_2091,11748.720241408466
000d7d20_2092,11748.732510565082
000d7d20_2093,11748.739567381244
000d7d20_2094,11748.75910666672
000d7d20_2095,11748.761180634749
000d7d20_2096,11748.782201049618
000d7d20_2097,11748.780828665404
000d7d20_2098,11748.790500659665
000d7d20_2099,11748.80755563418
000d7d20_2100,11748.823874583968
000d7d20_2101,11748.819779321151
000d7d20_2102,11748.829003500265
000d7d20_2103,11748.838743127624
000d7d20_2104,11748.853220183924
000d7d20_2105,11748.841557673584
000d7d20_2106,11748.858543129008
000d7d20_2107,11748.860366529172
000d7d20_2108,11748.862530335258
000d7d20_2109,11748.87216148869
000d7d20_2110,11748.888243163328
000d7d20_2111,11748.882069506755
000d7d20_2112,11748.892409359602
000d7d20_2113,11748.90144707764
000d7d20_2114,11748.910255130397
000d7d20_2115,11748.901886236312
000d7d20_2116,11748.909297019254
000d7d20_2117,11748.919013886289
000d7d20_2118,11748.929034848554
000d7d20_2119,11748.92382133014
000d7d20_2120,11748.921947382369
000d7d20_2121,11748.947621702697
000d7d20_2122,11748.94176473728
000d7d20_2123,11748.938780202729
000d7d20_2124,11748.939849694638
000d7d20_2125,11748.952081313044
000d7d20_2126,11748.968634891757
000d7d20_2127,11748.968283422942
000d7d20_2128,11748.958618015851
000d7d20_2129,11748.96980582408
000d7d20_2130,11748.970262853034
000d7d20_2131,11748.979510822104
000d7d20_2132,11748.986274382398
000d7d20_2133,11748.97852571652
000d7d20_2134,11748.998515075677
000d7d20_2135,11748.98837713018
000d7d20_2136,11748.991481683424
000d7d20_2137,11748.98935079236
000d7d20_2138,11748.999343173828
000d7d20_2139,11749.017373207322
000d7d20_2140,11749.0218787371
000d7d20_2141,11749.017243416496
000d7d20_2142,11749.013412844575
000d7d20_2143,11749.02835296568
000d7d20_2144,11749.029595896796
000d7d20_2145,11749.029375645723
000d7d20_2146,11749.031780667718
000d7d20_2147,11749.029978039598
000d7d20_2148,11749.033882858388
000d7d20_2149,11749.029978039598
000d7d20_2150,11749.025194614922
000d7d20_2151,11749.026664624113
000d7d20_2152,11749.037699992465
000d7d20_2153,11749.036005023909
000d7d20_2154,11749.035787111843
000d7d20_2155,11749.03928082212
000d7d20_2156,11749.050456220715
000d7d20_2157,11749.04706893499
000d7d20_2158,11749.04834773758
000d7d20_2159,11749.049034403908
000d7d20_2160,11749.057710791283
000d7d20_2161,11749.058282408165
000d7d20_2162,11749.056307884432
000d7d20_2163,11749.057342355018
000d7d20_2164,11749.054115136987
000d7d20_2165,11749.06496155523
000d7d20_2166,11749.066921390113
000d7d20_2167,11749.067147856918
000d7d20_2168,11749.072155471687
000d7d20_2169,11749.0755118795
000d7d20_2170,11749.077192290531
000d7d20_2171,11749.07811012381
000d7d20_2172,11749.07489855739
000d7d20_2173,11749.091971768128
000d7d20_2174,11749.090247852462
000d7d20_2175,11749.088425860433
000d7d20_2176,11749.09508109238
000d7d20_2177,11749.092494982991
000d7d20_2178,11749.103910046471
000d7d20_2179,11749.114745601086
000d7d20_2180,11749.109445214615
000d7d20_2181,11749.101513966149
000d7d20_2182,11749.105534749067
000d7d20_2183,11749.116367834304
000d7d20_2184,11749.11991175069
000d7d20_2185,11749.12034041645
000d7d20_2186,11749.12716556792
000d7d20_2187,11749.128108420104
000d7d20_2188,11749.134691614308
000d7d20_2189,11749.12810362762
000d7d20_2190,11749.130516300247
000d7d20_2191,11749.138797725243
000d7d20_2192,11749.14660797222
000d7d20_2193,11749.152791188117
000d7d20_2194,11749.151586314973
000d7d20_2195,11749.164608843394
000d7d20_2196,11749.166224427012
000d7d20_2197,11749.167662231148
000d7d20_2198,11749.167171857638
000d7d20_2199,11749.184597658636
000d7d20_2200,11749.18697276282
000d7d20_2201,11749.18698137172
000d7d20_2202,11749.184415209676
000d7d20_2203,11749.184413370953
000d7d20_2204,11749.203446522512
000d7d20_2205,11749.201383319454
000d7d20_2206,11749.200099240095
000d7d20_2207,11749.199537348672
000d7d20_2208,11749.217150648305
000d7d20_2209,11749.220632709344
000d7d20_2210,11749.222460558874
000d7d20_2211,11749.224029813742
000d7d20_2212,11749.22726908816
000d7d20_2213,11749.241004258492
000d7d20_2214,11749.238246736211
000d7d20_2215,11749.237813454509
000d7d20_2216,11749.24988176264
000d7d20_2217,11749.259394472145
000d7d20_2218,11749.259037480737
000d7d20_2219,11749.257006548252
000d7d20_2220,11749.266059807784
000d7d20_2221,11749.27670989458
000d7d20_2222,11749.276864042473
000d7d20_2223,11749.289075718363
000d7d20_2224,11749.289335735664
000d7d20_2225,11749.299185848484
000d7d20_2226,11749.3098533115
000d7d20_2227,11749.312840827142
000d7d20_2228,11749.31216956138
000d7d20_2229,11749.322321510395
000d7d20_2230,11749.331453400117
000d7d20_2231,11749.331511072323
000d7d20_2232,11749.342743603092
000d7d20_2233,11749.346754535538
000d7d20_2234,11749.353022707532
000d7d20_2235,11749.366695331835
000d7d20_2236,11749.37154138641
000d7d20_2237,11749.378427431571
000d7d20_2238,11749.391459009708
000d7d20_2239,11749.394491035056
000d7d20_2240,11749.404747971326
000d7d20_2241,11749.409939856483
000d7d20_2242,11749.415029418446
000d7d20_2243,11749.427572602224
000d7d20_2244,11749.424937067291
000d7d20_2245,11749.439063431006
000d7d20_2246,11749.434115402057
000d7d20_2247,11749.44847522854
000d7d20_2248,11749.440142604726
000d7d20_2249,11749.453759701852
000d7d20_2250,11749.46418670244
000d7d20_2251,11749.488664236063
000d7d20_2252,11749.486718183012
000d7d20_2253,11749.495931029818
000d7d20_2254,11749.49876869571
000d7d20_2255,11749.49376500745
000d7d20_2256,11749.507297212056
000d7d20_2257,11749.50547884257
000d7d20_2258,11749.501670494616
000d7d20_2259,11749.497775528343
000d7d20_2260,11749.509916898993
000d7d20_2261,11749.511153087462
000d7d20_2262,11749.5196441383
000d7d20_2263,11749.518989181552
000d7d20_2264,11749.524382605956
000d7d20_2265,11749.527842115993
000d7d20_2266,11749.52919992018
000d7d20_2267,11749.527842115993
000d7d20_2268,11749.524382605956
000d7d20_2269,11749.531361663156
000d7d20_2270,11749.51462097986
000d7d20_2271,11749.524884665185
000d7d20_2272,11749.513416810132
000d7d20_2273,11749.515299314296
000d7d20_2274,11749.506297110562
000d7d20_2275,11749.504291793355
000d7d20_2276,11749.494143219428
000d7d20_2277,11749.500764441864
000d7d20_2278,11749.491695516665
000d7d20_2279,11749.482595206551
000d7d20_2280,11749.471890748737
000d7d20_2281,11749.471757252555
000d7d20_2282,11749.472125289156
000d7d20_2283,11749.465629290018
000d7d20_2284,11749.454822728318
000d7d20_2285,11749.440746328864
000d7d20_2286,11749.444653514962
000d7d20_2287,11749.42984544732
000d7d20_2288,11749.41360106451
000d7d20_2289,11749.40134833696
000d7d20_2290,11749.399400025652
000d7d20_2291,11749.390876719974
000d7d20_2292,11749.371623349814
000d7d20_2293,11749.365208251946
000d7d20_2294,11749.351335731191
000d7d20_2295,11749.340481928004
000d7d20_2296,11749.330068268604
000d7d20_2297,11749.310846103115
000d7d20_2298,11749.292035246985
000d7d20_2299,11749.291234440456
000d7d20_2300,11749.271968700536
000d7d20_2301,11749.25138461316
000d7d20_2302,11749.232568652296
000d7d20_2303,11749.2228781557
000d7d20_2304,11749.20872551582
000d7d20_2305,11749.188656874376
000d7d20_2306,11749.1687501009
000d7d20_2307,11749.148673850634
000d7d20_2308,11749.138641510388
000d7d20_2309,11749.118642821477
000d7d20_2310,11749.088650160056
000d7d20_2311,11749.068655773011
000d7d20_2312,11749.058644001463
000d7d20_2313,11749.03864889913
000d7d20_2314,11749.00865732792
000d7d20_2315,11748.9886636807
000d7d20_2316,11748.968670630104
000d7d20_2317,11748.948835756377
000d7d20_2318,11748.9187925826
000d7d20_2319,11748.900118429789
000d7d20_2320,11748.870782282636
000d7d20_2321,11748.85998687715
000d7d20_2322,11748.82958746922
000d7d20_2323,11748.798893278994
000d7d20_2324,11748.772428095232
000d7d20_2325,11748.750838058872
000d7d20_2326,11748.73360922956
000d7d20_2327,11748.70186192988
000d7d20_2328,11748.67303295273
000d7d20_2329,11748.641116699382
000d7d20_2330,11748.622388126269
000d7d20_2331,11748.580998866308
000d7d20_2332,11748.555011551947
000d7d20_2333,11748.52276440176
000d7d20_2334,11748.504451470904
000d7d20_2335,11748.466917826883
000d7d20_2336,11748.43713961228
000d7d20_2337,11748.407363060558
000d7d20_2338,11748.37636949307
000d7d20_2339,11748.347206143451
000d7d20_2340,11748.306268290553
000d7d20_2341,11748.275885207117
000d7d20_2342,11748.23573635724
000d7d20_2343,11748.205084448551
000d7d20_2344,11748.178080999303
000d7d20_2345,11748.136931974066
000d7d20_2346,11748.097546777664
000d7d20_2347,11748.067428724116
000d7d20_2348,11748.025618732454
000d7d20_2349,11747.986409572652
000d7d20_2350,11747.946009980422
000d7d20_2351,11747.91762894099
000d7d20_2352,11747.888043006098
000d7d20_2353,11747.849235309865
000d7d20_2354,11747.821145538914
000d7d20_2355,11747.779824585486
000d7d20_2356,11747.749825129831
000d7d20_2357,11747.709182891216
000d7d20_2358,11747.669813323266
000d7d20_2359,11747.640374622955
000d7d20_2360,11747.599442636974
000d7d20_2361,11747.571675135265
000d7d20_2362,11747.539355169472
000d7d20_2363,11747.506777656092
000d7d20_2364,11747.470797950513
000d7d20_2365,11747.437390854086
000d7d20_2366,11747.4072341331
000d7d20_2367,11747.382079334368
000d7d20_2368,11747.342199082386
000d7d20_2369,11747.307670130796
000d7d20_2370,11747.271518183008
000d7d20_2371,11747.244373938003
000d7d20_2372,11747.214506066406
000d7d20_2373,11747.184748883576
000d7d20_2374,11747.152013419569
000d7d20_2375,11747.116498294816
000d7d20_2376,11747.083919254046
000d7d20_2377,11747.046253757884
000d7d20_2378,11747.0152290825
000d7d20_2379,11746.979643027878
000d7d20_2380,11746.941891088216
000d7d20_2381,11746.918406472663
000d7d20_2382,11746.869423104636
000d7d20_2383,11746.846346627188
000d7d20_2384,11746.812856395023
000d7d20_2385,11746.774361171449
000d7d20_2386,11746.747428820445
000d7d20_2387,11746.702858978051
000d7d20_2388,11746.67747093856
000d7d20_2389,11746.635602139544
000d7d20_2390,11746.59470932834
000d7d20_2391,11746.561579799249
000d7d20_2392,11746.53821109985
000d7d20_2393,11746.509046251484
000d7d20_2394,11746.469132453143
000d7d20_2395,11746.430306114118
000d7d20_2396,11746.395546905636
000d7d20_2397,11746.358234185034
000d7d20_2398,11746.322992565636
000d7d20_2399,11746.299243561083
000d7d20_2400,11746.249275650864
000d7d20_2401,11746.214879988318
000d7d20_2402,11746.177450443223
000d7d20_2403,11746.145254410094
000d7d20_2404,11746.1180495489
000d7d20_2405,11746.066515414888
000d7d20_2406,11746.042749656568
000d7d20_2407,11746.001756384234
000d7d20_2408,11745.972506441716
000d7d20_2409,11745.930481109212
000d7d20_2410,11745.893366230232
000d7d20_2411,11745.855870263837
000d7d20_2412,11745.824373021762
000d7d20_2413,11745.784862436149
000d7d20_2414,11745.757371245809
000d7d20_2415,11745.720270360249
000d7d20_2416,11745.68021704913
000d7d20_2417,11745.63997175879
000d7d20_2418,11745.608973523613
000d7d20_2419,11745.568000361744
000d7d20_2420,11745.538383776726
000d7d20_2421,11745.4879578582
000d7d20_2422,11745.456086312028
000d7d20_2423,11745.415348499608
000d7d20_2424,11745.377353808291
000d7d20_2425,11745.348962090276
000d7d20_2426,11745.298817027331
000d7d20_2427,11745.267605946729
000d7d20_2428,11745.227176237524
000d7d20_2429,11745.18566664737
000d7d20_2430,11745.152411583464
000d7d20_2431,11745.104531564548
000d7d20_2432,11745.068135212194
000d7d20_2433,11745.037383280498
000d7d20_2434,11744.999069354844
000d7d20_2435,11744.95991727442
000d7d20_2436,11744.918022404829
000d7d20_2437,11744.879993432658
000d7d20_2438,11744.83799801707
000d7d20_2439,11744.797444093809
000d7d20_2440,11744.76713691193
000d7d20_2441,11744.719607934014
000d7d20_2442,11744.679033707474
000d7d20_2443,11744.641692125955
000d7d20_2444,11744.61235626148
000d7d20_2445,11744.57323168771
000d7d20_2446,11744.53821162944
000d7d20_2447,11744.497571263408
000d7d20_2448,11744.456649316586
000d7d20_2449,11744.427354156633
000d7d20_2450,11744.387465667523
000d7d20_2451,11744.347553173266
000d7d20_2452,11744.307537579884
000d7d20_2453,11744.276791090591
000d7d20_2454,11744.2436380729
000d7d20_2455,11744.205219050376
000d7d20_2456,11744.175004823095
000d7d20_2457,11744.134280372464
000d7d20_2458,11744.103847732718
000d7d20_2459,11744.063491082488
000d7d20_2460,11744.036050343542
000d7d20_2461,11744.00696426701
000d7d20_2462,11743.966307031924
000d7d20_2463,11743.93253979788
000d7d20_2464,11743.904918978616
000d7d20_2465,11743.875054829074
000d7d20_2466,11743.845273099225
000d7d20_2467,11743.80703404582
000d7d20_2468,11743.775173794802
000d7d20_2469,11743.746129546724
000d7d20_2470,11743.714023078754
000d7d20_2471,11743.685496311324
000d7d20_2472,11743.657308340597
000d7d20_2473,11743.625861445547
000d7d20_2474,11743.593976503822
000d7d20_2475,11743.564736577257
000d7d20_2476,11743.54718142756
000d7d20_2477,11743.506239761946
000d7d20_2478,11743.476953410538
000d7d20_2479,11743.45738874139
000d7d20_2480,11743.427772373188
000d7d20_2481,11743.406043096013
000d7d20_2482,11743.36758769668
000d7d20_2483,11743.346758362106
000d7d20_2484,11743.315833415609
000d7d20_2485,11743.29812483044
000d7d20_2486,11743.27596054363
000d7d20_2487,11743.236375122548
000d7d20_2488,11743.217183468178
000d7d20_2489,11743.197652746596
000d7d20_2490,11743.1782572935
000d7d20_2491,11743.147021709376
000d7d20_2492,11743.126485147704
000d7d20_2493,11743.096602081365
000d7d20_2494,11743.078100034343
000d7d20_2495,11743.057399689991
000d7d20_2496,11743.037105283192
000d7d20_2497,11743.017669742245
000d7d20_2498,11742.987375402969
000d7d20_2499,11742.967100988106
000d7d20_2500,11742.948027658427
000d7d20_2501,11742.92741043804
000d7d20_2502,11742.907976383269
000d7d20_2503,11742.8870585731
000d7d20_2504,11742.867040261008
000d7d20_2505,11742.84774406728
000d7d20_2506,11742.82771114951
000d7d20_2507,11742.81716189505
000d7d20_2508,11742.787238089011
000d7d20_2509,11742.767093928058
000d7d20_2510,11742.758188651069
000d7d20_2511,11742.738488814177
000d7d20_2512,11742.728147567132
000d7d20_2513,11742.698242600452
000d7d20_2514,11742.687511791806
000d7d20_2515,11742.66843441239
000d7d20_2516,11742.657605162096
000d7d20_2517,11742.637582608751
000d7d20_2518,11742.618399893872
000d7d20_2519,11742.608021639033
000d7d20_2520,11742.588108441096
000d7d20_2521,11742.57858877405
000d7d20_2522,11742.568541751618
000d7d20_2523,11742.557774388491
000d7d20_2524,11742.537632352696
000d7d20_2525,11742.527602690425
000d7d20_2526,11742.50814191784
000d7d20_2527,11742.498411033972
000d7d20_2528,11742.48831579546
000d7d20_2529,11742.468249520283
000d7d20_2530,11742.458077364949
000d7d20_2531,11742.447960497122
000d7d20_2532,11742.44824928307
000d7d20_2533,11742.437632992292
000d7d20_2534,11742.41796991472
000d7d20_2535,11742.408042687262
000d7d20_2536,11742.39822620758
000d7d20_2537,11742.388238005306
000d7d20_2538,11742.388206326828
000d7d20_2539,11742.368230393497
000d7d20_2540,11742.358069662692
000d7d20_2541,11742.348482394082
000d7d20_2542,11742.348510882211
000d7d20_2543,11742.33851668689
000d7d20_2544,11742.318527800348
000d7d20_2545,11742.318527800351
000d7d20_2546,11742.30854442838
000d7d20_2547,11742.298549217148
000d7d20_2548,11742.29850781433
000d7d20_2549,11742.278591833112
000d7d20_2550,11742.278583532026
000d7d20_2551,11742.268580487922
000d7d20_2552,11742.258577342798
000d7d20_2553,11742.258577342798
000d7d20_2554,11742.248420344957
000d7d20_2555,11742.238414197078
000d7d20_2556,11742.22837756008
000d7d20_2557,11742.22837756008
000d7d20_2558,11742.218370918874
000d7d20_2559,11742.218370918874
000d7d20_2560,11742.198357424488
000d7d20_2561,11742.198357424491
000d7d20_2562,11742.18835633284
000d7d20_2563,11742.18768112286
000d7d20_2564,11742.18846926087
000d7d20_2565,11742.167808294878
000d7d20_2566,11742.168296340007
000d7d20_2567,11742.158021572077
000d7d20_2568,11742.158531987445
000d7d20_2569,11742.15753502579
000d7d20_2570,11742.13737905572
000d7d20_2571,11742.137083202577
000d7d20_2572,11742.137606299955
000d7d20_2573,11742.12813968826
000d7d20_2574,11742.128390805354
000d7d20_2575,11742.11856035652
000d7d20_2576,11742.108396495356
000d7d20_2577,11742.108434687754
000d7d20_2578,11742.107873724271
000d7d20_2579,11742.10786949418
000d7d20_2580,11742.098242075384
000d7d20_2581,11742.088096860443
000d7d20_2582,11742.087966521369
000d7d20_2583,11742.088253598313
000d7d20_2584,11742.0882237242
000d7d20_2585,11742.087593349484
000d7d20_2586,11742.077722226117
000d7d20_2587,11742.06798572329
000d7d20_2588,11742.068162945456
000d7d20_2589,11742.06862361553
000d7d20_2590,11742.067787702294
000d7d20_2591,11742.05829333656
000d7d20_2592,11742.058251825942
000d7d20_2593,11742.057973808496
000d7d20_2594,11742.048518290676
000d7d20_2595,11742.048080946708
000d7d20_2596,11742.048332850864
000d7d20_2597,11742.04828539863
000d7d20_2598,11742.03834270936
000d7d20_2599,11742.038116166248
000d7d20_2600,11742.037566634142
000d7d20_2601,11742.027980381512
000d7d20_2602,11742.02780610524
000d7d20_2603,11742.02793930174
000d7d20_2604,11742.018367939569
000d7d20_2605,11742.01831705678
000d7d20_2606,11742.018101516836
000d7d20_2607,11742.018505644812
000d7d20_2608,11742.0180345052
000d7d20_2609,11742.00743366091
000d7d20_2610,11742.008023929142
000d7d20_2611,11741.99782622268
000d7d20_2612,11742.008023929142
000d7d20_2613,11741.99783214546
000d7d20_2614,11741.99855334106
000d7d20_2615,11741.997878789096
000d7d20_2616,11741.988158880946
000d7d20_2617,11741.9986242822
000d7d20_2618,11741.988313208083
000d7d20_2619,11741.987654503348
000d7d20_2620,11741.988413226149
000d7d20_2621,11741.987843999828
000d7d20_2622,11741.988114012143
000d7d20_2623,11741.988053719522
000d7d20_2624,11741.988623999878
000d7d20_2625,11741.978579565844
000d7d20_2626,11741.987723163364
000d7d20_2627,11741.978527669831
000d7d20_2628,11741.987910726271
000d7d20_2629,11741.987987575723
000d7d20_2630,11741.977864084754
000d7d20_2631,11741.98685241142
000d7d20_2632,11741.978592008276
000d7d20_2633,11741.988557132816
000d7d20_2634,11741.978376932642
000d7d20_2635,11741.977910048554
000d7d20_2636,11741.988156822828
000d7d20_2637,11741.978563662851
000d7d20_2638,11741.98816468564
000d7d20_2639,11741.978622486002
000d7d20_2640,11741.9786236671
000d7d20_2641,11741.978567863494
000d7d20_2642,11741.978065998712
000d7d20_2643,11741.97816977722
000d7d20_2644,11741.978431215624
000d7d20_2645,11741.978339243946
000d7d20_2646,11741.967259053556
000d7d20_2647,11741.968295757832
000d7d20_2648,11741.9781103949
000d7d20_2649,11741.967824521951
000d7d20_2650,11741.968381783989
000d7d20_2651,11741.968342997348
000d7d20_2652,11741.968316465362
000d7d20_2653,11741.957841102174
000d7d20_2654,11741.957952588811
000d7d20_2655,11741.967868232186
000d7d20_2656,11741.957514830492
000d7d20_2657,11741.95767315917
000d7d20_2658,11741.94802194735
000d7d20_2659,11741.94742971903
000d7d20_2660,11741.948021359003
000d7d20_2661,11741.948167830027
000d7d20_2662,11741.94816859185
000d7d20_2663,11741.938376338168
000d7d20_2664,11741.937410181428
000d7d20_2665,11741.937877207794
000d7d20_2666,11741.937931643448
000d7d20_2667,11741.92839007402
000d7d20_2668,11741.92809619362
000d7d20_2669,11741.926962578427
000d7d20_2670,11741.918183951677
000d7d20_2671,11741.918583897675
000d7d20_2672,11741.906551132552
000d7d20_2673,11741.917388888329
000d7d20_2674,11741.918590578078
000d7d20_2675,11741.907450460045
000d7d20_2676,11741.908396088102
000d7d20_2677,11741.8973210474
000d7d20_2678,11741.898590372415
000d7d20_2679,11741.88740742547
000d7d20_2680,11741.887773291675
000d7d20_2681,11741.887871901845
000d7d20_2682,11741.878097247449
000d7d20_2683,11741.877504757882
000d7d20_2684,11741.867665370368
000d7d20_2685,11741.868429300835
000d7d20_2686,11741.858601881242
000d7d20_2687,11741.857809067526
000d7d20_2688,11741.85713561517
000d7d20_2689,11741.847150614769
000d7d20_2690,11741.846680262635
000d7d20_2691,11741.837350039232
000d7d20_2692,11741.837737671956
000d7d20_2693,11741.828492169954
000d7d20_2694,11741.82835306533
000d7d20_2695,11741.828291082673
000d7d20_2696,11741.81846374734
000d7d20_2697,11741.818600213295
000d7d20_2698,11741.808492819076
000d7d20_2699,11741.807475292268
000d7d20_2700,11741.807420029943
000d7d20_2701,11741.78731150509
000d7d20_2702,11741.787634745524
000d7d20_2703,11741.77724870062
000d7d20_2704,11741.776888246572
000d7d20_2705,11741.768623832348
000d7d20_2706,11741.768091900876
000d7d20_2707,11741.767939387582
000d7d20_2708,11741.757178905427
000d7d20_2709,11741.747313392256
000d7d20_2710,11741.735962131284
000d7d20_2711,11741.734159750642
000d7d20_2712,11741.72395607086
000d7d20_2713,11741.727286553947
000d7d20_2714,11741.718541356457
000d7d20_2715,11741.708444226177
000d7d20_2716,11741.708189798735
000d7d20_2717,11741.69775121429
000d7d20_2718,11741.697933630552
000d7d20_2719,11741.678552243202
000d7d20_2720,11741.67862276952
000d7d20_2721,11741.6781734482
000d7d20_2722,11741.667428370243
000d7d20_2723,11741.658198605766
000d7d20_2724,11741.64821087195
000d7d20_2725,11741.648622717055
000d7d20_2726,11741.628531650418
000d7d20_2727,11741.62834468777
000d7d20_2728,11741.627790135688
000d7d20_2729,11741.608104871302
000d7d20_2730,11741.607644598724
000d7d20_2731,11741.596711558084
000d7d20_2732,11741.586952542064
000d7d20_2733,11741.587692288644
000d7d20_2734,11741.57850878732
000d7d20_2735,11741.568582483416
000d7d20_2736,11741.558262740473
000d7d20_2737,11741.548051408468
000d7d20_2738,11741.537671218255
000d7d20_2739,11741.528271915136
000d7d20_2740,11741.528483746475
000d7d20_2741,11741.508223608109
000d7d20_2742,11741.50789827756
000d7d20_2743,11741.487514293132
000d7d20_2744,11741.487553620387
000d7d20_2745,11741.46763896472
000d7d20_2746,11741.467311294558
000d7d20_2747,11741.45694429831
000d7d20_2748,11741.447127546013
000d7d20_2749,11741.437024042896
000d7d20_2750,11741.416903130428
000d7d20_2751,11741.417649488754
000d7d20_2752,11741.39762809653
000d7d20_2753,11741.387958329226
000d7d20_2754,11741.388040969388
000d7d20_2755,11741.368062125275
000d7d20_2756,11741.357515720503
000d7d20_2757,11741.347497509672
000d7d20_2758,11741.337486425437
000d7d20_2759,11741.317391224562
000d7d20_2760,11741.318016515508
000d7d20_2761,11741.307392811452
000d7d20_2762,11741.287713206411
000d7d20_2763,11741.277453083743
000d7d20_2764,11741.257707974331
000d7d20_2765,11741.257830999528
000d7d20_2766,11741.247697472649
000d7d20_2767,11741.227424241224
000d7d20_2768,11741.217639123885
000d7d20_2769,11741.19804561694
000d7d20_2770,11741.18843773054
000d7d20_2771,11741.178182676718
000d7d20_2772,11741.188544980674
000d7d20_2773,11741.178559870492
000d7d20_2774,11741.16829250854
000d7d20_2775,11741.168499916312
000d7d20_2776,11741.15820753115
000d7d20_2777,11741.148363312655
000d7d20_2778,11741.148582532738
000d7d20_2779,11741.138571832447
000d7d20_2780,11741.13823155727
000d7d20_2781,11741.148583429083
000d7d20_2782,11741.15856144978
000d7d20_2783,11741.168535225235
000d7d20_2784,11741.188577267005
000d7d20_2785,11741.198467561137
000d7d20_2786,11741.20840242601
000d7d20_2787,11741.218476394137
000d7d20_2788,11741.22798628652
000d7d20_2789,11741.238557162826
000d7d20_2790,11741.248549851332
000d7d20_2791,11741.258369250318
000d7d20_2792,11741.27791122421
000d7d20_2793,11741.288141774996
000d7d20_2794,11741.298437700782
000d7d20_2795,11741.298121842708
000d7d20_2796,11741.318268302295
000d7d20_2797,11741.32852881846
000d7d20_2798,11741.338414892289
000d7d20_2799,11741.33858896711
000d7d20_2800,11741.347409254891
000d7d20_2801,11741.368363378597
000d7d20_2802,11741.37862333885
000d7d20_2803,11741.378624420046
000d7d20_2804,11741.387421736756
000d7d20_2805,11741.407496570884
000d7d20_2806,11741.407799755823
000d7d20_2807,11741.41720261018
000d7d20_2808,11741.42783623981
000d7d20_2809,11741.438099413846
000d7d20_2810,11741.448619338376
000d7d20_2811,11741.447560505772
000d7d20_2812,11741.458098391216
000d7d20_2813,11741.478041770406
000d7d20_2814,11741.478602278245
000d7d20_2815,11741.488417607528
000d7d20_2816,11741.48677178852
000d7d20_2817,11741.507293306
000d7d20_2818,11741.507368455088
000d7d20_2819,11741.51801049878
000d7d20_2820,11741.517648919991
000d7d20_2821,11741.537279838729
000d7d20_2822,11741.53735851091
000d7d20_2823,11741.547346007184
000d7d20_2824,11741.547070002083
000d7d20_2825,11741.568476196891
000d7d20_2826,11741.568624478146
000d7d20_2827,11741.578547766225
000d7d20_2828,11741.578526111593
000d7d20_2829,11741.596370093132
000d7d20_2830,11741.597633034276
000d7d20_2831,11741.597519255132
000d7d20_2832,11741.606707211236
000d7d20_2833,11741.616620642872
000d7d20_2834,11741.626436074368
000d7d20_2835,11741.626998285758
000d7d20_2836,11741.637398002698
000d7d20_2837,11741.647074625827
000d7d20_2838,11741.658477226496
000d7d20_2839,11741.654534610869
000d7d20_2840,11741.65735109907
000d7d20_2841,11741.677461787178
000d7d20_2842,11741.67846329984
000d7d20_2843,11741.686054053796
000d7d20_2844,11741.686965354846
000d7d20_2845,11741.706464353796
000d7d20_2846,11741.70701705342
000d7d20_2847,11741.70449200607
000d7d20_2848,11741.718579131666
000d7d20_2849,11741.728615580543
000d7d20_2850,11741.728607912328
000d7d20_2851,11741.738479753152
000d7d20_2852,11741.738449623554
000d7d20_2853,11741.748082706248
000d7d20_2854,11741.755947724929
000d7d20_2855,11741.757115061151
000d7d20_2856,11741.766878014729
000d7d20_2857,11741.766791658634
000d7d20_2858,11741.776226996626
000d7d20_2859,11741.787166129405
000d7d20_2860,11741.786634299158
000d7d20_2861,11741.796850488863
000d7d20_2862,11741.805639854703
000d7d20_2863,11741.803984576856
000d7d20_2864,11741.816706392385
000d7d20_2865,11741.816639668034
000d7d20_2866,11741.827270863834
000d7d20_2867,11741.83636592534
000d7d20_2868,11741.836077193848
000d7d20_2869,11741.838365888978
000d7d20_2870,11741.857960099518
000d7d20_2871,11741.858117043002
000d7d20_2872,11741.858447289254
000d7d20_2873,11741.858539769308
000d7d20_2874,11741.878601339493
000d7d20_2875,11741.878601339493
000d7d20_2876,11741.878601034436
000d7d20_2877,11741.888598747488
000d7d20_2878,11741.898552499424
000d7d20_2879,11741.898415764212
000d7d20_2880,11741.898383782116
000d7d20_2881,11741.906666732626
000d7d20_2882,11741.917175472689
000d7d20_2883,11741.916603672347
000d7d20_2884,11741.926888778533
000d7d20_2885,11741.92836449907
000d7d20_2886,11741.938414735068
000d7d20_2887,11741.938373605792
000d7d20_2888,11741.947958051467
000d7d20_2889,11741.947910137036
000d7d20_2890,11741.955693016542
000d7d20_2891,11741.955693016542
000d7d20_2892,11741.965468147497
000d7d20_2893,11741.967067547175
000d7d20_2894,11741.975816794908
000d7d20_2895,11741.97665945146
000d7d20_2896,11741.973544527287
000d7d20_2897,11741.986457263754
000d7d20_2898,11741.98658376845
000d7d20_2899,11741.995738936865
000d7d20_2900,11741.995738936865
000d7d20_2901,11742.005699512922
000d7d20_2902,11742.005699512922
000d7d20_2903,11742.015683836984
000d7d20_2904,11742.01515465595
000d7d20_2905,11742.015283994304
000d7d20_2906,11742.016337607893
000d7d20_2907,11742.035675914283
000d7d20_2908,11742.0357288365
000d7d20_2909,11742.0357288365
000d7d20_2910,11742.0357288365
000d7d20_2911,11742.045816002892
000d7d20_2912,11742.055777231764
000d7d20_2913,11742.056068456708
000d7d20_2914,11742.05606845671
000d7d20_2915,11742.066045733496
000d7d20_2916,11742.065913131371
000d7d20_2917,11742.076295849509
000d7d20_2918,11742.074780980634
000d7d20_2919,11742.084818375228
000d7d20_2920,11742.084897432258
000d7d20_2921,11742.095158178076
000d7d20_2922,11742.095146449336
000d7d20_2923,11742.104861107942
000d7d20_2924,11742.115629103995
000d7d20_2925,11742.11459080732
000d7d20_2926,11742.115397008758
000d7d20_2927,11742.134003958396
000d7d20_2928,11742.133554600236
000d7d20_2929,11742.144934056714
000d7d20_2930,11742.145727530127
000d7d20_2931,11742.15448384552
000d7d20_2932,11742.165767656988
000d7d20_2933,11742.174079682996
000d7d20_2934,11742.174782956092
000d7d20_2935,11742.185040106073
000d7d20_2936,11742.192178475423
000d7d20_2937,11742.207581488585
000d7d20_2938,11742.205812552616
000d7d20_2939,11742.21800357177
000d7d20_2940,11742.237517287253
000d7d20_2941,11742.234080285183
000d7d20_2942,11742.24221214886
000d7d20_2943,11742.254767366789
000d7d20_2944,11742.265574788786
000d7d20_2945,11742.27733748932
000d7d20_2946,11742.286501589442
000d7d20_2947,11742.284260053051
000d7d20_2948,11742.304709648788
000d7d20_2949,11742.313002269064
000d7d20_2950,11742.32169165687
000d7d20_2951,11742.325324990696
000d7d20_2952,11742.343608440233
000d7d20_2953,11742.354150034987
000d7d20_2954,11742.364865964682
000d7d20_2955,11742.376384961282
000d7d20_2956,11742.398409212356
000d7d20_2957,11742.403170183994
000d7d20_2958,11742.41406255512
000d7d20_2959,11742.414642250827
000d7d20_2960,11742.432588914156
000d7d20_2961,11742.442599931814
000d7d20_2962,11742.45104482642
000d7d20_2963,11742.463752184132
000d7d20_2964,11742.4839211462
000d7d20_2965,11742.49358825688
000d7d20_2966,11742.505684786243
000d7d20_2967,11742.526343887084
000d7d20_2968,11742.54375571734
000d7d20_2969,11742.55508915344
000d7d20_2970,11742.565311998886
000d7d20_2971,11742.575971742852
000d7d20_2972,11742.592996347876
000d7d20_2973,11742.603841581858
000d7d20_2974,11742.624549433618
000d7d20_2975,11742.633086031525
000d7d20_2976,11742.648230056217
000d7d20_2977,11742.661683258446
000d7d20_2978,11742.670236527723
000d7d20_2979,11742.690952869843
000d7d20_2980,11742.712622141293
000d7d20_2981,11742.719938103406
000d7d20_2982,11742.745406467156
000d7d20_2983,11742.75259197443
000d7d20_2984,11742.77292988634
000d7d20_2985,11742.794269603466
000d7d20_2986,11742.801988873978
000d7d20_2987,11742.815007615418
000d7d20_2988,11742.83462997758
000d7d20_2989,11742.853642298818
000d7d20_2990,11742.871547977353
000d7d20_2991,11742.88260881614
000d7d20_2992,11742.898116814704
000d7d20_2993,11742.922596462458
000d7d20_2994,11742.94192181953
000d7d20_2995,11742.953839265369
000d7d20_2996,11742.972649243356
000d7d20_2997,11742.995789445777
000d7d20_2998,11743.016216422162
000d7d20_2999,11743.03417108366
000d7d20_3000,11743.044056734529
000d7d20_3001,11743.074143986349
000d7d20_3002,11743.094040407686
000d7d20_3003,11743.10173450333
000d7d20_3004,11743.12217566579
000d7d20_3005,11743.152624362156
000d7d20_3006,11743.16114086859
000d7d20_3007,11743.182081430816
000d7d20_3008,11743.20087284139
000d7d20_3009,11743.221550439688
000d7d20_3010,11743.236503816835
000d7d20_3011,11743.259273219612
000d7d20_3012,11743.279876847926
000d7d20_3013,11743.29823172143
000d7d20_3014,11743.3174316116
000d7d20_3015,11743.336600916064
000d7d20_3016,11743.348556651885
000d7d20_3017,11743.37952887719
000d7d20_3018,11743.399842592104
000d7d20_3019,11743.410228008992
000d7d20_3020,11743.42489932446
000d7d20_3021,11743.447816859658
000d7d20_3022,11743.46853549889
000d7d20_3023,11743.490879905534
000d7d20_3024,11743.497129026136
000d7d20_3025,11743.521968090705
000d7d20_3026,11743.529987412883
000d7d20_3027,11743.554195892704
000d7d20_3028,11743.572196631336
000d7d20_3029,11743.591247456416
000d7d20_3030,11743.612174772208
000d7d20_3031,11743.623097679412
000d7d20_3032,11743.639753713944
000d7d20_3033,11743.661685059476
000d7d20_3034,11743.683236298217
000d7d20_3035,11743.695438265497
000d7d20_3036,11743.718109635438
000d7d20_3037,11743.722807326163
000d7d20_3038,11743.750421939205
000d7d20_3039,11743.762264420591
000d7d20_3040,11743.778668446212
000d7d20_3041,11743.78825464698
000d7d20_3042,11743.819337859128
000d7d20_3043,11743.82080420627
000d7d20_3044,11743.847021186848
000d7d20_3045,11743.857555380171
000d7d20_3046,11743.898078072078
000d7d20_3047,11743.904880246637
000d7d20_3048,11743.910990948085
000d7d20_3049,11743.927885736462
000d7d20_3050,11743.946659381169
000d7d20_3051,11743.966929831628
000d7d20_3052,11743.97738667192
000d7d20_3053,11743.986004222252
000d7d20_3054,11744.018852655685
000d7d20_3055,11744.019093047393
000d7d20_3056,11744.044994774607
000d7d20_3057,11744.0555725911
000d7d20_3058,11744.07470282224
000d7d20_3059,11744.088522507149
000d7d20_3060,11744.105082824475
000d7d20_3061,11744.115869077488
000d7d20_3062,11744.1429136854
000d7d20_3063,11744.158499290706
000d7d20_3064,11744.165967974754
000d7d20_3065,11744.184306153782
000d7d20_3066,11744.205718308216
000d7d20_3067,11744.21536012136
000d7d20_3068,11744.226918592694
000d7d20_3069,11744.2430995603
000d7d20_3070,11744.257203296747
000d7d20_3071,11744.27025678441
000d7d20_3072,11744.280565581492
000d7d20_3073,11744.307962528012
000d7d20_3074,11744.328054391412
000d7d20_3075,11744.341546640386
000d7d20_3076,11744.350784753986
000d7d20_3077,11744.36756220412
000d7d20_3078,11744.38736271188
000d7d20_3079,11744.39831762583
000d7d20_3080,11744.41712425833
000d7d20_3081,11744.421920460902
000d7d20_3082,11744.439889823228
000d7d20_3083,11744.448233248915
000d7d20_3084,11744.460509939518
000d7d20_3085,11744.470613355732
000d7d20_3086,11744.487918976603
000d7d20_3087,11744.512838932736
000d7d20_3088,11744.528248488868
000d7d20_3089,11744.529415460136
000d7d20_3090,11744.549919916231
000d7d20_3091,11744.56144947863
000d7d20_3092,11744.564381919074
000d7d20_3093,11744.588391099924
000d7d20_3094,11744.58682169875
000d7d20_3095,11744.608841008298
000d7d20_3096,11744.619328313396
000d7d20_3097,11744.632626861112
000d7d20_3098,11744.642831821247
000d7d20_3099,11744.660052870026
000d7d20_3100,11744.66865142046
000d7d20_3101,11744.67961484756
000d7d20_3102,11744.697430194965
000d7d20_3103,11744.728816253875
000d7d20_3104,11744.737618937124
000d7d20_3105,11744.745926749132
000d7d20_3106,11744.759868803303
000d7d20_3107,11744.785720169366
000d7d20_3108,11744.796024637504
000d7d20_3109,11744.80750241658
000d7d20_3110,11744.82471467314
000d7d20_3111,11744.84147695667
000d7d20_3112,11744.850492674084
000d7d20_3113,11744.854923365108
000d7d20_3114,11744.861068973902
000d7d20_3115,11744.863865452948
000d7d20_3116,11744.886615040665
000d7d20_3117,11744.89652049276
000d7d20_3118,11744.914960964195
000d7d20_3119,11744.935772275556
000d7d20_3120,11744.945617696065
000d7d20_3121,11744.95776157518
000d7d20_3122,11744.964655662998
000d7d20_3123,11744.996344575688
000d7d20_3124,11745.01409054083
000d7d20_3125,11745.020135120962
000d7d20_3126,11745.02393162712
000d7d20_3127,11745.042472078254
000d7d20_3128,11745.05536412984
000d7d20_3129,11745.0657175279
000d7d20_3130,11745.0734558738
000d7d20_3131,11745.094466952913
000d7d20_3132,11745.096494200032
000d7d20_3133,11745.109218710384
000d7d20_3134,11745.12510560972
000d7d20_3135,11745.152685741528
000d7d20_3136,11745.159138890802
000d7d20_3137,11745.155414886183
000d7d20_3138,11745.16621029142
000d7d20_3139,11745.18597611936
000d7d20_3140,11745.200646598249
000d7d20_3141,11745.219949244813
000d7d20_3142,11745.234559711973
000d7d20_3143,11745.249820528015
000d7d20_3144,11745.25567769361
000d7d20_3145,11745.270961336417
000d7d20_3146,11745.282669021024
000d7d20_3147,11745.300695996804
000d7d20_3148,11745.315089571284
000d7d20_3149,11745.32902156016
000d7d20_3150,11745.33875069986
000d7d20_3151,11745.363988159765
000d7d20_3152,11745.386863228425
000d7d20_3153,11745.396522539257
000d7d20_3154,11745.406351755038
000d7d20_3155,11745.417950892235
000d7d20_3156,11745.429074059715
000d7d20_3157,11745.441755538384
000d7d20_3158,11745.447443515122
000d7d20_3159,11745.45377595476
000d7d20_3160,11745.480452332316
000d7d20_3161,11745.48792246865
000d7d20_3162,11745.499978486429
000d7d20_3163,11745.50224167902
000d7d20_3164,11745.520470683825
000d7d20_3165,11745.532009857678
000d7d20_3166,11745.54242817383
000d7d20_3167,11745.56973952594
000d7d20_3168,11745.586227163572
000d7d20_3169,11745.5902693624
000d7d20_3170,11745.601947022062
000d7d20_3171,11745.6131583054
000d7d20_3172,11745.632129183348
000d7d20_3173,11745.651748677024
000d7d20_3174,11745.66008213209
000d7d20_3175,11745.678823541106
000d7d20_3176,11745.691359714056
000d7d20_3177,11745.70102205413
000d7d20_3178,11745.71377161592
000d7d20_3179,11745.732138834792
000d7d20_3180,11745.750899334464
000d7d20_3181,11745.765183863252
000d7d20_3182,11745.771564443836
000d7d20_3183,11745.780315378932
000d7d20_3184,11745.815859041428
000d7d20_3185,11745.82172154234
000d7d20_3186,11745.830506777822
000d7d20_3187,11745.840727757744
000d7d20_3188,11745.863755338183
000d7d20_3189,11745.86971771395
000d7d20_3190,11745.890988408191
000d7d20_3191,11745.89163505906
000d7d20_3192,11745.900736656691
000d7d20_3193,11745.901243138474
000d7d20_3194,11745.91196296816
000d7d20_3195,11745.92318127487
000d7d20_3196,11745.919644014397
000d7d20_3197,11745.929628925473
000d7d20_3198,11745.929473435768
000d7d20_3199,11745.94079544305
000d7d20_3200,11745.951496772335
000d7d20_3201,11745.930243467044
000d7d20_3202,11745.920666216123
000d7d20_3203,11745.912382623794
000d7d20_3204,11745.889549665157
000d7d20_3205,11745.88188993136
000d7d20_3206,11745.869976781309
000d7d20_3207,11745.849795417247
000d7d20_3208,11745.84098790995
000d7d20_3209,11745.830376095444
000d7d20_3210,11745.811644124851
000d7d20_3211,11745.800932038694
000d7d20_3212,11745.780689522946
000d7d20_3213,11745.78068850087
000d7d20_3214,11745.75916587128
000d7d20_3215,11745.7492421797
000d7d20_3216,11745.739668080636
000d7d20_3217,11745.729255301629
000d7d20_3218,11745.709600923656
000d7d20_3219,11745.710008365946
000d7d20_3220,11745.700538208002
000d7d20_3221,11745.681587441772
000d7d20_3222,11745.683013894415
000d7d20_3223,11745.660451114863
000d7d20_3224,11745.650699112564
000d7d20_3225,11745.639816054849
000d7d20_3226,11745.631020522242
000d7d20_3227,11745.623082539456
000d7d20_3228,11745.609556318735
000d7d20_3229,11745.600688550188
000d7d20_3230,11745.592047033277
000d7d20_3231,11745.584120799358
000d7d20_3232,11745.583879859842
000d7d20_3233,11745.563752534195
000d7d20_3234,11745.55262780244
000d7d20_3235,11745.549871978345
000d7d20_3236,11745.54256499261
000d7d20_3237,11745.531203605162
000d7d20_3238,11745.510807409222
000d7d20_3239,11745.514078592576
000d7d20_3240,11745.502040324827
000d7d20_3241,11745.49087409602
000d7d20_3242,11745.49204184952
000d7d20_3243,11745.485270060271
000d7d20_3244,11745.477326419375
000d7d20_3245,11745.482537974129
000d7d20_3246,11745.470586997382
000d7d20_3247,11745.455453170054
000d7d20_3248,11745.451730179764
000d7d20_3249,11745.441505977242
000d7d20_3250,11745.431794380382
000d7d20_3251,11745.42583459806
000d7d20_3252,11745.422504293443
000d7d20_3253,11745.410115401932
000d7d20_3254,11745.399824673988
000d7d20_3255,11745.410595274838
000d7d20_3256,11745.402564645496
000d7d20_3257,11745.384869686775
000d7d20_3258,11745.382292248898
000d7d20_3259,11745.372044213642
000d7d20_3260,11745.371577948275
000d7d20_3261,11745.370857879598
000d7d20_3262,11745.361175298814
000d7d20_3263,11745.351483687948
000d7d20_3264,11745.342532655412
000d7d20_3265,11745.352408242248
000d7d20_3266,11745.3412486437
000d7d20_3267,11745.331802396233
000d7d20_3268,11745.332221354163
000d7d20_3269,11745.331679930452
000d7d20_3270,11745.320367100128
000d7d20_3271,11745.321824005046
000d7d20_3272,11745.321756695705
000d7d20_3273,11745.3117651774
000d7d20_3274,11745.31106453864
000d7d20_3275,11745.311957458856
000d7d20_3276,11745.302347255678
000d7d20_3277,11745.301200276615
000d7d20_3278,11745.303430324677
000d7d20_3279,11745.304007382008
000d7d20_3280,11745.291676179631
000d7d20_3281,11745.294064983009
000d7d20_3282,11745.2926752661
000d7d20_3283,11745.281772227516
000d7d20_3284,11745.29239793616
000d7d20_3285,11745.293484160453
000d7d20_3286,11745.282118262126
000d7d20_3287,11745.291883338965
000d7d20_3288,11745.28321383502
000d7d20_3289,11745.284122947718
000d7d20_3290,11745.271758131536
000d7d20_3291,11745.28734740204
000d7d20_3292,11745.296166505166
000d7d20_3293,11745.2842352481
000d7d20_3294,11745.295343373573
000d7d20_3295,11745.277477823342
000d7d20_3296,11745.279654753524
000d7d20_3297,11745.286073121955
000d7d20_3298,11745.27961066244
000d7d20_3299,11745.269402352533
000d7d20_3300,11745.262373721636
000d7d20_3301,11745.261669887126
000d7d20_3302,11745.253312654557
000d7d20_3303,11745.243369348207
000d7d20_3304,11745.251050729556
000d7d20_3305,11745.24370035102
000d7d20_3306,11745.232773520038
000d7d20_3307,11745.24290038692
000d7d20_3308,11745.232513695477
000d7d20_3309,11745.222036479332
000d7d20_3310,11745.223476557703
000d7d20_3311,11745.23009893674
000d7d20_3312,11745.22273604086
000d7d20_3313,11745.227749793105
000d7d20_3314,11745.217171745984
000d7d20_3315,11745.206785093911
000d7d20_3316,11745.19507101139
000d7d20_3317,11745.193185389626
000d7d20_3318,11745.182841849732
000d7d20_3319,11745.180322445129
000d7d20_3320,11745.18256781083
000d7d20_3321,11745.186061772683
000d7d20_3322,11745.17913779273
000d7d20_3323,11745.175964756094
000d7d20_3324,11745.166752464726
000d7d20_3325,11745.149750648005
000d7d20_3326,11745.142566518012
000d7d20_3327,11745.125757399212
000d7d20_3328,11745.114565067846
000d7d20_3329,11745.107781562485
000d7d20_3330,11745.105048713518
000d7d20_3331,11745.09337357326
000d7d20_3332,11745.084902041388
000d7d20_3333,11745.077057579883
000d7d20_3334,11745.0654466853
000d7d20_3335,11745.060984963406
000d7d20_3336,11745.060500459897
000d7d20_3337,11745.03839387062
000d7d20_3338,11745.03047465854
000d7d20_3339,11745.030935040511
000d7d20_3340,11745.010673230974
000d7d20_3341,11745.001576977636
000d7d20_3342,11744.98985223727
000d7d20_3343,11744.981428880008
000d7d20_3344,11744.968245825465
000d7d20_3345,11744.95826068004
000d7d20_3346,11744.962497886325
000d7d20_3347,11744.949992356847
000d7d20_3348,11744.930468598084
000d7d20_3349,11744.92236007959
000d7d20_3350,11744.89979286438
000d7d20_3351,11744.894309043537
000d7d20_3352,11744.87880285827
000d7d20_3353,11744.856554155933
000d7d20_3354,11744.853753408668
000d7d20_3355,11744.833230492102
000d7d20_3356,11744.832759446896
000d7d20_3357,11744.811035498098
000d7d20_3358,11744.793278051697
000d7d20_3359,11744.787250205853
000d7d20_3360,11744.76990155739
000d7d20_3361,11744.7528205181
000d7d20_3362,11744.744087360112
000d7d20_3363,11744.733719161251
000d7d20_3364,11744.712612932855
000d7d20_3365,11744.706053153688
000d7d20_3366,11744.68432224831
000d7d20_3367,11744.664083379785
000d7d20_3368,11744.649463405503
000d7d20_3369,11744.637530446818
000d7d20_3370,11744.61047300636
000d7d20_3371,11744.586257603454
000d7d20_3372,11744.580227735529
000d7d20_3373,11744.556540441949
000d7d20_3374,11744.536026884934
000d7d20_3375,11744.529842381076
000d7d20_3376,11744.511933383714
000d7d20_3377,11744.486376322388
000d7d20_3378,11744.469481015196
000d7d20_3379,11744.457495519073
000d7d20_3380,11744.439368609912
000d7d20_3381,11744.425513148484
000d7d20_3382,11744.410886114803
000d7d20_3383,11744.385226301798
000d7d20_3384,11744.36564233837
000d7d20_3385,11744.363071612284
000d7d20_3386,11744.33012473089
000d7d20_3387,11744.30770672801
000d7d20_3388,11744.29916491232
000d7d20_3389,11744.277905855575
000d7d20_3390,11744.262354115916
000d7d20_3391,11744.2399578391
000d7d20_3392,11744.229020447116
000d7d20_3393,11744.222925991238
000d7d20_3394,11744.20642605096
000d7d20_3395,11744.19289517398
000d7d20_3396,11744.185824419495
000d7d20_3397,11744.172489692925
000d7d20_3398,11744.161780425382
000d7d20_3399,11744.142138196
000d7d20_3400,11744.12026804596
000d7d20_3401,11744.130371389949
000d7d20_3402,11744.1363182799
000d7d20_3403,11744.145144855269
000d7d20_3404,11744.137248736914
000d7d20_3405,11744.129899527805
000d7d20_3406,11744.131264601898
000d7d20_3407,11744.13107369258
000d7d20_3408,11744.134097035652
000d7d20_3409,11744.12000706829
000d7d20_3410,11744.12512032292
000d7d20_3411,11744.130631776865
000d7d20_3412,11744.136264693783
000d7d20_3413,11744.141040067268
000d7d20_3414,11744.13816410883
000d7d20_3415,11744.13904372101
000d7d20_3416,11744.139471080523
000d7d20_3417,11744.141330559074
000d7d20_3418,11744.14062899722
000d7d20_3419,11744.149557808209
000d7d20_3420,11744.149393611382
000d7d20_3421,11744.136635687368
000d7d20_3422,11744.142236615233
000d7d20_3423,11744.142015950674
000d7d20_3424,11744.147571980411
000d7d20_3425,11744.147943532298
000d7d20_3426,11744.148536840064
000d7d20_3427,11744.146366529989
000d7d20_3428,11744.148546894505
000d7d20_3429,11744.137152834906
000d7d20_3430,11744.138661225334
000d7d20_3431,11744.14823376268
000d7d20_3432,11744.13967181029
000d7d20_3433,11744.14843838928
000d7d20_3434,11744.12996367049
000d7d20_3435,11744.139471080523
000d7d20_3436,11744.139721279003
000d7d20_3437,11744.155338860615
000d7d20_3438,11744.138164108828
000d7d20_3439,11744.141330559074
000d7d20_3440,11744.13663568737
000d7d20_3441,11744.12310909762
000d7d20_3442,11744.118742064991
000d7d20_3443,11744.126262292586
000d7d20_3444,11744.123220545143
000d7d20_3445,11744.119767874725
000d7d20_3446,11744.121227680054
000d7d20_3447,11744.128500766128
000d7d20_3448,11744.132862568364
000d7d20_3449,11744.131882056708
000d7d20_3450,11744.135803962909
000d7d20_3451,11744.135803962909
000d7d20_3452,11744.135843132528
000d7d20_3453,11744.13545647993
000d7d20_3454,11744.14283590822
000d7d20_3455,11744.142835908222
000d7d20_3456,11744.142835908222
000d7d20_3457,11744.134081362148
000d7d20_3458,11744.138350073608
000d7d20_3459,11744.145365203378
000d7d20_3460,11744.143162900578
000d7d20_3461,11744.14416824812
000d7d20_3462,11744.148637537925
000d7d20_3463,11744.134081362148
000d7d20_3464,11744.133195330143
000d7d20_3465,11744.130926240428
000d7d20_3466,11744.130304017512
000d7d20_3467,11744.130764169076
000d7d20_3468,11744.129198805222
000d7d20_3469,11744.131729119692
000d7d20_3470,11744.138994487772
000d7d20_3471,11744.134081362148
000d7d20_3472,11744.144259087396
000d7d20_3473,11744.14054474939
000d7d20_3474,11744.139943299266
000d7d20_3475,11744.142236671503
000d7d20_3476,11744.138130725663
000d7d20_3477,11744.139698059069
000d7d20_3478,11744.14163824919
000d7d20_3479,11744.1495901143
000d7d20_3480,11744.158556629014
000d7d20_3481,11744.155829876032
000d7d20_3482,11744.155273691013
000d7d20_3483,11744.13830821785
000d7d20_3484,11744.139813744796
000d7d20_3485,11744.141132510937
000d7d20_3486,11744.142696580697
000d7d20_3487,11744.14060534284
000d7d20_3488,11744.1468189126
000d7d20_3489,11744.145919132356
000d7d20_3490,11744.154366778606
000d7d20_3491,11744.153943575606
000d7d20_3492,11744.157137704922
000d7d20_3493,11744.166459451855
000d7d20_3494,11744.1620974917
000d7d20_3495,11744.160049840984
000d7d20_3496,11744.16084217582
000d7d20_3497,11744.161224447224
000d7d20_3498,11744.161370210217
000d7d20_3499,11744.156547648205
000d7d20_3500,11744.137336981816
000d7d20_3501,11744.134305470245
000d7d20_3502,11744.130364518458
000d7d20_3503,11744.137635350757
000d7d20_3504,11744.120962205938
000d7d20_3505,11744.119566742633
000d7d20_3506,11744.124049305728
000d7d20_3507,11744.131652652868
000d7d20_3508,11744.122660248826
000d7d20_3509,11744.123676898902
000d7d20_3510,11744.121536290892
000d7d20_3511,11744.1109362712
000d7d20_3512,11744.119133619224
000d7d20_3513,11744.118225165656
000d7d20_3514,11744.106839465803
000d7d20_3515,11744.106403033064
000d7d20_3516,11744.108060669392
000d7d20_3517,11744.096495863316
000d7d20_3518,11744.09705479639
000d7d20_3519,11744.08943337068
000d7d20_3520,11744.09383831384
000d7d20_3521,11744.088011351963
000d7d20_3522,11744.09248341079
000d7d20_3523,11744.093281157866
000d7d20_3524,11744.084319872818
000d7d20_3525,11744.092538104598
000d7d20_3526,11744.085822058045
000d7d20_3527,11744.083209532628
000d7d20_3528,11744.067406718075
000d7d20_3529,11744.071955744716
000d7d20_3530,11744.061414901773
000d7d20_3531,11744.048496675614
000d7d20_3532,11744.045321366311
000d7d20_3533,11744.031279733614
000d7d20_3534,11744.039874764729
000d7d20_3535,11744.034454601286
000d7d20_3536,11744.03284921602
000d7d20_3537,11744.024503658227
000d7d20_3538,11744.01009978062
000d7d20_3539,11744.001575302347
000d7d20_3540,11744.002212361764
000d7d20_3541,11743.995566833026
000d7d20_3542,11743.996337266284
000d7d20_3543,11743.996167370811
000d7d20_3544,11743.982689339173
000d7d20_3545,11743.984043981409
000d7d20_3546,11743.974205100509
000d7d20_3547,11743.964902113075
000d7d20_3548,11743.955897833664
000d7d20_3549,11743.954198738957
000d7d20_3550,11743.943373166328
000d7d20_3551,11743.93582289321
000d7d20_3552,11743.924995890238
000d7d20_3553,11743.919037100248
000d7d20_3554,11743.90255289839
000d7d20_3555,11743.900930854885
000d7d20_3556,11743.894624052991
000d7d20_3557,11743.885691449865
000d7d20_3558,11743.8737853681
000d7d20_3559,11743.876588759062
000d7d20_3560,11743.868514164613
000d7d20_3561,11743.868576670871
000d7d20_3562,11743.856378104883
000d7d20_3563,11743.846090160698
000d7d20_3564,11743.836356271768
000d7d20_3565,11743.825242847826
000d7d20_3566,11743.813674308922
000d7d20_3567,11743.804135770017
000d7d20_3568,11743.783760453638
000d7d20_3569,11743.772688870553
000d7d20_3570,11743.767799481056
000d7d20_3571,11743.76569177159
000d7d20_3572,11743.750335982786
000d7d20_3573,11743.733075212
000d7d20_3574,11743.72432716488
000d7d20_3575,11743.71053592301
000d7d20_3576,11743.698936923123
000d7d20_3577,11743.69048908787
000d7d20_3578,11743.678969251618
000d7d20_3579,11743.681442708235
000d7d20_3580,11743.665600899762
000d7d20_3581,11743.65787165767
000d7d20_3582,11743.649530758574
000d7d20_3583,11743.641004290434
000d7d20_3584,11743.617422289595
000d7d20_3585,11743.611069162602
000d7d20_3586,11743.598951840111
000d7d20_3587,11743.593652645744
000d7d20_3588,11743.585173997144
000d7d20_3589,11743.575265762607
000d7d20_3590,11743.565957694078
000d7d20_3591,11743.54667708323
000d7d20_3592,11743.533997199094
000d7d20_3593,11743.52409165594
000d7d20_3594,11743.51381934654
000d7d20_3595,11743.501022542658
000d7d20_3596,11743.483387325736
000d7d20_3597,11743.473482964791
000d7d20_3598,11743.47356281706
000d7d20_3599,11743.458289006065
000d7d20_3600,11743.44518042138
000d7d20_3601,11743.43207690602
000d7d20_3602,11743.4194494634
000d7d20_3603,11743.40364473398
000d7d20_3604,11743.394379425308
000d7d20_3605,11743.3790255864
000d7d20_3606,11743.359721752902
000d7d20_3607,11743.351233750334
000d7d20_3608,11743.34363306116
000d7d20_3609,11743.327785041409
000d7d20_3610,11743.31259275829
000d7d20_3611,11743.300778341008
000d7d20_3612,11743.28135985611
000d7d20_3613,11743.273490048678
000d7d20_3614,11743.259152499986
000d7d20_3615,11743.243152080591
000d7d20_3616,11743.245760876276
000d7d20_3617,11743.223138419657
000d7d20_3618,11743.217012057636
000d7d20_3619,11743.192721867106
000d7d20_3620,11743.181961077456
000d7d20_3621,11743.168102511498
000d7d20_3622,11743.154622926266
000d7d20_3623,11743.139690164478
000d7d20_3624,11743.12490155608
000d7d20_3625,11743.117511049986
000d7d20_3626,11743.097680302964
000d7d20_3627,11743.085269945532
000d7d20_3628,11743.06485281832
000d7d20_3629,11743.048870573402
000d7d20_3630,11743.03995894644
000d7d20_3631,11743.018538362694
000d7d20_3632,11743.0027797894
000d7d20_3633,11742.989541434368
000d7d20_3634,11742.98617423796
000d7d20_3635,11742.968184628273
000d7d20_3636,11742.94728037975
000d7d20_3637,11742.935274204172
000d7d20_3638,11742.91816836326
000d7d20_3639,11742.901782128149
000d7d20_3640,11742.880527911626
000d7d20_3641,11742.864920300522
000d7d20_3642,11742.85683968825
000d7d20_3643,11742.83758394541
000d7d20_3644,11742.81718605098
000d7d20_3645,11742.806886442602
000d7d20_3646,11742.783872423905
000d7d20_3647,11742.771923183169
000d7d20_3648,11742.74727703174
000d7d20_3649,11742.735369464855
000d7d20_3650,11742.722575124548
000d7d20_3651,11742.696355396343
000d7d20_3652,11742.690258104263
000d7d20_3653,11742.678482668793
000d7d20_3654,11742.657659912536
000d7d20_3655,11742.64343566948
000d7d20_3656,11742.617389296764
000d7d20_3657,11742.608666905757
000d7d20_3658,11742.59121519973
000d7d20_3659,11742.573993823044
000d7d20_3660,11742.552844371006
000d7d20_3661,11742.532580687646
000d7d20_3662,11742.516149012326
000d7d20_3663,11742.500706920217
000d7d20_3664,11742.478237569596
000d7d20_3665,11742.463077768078
000d7d20_3666,11742.441976463924
000d7d20_3667,11742.418725681882
000d7d20_3668,11742.40220492553
000d7d20_3669,11742.380434050949
000d7d20_3670,11742.357542285465
000d7d20_3671,11742.363408617315
000d7d20_3672,11742.34286532721
000d7d20_3673,11742.32394879077
000d7d20_3674,11742.301856187883
000d7d20_3675,11742.285134063042
000d7d20_3676,11742.264157471564
000d7d20_3677,11742.243159057052
000d7d20_3678,11742.223252819946
000d7d20_3679,11742.204659878204
000d7d20_3680,11742.183421040218
000d7d20_3681,11742.173473516084
000d7d20_3682,11742.152629872064
000d7d20_3683,11742.133108623912
000d7d20_3684,11742.112020920733
000d7d20_3685,11742.095606633447
000d7d20_3686,11742.07483215858
000d7d20_3687,11742.053691339916
000d7d20_3688,11742.03426397413
000d7d20_3689,11742.023660868372
000d7d20_3690,11742.003992566018
000d7d20_3691,11741.98375971274
000d7d20_3692,11741.965803251362
000d7d20_3693,11741.94363464039
000d7d20_3694,11741.93590913102
000d7d20_3695,11741.914969123556
000d7d20_3696,11741.89538726028
000d7d20_3697,11741.874644595284
000d7d20_3698,11741.85562005172
000d7d20_3699,11741.835916438517
000d7d20_3700,11741.817923999031
000d7d20_3701,11741.79840032213
000d7d20_3702,11741.778567641988
000d7d20_3703,11741.757718679832
000d7d20_3704,11741.737775074056
000d7d20_3705,11741.718078185018
000d7d20_3706,11741.69767744072
000d7d20_3707,11741.687943078496
000d7d20_3708,11741.667882564258
000d7d20_3709,11741.64801814221
000d7d20_3710,11741.628237189288
000d7d20_3711,11741.60850702116
000d7d20_3712,11741.588617591004
000d7d20_3713,11741.568474941332
000d7d20_3714,11741.548384007532
000d7d20_3715,11741.528548623066
000d7d20_3716,11741.507916175622
000d7d20_3717,11741.488071162785
000d7d20_3718,11741.477453425989
000d7d20_3719,11741.454492965646
000d7d20_3720,11741.434379821068
000d7d20_3721,11741.41222501357
000d7d20_3722,11741.392483091378
000d7d20_3723,11741.373062975465
000d7d20_3724,11741.35338116841
000d7d20_3725,11741.334375721006
000d7d20_3726,11741.324456006983
000d7d20_3727,11741.30431529136
000d7d20_3728,11741.28723688281
000d7d20_3729,11741.267526436504
000d7d20_3730,11741.248470463766
000d7d20_3731,11741.22849409182
000d7d20_3732,11741.208327575929
000d7d20_3733,11741.18724822643
000d7d20_3734,11741.167752314186
000d7d20_3735,11741.146697987851
000d7d20_3736,11741.126535538084
000d7d20_3737,11741.106446127817
000d7d20_3738,11741.077086277006
000d7d20_3739,11741.057543831326
000d7d20_3740,11741.038511573935
000d7d20_3741,11741.017888758724
000d7d20_3742,11740.99724541426
000d7d20_3743,11740.978089781427
000d7d20_3744,11740.968384622978
000d7d20_3745,11740.948305797236
000d7d20_3746,11740.927801608372
000d7d20_3747,11740.90806895783
000d7d20_3748,11740.8875230381
000d7d20_3749,11740.863345367716
000d7d20_3750,11740.82085500652
000d7d20_3751,11740.79287023019
000d7d20_3752,11740.78662027872
000d7d20_3753,11740.76665941045
000d7d20_3754,11740.746057409342
000d7d20_3755,11740.715014506828
000d7d20_3756,11740.694245574272
000d7d20_3757,11740.689845717494
000d7d20_3758,11740.669516595484
000d7d20_3759,11740.641731083071
000d7d20_3760,11740.623946467327
000d7d20_3761,11740.59307319167
000d7d20_3762,11740.598933470814
000d7d20_3763,11740.566241016044
000d7d20_3764,11740.546448967842
000d7d20_3765,11740.518890024485
000d7d20_3766,11740.503027315255
000d7d20_3767,11740.484964720285
000d7d20_3768,11740.45837561225
000d7d20_3769,11740.439554554934
000d7d20_3770,11740.415511769635
000d7d20_3771,11740.394063075408
000d7d20_3772,11740.37685846751
000d7d20_3773,11740.364362716438
000d7d20_3774,11740.339229495035
000d7d20_3775,11740.33440832872
000d7d20_3776,11740.307431207391
000d7d20_3777,11740.291502003734
000d7d20_3778,11740.254992441653
000d7d20_3779,11740.265683044749
000d7d20_3780,11740.247117710733
000d7d20_3781,11740.238095692372
000d7d20_3782,11740.218501558438
000d7d20_3783,11740.198504682485
000d7d20_3784,11740.178622976278
000d7d20_3785,11740.158458599732
000d7d20_3786,11740.138337845448
000d7d20_3787,11740.11842465452
000d7d20_3788,11740.09855784761
000d7d20_3789,11740.078505493197
000d7d20_3790,11740.05860389884
000d7d20_3791,11740.038304222036
000d7d20_3792,11740.018228734574
000d7d20_3793,11739.998613826872
000d7d20_3794,11739.9784106814
000d7d20_3795,11739.958616508986
000d7d20_3796,11739.93857796689
000d7d20_3797,11739.918620438424
000d7d20_3798,11739.897983510942
000d7d20_3799,11739.878613690842
000d7d20_3800,11739.868622838148
000d7d20_3801,11739.848623823402
000d7d20_3802,11739.828606891271
000d7d20_3803,11739.80861353043
000d7d20_3804,11739.78858185758
000d7d20_3805,11739.767751488287
000d7d20_3806,11739.748615496925
000d7d20_3807,11739.72840874785
000d7d20_3808,11739.70860507769
000d7d20_3809,11739.688610094096
000d7d20_3810,11739.668288889745
000d7d20_3811,11739.644971333368
000d7d20_3812,11739.621620941663
000d7d20_3813,11739.604922546543
000d7d20_3814,11739.588227239305
000d7d20_3815,11739.568605961944
000d7d20_3816,11739.548521736016
000d7d20_3817,11739.527409383943
000d7d20_3818,11739.505221278465
000d7d20_3819,11739.49122060938
000d7d20_3820,11739.46916688468
000d7d20_3821,11739.454419697084
000d7d20_3822,11739.434506805728
000d7d20_3823,11739.426640937145
000d7d20_3824,11739.399485257934
000d7d20_3825,11739.380697031687
000d7d20_3826,11739.36062576
000d7d20_3827,11739.33977959532
000d7d20_3828,11739.31912039514
000d7d20_3829,11739.298961658778
000d7d20_3830,11739.28376066506
000d7d20_3831,11739.26351871542
000d7d20_3832,11739.24375651447
000d7d20_3833,11739.225833003522
000d7d20_3834,11739.206514152584
000d7d20_3835,11739.186657032027
000d7d20_3836,11739.164267936352
000d7d20_3837,11739.154486693476
000d7d20_3838,11739.143692455826
000d7d20_3839,11739.120220714669
000d7d20_3840,11739.100684841842
000d7d20_3841,11739.080899166014
000d7d20_3842,11739.060959826777
000d7d20_3843,11739.040943090862
000d7d20_3844,11739.020858515863
000d7d20_3845,11739.00052563937
000d7d20_3846,11738.980480184931
000d7d20_3847,11738.960784115956
000d7d20_3848,11738.952206730926
000d7d20_3849,11738.932860005916
000d7d20_3850,11738.912632982356
000d7d20_3851,11738.893304329318
000d7d20_3852,11738.873719364738
000d7d20_3853,11738.85419854454
000d7d20_3854,11738.835721750978
000d7d20_3855,11738.81607479369
000d7d20_3856,11738.800223493572
000d7d20_3857,11738.79182131366
000d7d20_3858,11738.77370881568
000d7d20_3859,11738.755834973035
000d7d20_3860,11738.734211838146
000d7d20_3861,11738.70962771384
000d7d20_3862,11738.688817137529
000d7d20_3863,11738.67899254191
000d7d20_3864,11738.659960375471
000d7d20_3865,11738.641177302236
000d7d20_3866,11738.62084091805
000d7d20_3867,11738.610830299976
000d7d20_3868,11738.590346859202
000d7d20_3869,11738.57023477568
000d7d20_3870,11738.560280723828
000d7d20_3871,11738.539957010482
000d7d20_3872,11738.519826530346
000d7d20_3873,11738.50987243522
000d7d20_3874,11738.489838186946
000d7d20_3875,11738.489838186944
000d7d20_3876,11738.469768865783
000d7d20_3877,11738.449250496951
000d7d20_3878,11738.439244027282
000d7d20_3879,11738.41922792148
000d7d20_3880,11738.409221476357
000d7d20_3881,11738.38903430898
000d7d20_3882,11738.388194747224
000d7d20_3883,11738.366678416587
000d7d20_3884,11738.353754598242
000d7d20_3885,11738.334874995146
000d7d20_3886,11738.324564515837
000d7d20_3887,11738.316617023807
000d7d20_3888,11738.297250472597
000d7d20_3889,11738.287384393489
000d7d20_3890,11738.26743759952
000d7d20_3891,11738.258083733084
000d7d20_3892,11738.248578596063
000d7d20_3893,11738.228375250996
000d7d20_3894,11738.22856902544
000d7d20_3895,11738.217907640366
000d7d20_3896,11738.197837606069
000d7d20_3897,11738.187859292748
000d7d20_3898,11738.177258553782
000d7d20_3899,11738.16847118034
000d7d20_3900,11738.147382717532
000d7d20_3901,11738.137828375418
000d7d20_3902,11738.117639224309
000d7d20_3903,11738.103577410806
000d7d20_3904,11738.084650367306
000d7d20_3905,11738.073291179522
000d7d20_3906,11738.043791943172
000d7d20_3907,11738.038578881831
000d7d20_3908,11738.02771686165
000d7d20_3909,11738.017652660928
000d7d20_3910,11737.997975533226
000d7d20_3911,11737.988332899333
000d7d20_3912,11737.967947009947
000d7d20_3913,11737.9475773187
000d7d20_3914,11737.92712777302
000d7d20_3915,11737.907447535888
000d7d20_3916,11737.897956935534
000d7d20_3917,11737.877845190922
000d7d20_3918,11737.857534481382
000d7d20_3919,11737.837926052094
000d7d20_3920,11737.818203629276
000d7d20_3921,11737.808042458242
000d7d20_3922,11737.787941790311
000d7d20_3923,11737.765869928851
000d7d20_3924,11737.7539528183
000d7d20_3925,11737.743135577331
000d7d20_3926,11737.724044765238
000d7d20_3927,11737.703926390666
000d7d20_3928,11737.683619461492
000d7d20_3929,11737.663288260615
000d7d20_3930,11737.662964137007
000d7d20_3931,11737.642499190688
000d7d20_3932,11737.621617814211
000d7d20_3933,11737.600308741386
000d7d20_3934,11737.590153257035
000d7d20_3935,11737.582880017531
000d7d20_3936,11737.56373634999
000d7d20_3937,11737.557306314133
000d7d20_3938,11737.535840286437
000d7d20_3939,11737.51396136546
000d7d20_3940,11737.513162620857
000d7d20_3941,11737.496217493896
000d7d20_3942,11737.478083930406
000d7d20_3943,11737.468251187767
000d7d20_3944,11737.456670565094
000d7d20_3945,11737.443871125208
000d7d20_3946,11737.42371154436
000d7d20_3947,11737.413487942831
000d7d20_3948,11737.394199405571
000d7d20_3949,11737.393566983868
000d7d20_3950,11737.372952632892
000d7d20_3951,11737.363357436649
000d7d20_3952,11737.342974200692
000d7d20_3953,11737.333951424724
000d7d20_3954,11737.323579304764
000d7d20_3955,11737.314183607054
000d7d20_3956,11737.29286860683
000d7d20_3957,11737.283270202986
000d7d20_3958,11737.272852277136
000d7d20_3959,11737.262574886818
000d7d20_3960,11737.252826850963
000d7d20_3961,11737.232464535278
000d7d20_3962,11737.223243130751
000d7d20_3963,11737.2222669338
000d7d20_3964,11737.200108229774
000d7d20_3965,11737.1922375021
000d7d20_3966,11737.18270471317
000d7d20_3967,11737.165807622145
000d7d20_3968,11737.167166803898
000d7d20_3969,11737.155537878516
000d7d20_3970,11737.13792093076
000d7d20_3971,11737.126280975584
000d7d20_3972,11737.113647218475
000d7d20_3973,11737.114475473105
000d7d20_3974,11737.095463282274
000d7d20_3975,11737.086352645312
000d7d20_3976,11737.077073875596
000d7d20_3977,11737.067440214792
000d7d20_3978,11737.057888659949
000d7d20_3979,11737.04784646827
000d7d20_3980,11737.03608117702
000d7d20_3981,11737.022940737816
000d7d20_3982,11737.01359410909
000d7d20_3983,11737.006336755545
000d7d20_3984,11736.99778134643
000d7d20_3985,11736.987717551723
000d7d20_3986,11736.977857252272
000d7d20_3987,11736.977536468485
000d7d20_3988,11736.967745430187
000d7d20_3989,11736.947855274278
000d7d20_3990,11736.937292561408
000d7d20_3991,11736.927708815278
000d7d20_3992,11736.92733577538
000d7d20_3993,11736.916882359246
000d7d20_3994,11736.903439646025
000d7d20_3995,11736.892741588372
000d7d20_3996,11736.879576366637
000d7d20_3997,11736.877929670649
000d7d20_3998,11736.86894392778
000d7d20_3999,11736.859819842197
000d7d20_4000,11736.852421190908
000d7d20_4001,11736.842015363629
000d7d20_4002,11736.84334810772
000d7d20_4003,11736.8329943505
000d7d20_4004,11736.823417007525
000d7d20_4005,11736.812331269295
000d7d20_4006,11736.802202617342
000d7d20_4007,11736.801793379846
000d7d20_4008,11736.792361430931
000d7d20_4009,11736.782112760911
000d7d20_4010,11736.772680736543
000d7d20_4011,11736.772102267869
000d7d20_4012,11736.76182236598
000d7d20_4013,11736.749887690528
000d7d20_4014,11736.737633696504
000d7d20_4015,11736.727619847292
000d7d20_4016,11736.737873261432
000d7d20_4017,11736.73257769015
000d7d20_4018,11736.72224263789
000d7d20_4019,11736.713447484852
000d7d20_4020,11736.703196018643
000d7d20_4021,11736.703221251531
000d7d20_4022,11736.703661333046
000d7d20_4023,11736.6949984538
000d7d20_4024,11736.685239567008
000d7d20_4025,11736.675953718408
000d7d20_4026,11736.675869696774
000d7d20_4027,11736.674974017726
000d7d20_4028,11736.66689765302
000d7d20_4029,11736.657390529332
000d7d20_4030,11736.646565546913
000d7d20_4031,11736.655722800624
000d7d20_4032,11736.644937413115
000d7d20_4033,11736.636970670845
000d7d20_4034,11736.627432080715
000d7d20_4035,11736.636958274095
000d7d20_4036,11736.627107172511
000d7d20_4037,11736.617345097851
000d7d20_4038,11736.617095359548
000d7d20_4039,11736.607053916689
000d7d20_4040,11736.607350888036
000d7d20_4041,11736.607080920712
000d7d20_4042,11736.59732224617
000d7d20_4043,11736.596782100163
000d7d20_4044,11736.58575725668
000d7d20_4045,11736.584864387623
000d7d20_4046,11736.585586688168
000d7d20_4047,11736.57636063004
000d7d20_4048,11736.567182482197
000d7d20_4049,11736.566795893355
000d7d20_4050,11736.56728780534
000d7d20_4051,11736.55687438797
000d7d20_4052,11736.556469642192
000d7d20_4053,11736.547353499633
000d7d20_4054,11736.537403302318
000d7d20_4055,11736.547041149826
000d7d20_4056,11736.53675224109
000d7d20_4057,11736.52684625623
000d7d20_4058,11736.51728762924
000d7d20_4059,11736.527032426306
000d7d20_4060,11736.517327728703
000d7d20_4061,11736.506445088397
000d7d20_4062,11736.49664440951
000d7d20_4063,11736.49737603918
000d7d20_4064,11736.496822881089
000d7d20_4065,11736.487453916625
000d7d20_4066,11736.47302891484
000d7d20_4067,11736.47545305634
000d7d20_4068,11736.462486964228
000d7d20_4069,11736.462441361014
000d7d20_4070,11736.455511181564
000d7d20_4071,11736.4470324942
000d7d20_4072,11736.437078176888
000d7d20_4073,11736.437407413629
000d7d20_4074,11736.43654975498
000d7d20_4075,11736.42674758565
000d7d20_4076,11736.416598628815
000d7d20_4077,11736.406512702555
000d7d20_4078,11736.402954814606
000d7d20_4079,11736.396174006362
000d7d20_4080,11736.397181114104
000d7d20_4081,11736.387355127086
000d7d20_4082,11736.377382428798
000d7d20_4083,11736.376948793662
000d7d20_4084,11736.367273444026
000d7d20_4085,11736.35641563666
000d7d20_4086,11736.34732771109
000d7d20_4087,11736.33623371187
000d7d20_4088,11736.337064911197
000d7d20_4089,11736.32329799493
000d7d20_4090,11736.312860313556
000d7d20_4091,11736.30619629951
000d7d20_4092,11736.296588165376
000d7d20_4093,11736.29722007786
000d7d20_4094,11736.287041225984
000d7d20_4095,11736.276978297215
000d7d20_4096,11736.267380758636
000d7d20_4097,11736.25646332144
000d7d20_4098,11736.255981222888
000d7d20_4099,11736.247186959325
000d7d20_4100,11736.237238451284
000d7d20_4101,11736.226404563566
000d7d20_4102,11736.222032899968
000d7d20_4103,11736.217232539902
000d7d20_4104,11736.206249821746
000d7d20_4105,11736.196849768843
000d7d20_4106,11736.187463080338
000d7d20_4107,11736.186615523577
000d7d20_4108,11736.166937292126
000d7d20_4109,11736.15708107935
000d7d20_4110,11736.147069230115
000d7d20_4111,11736.13705736485
000d7d20_4112,11736.13705736485
000d7d20_4113,11736.127181815456
000d7d20_4114,11736.117170113826
000d7d20_4115,11736.106934934343
000d7d20_4116,11736.086928153343
000d7d20_4117,11736.086985804724
000d7d20_4118,11736.076039030511
000d7d20_4119,11736.066387998697
000d7d20_4120,11736.057026714148
000d7d20_4121,11736.046854424216
000d7d20_4122,11736.03677998242
000d7d20_4123,11736.0264832735
000d7d20_4124,11736.016191051156
000d7d20_4125,11736.007221953563
000d7d20_4126,11735.997327295774
000d7d20_4127,11735.987133130751
000d7d20_4128,11735.977259511252
000d7d20_4129,11735.966118049071
000d7d20_4130,11735.94587436587
000d7d20_4131,11735.946503431494
000d7d20_4132,11735.937040719573
000d7d20_4133,11735.926787974267
000d7d20_4134,11735.905770978128
000d7d20_4135,11735.895640031882
000d7d20_4136,11735.896321413244
000d7d20_4137,11735.876450975396
000d7d20_4138,11735.866349510676
000d7d20_4139,11735.856978783022
000d7d20_4140,11735.83709576534
000d7d20_4141,11735.837173604044
000d7d20_4142,11735.826488406929
000d7d20_4143,11735.81657837114
000d7d20_4144,11735.796787991394
000d7d20_4145,11735.786803187542
000d7d20_4146,11735.78689464394
000d7d20_4147,11735.77704105982
000d7d20_4148,11735.756393437372
000d7d20_4149,11735.746539297004
000d7d20_4150,11735.746423212897
000d7d20_4151,11735.735841217956
000d7d20_4152,11735.72622346542
000d7d20_4153,11735.716530368303
000d7d20_4154,11735.695562389035
000d7d20_4155,11735.69513477648
000d7d20_4156,11735.685598348658
000d7d20_4157,11735.675585924815
000d7d20_4158,11735.666191593458
000d7d20_4159,11735.656061252876
000d7d20_4160,11735.655760899346
000d7d20_4161,11735.6363996042
000d7d20_4162,11735.626289617354
000d7d20_4163,11735.61610701762
000d7d20_4164,11735.606173092783
000d7d20_4165,11735.60639084872
000d7d20_4166,11735.596587846385
000d7d20_4167,11735.58780490436
000d7d20_4168,11735.577738749813
000d7d20_4169,11735.568584434435
000d7d20_4170,11735.568603082738
000d7d20_4171,11735.555886746468
000d7d20_4172,11735.548588758176
000d7d20_4173,11735.538564109573
000d7d20_4174,11735.528083183232
000d7d20_4175,11735.528508624458
000d7d20_4176,11735.518551787804
000d7d20_4177,11735.508613703983
000d7d20_4178,11735.498504188825
000d7d20_4179,11735.488153880357
000d7d20_4180,11735.487783158878
000d7d20_4181,11735.47791767257
000d7d20_4182,11735.478541909722
000d7d20_4183,11735.468533364668
000d7d20_4184,11735.458601087495
000d7d20_4185,11735.456674119172
000d7d20_4186,11735.446395698082
000d7d20_4187,11735.438220559598
000d7d20_4188,11735.428622770678
000d7d20_4189,11735.418411099829
000d7d20_4190,11735.428622770682
000d7d20_4191,11735.40859340646
000d7d20_4192,11735.397300789344
000d7d20_4193,11735.388609392196
000d7d20_4194,11735.366497466444
000d7d20_4195,11735.367567577296
000d7d20_4196,11735.356690416877
000d7d20_4197,11735.33861046656
000d7d20_4198,11735.32677519774
000d7d20_4199,11735.328311578964
000d7d20_4200,11735.308590991212
000d7d20_4201,11735.29834178994
000d7d20_4202,11735.286892110327
000d7d20_4203,11735.278619643555
000d7d20_4204,11735.268623813536
000d7d20_4205,11735.258576657838
000d7d20_4206,11735.248537355776
000d7d20_4207,11735.23862217848
000d7d20_4208,11735.2185992935
000d7d20_4209,11735.216972641969
000d7d20_4210,11735.208460443146
000d7d20_4211,11735.187054798536
000d7d20_4212,11735.18859166935
000d7d20_4213,11735.178241639383
000d7d20_4214,11735.158624139816
000d7d20_4215,11735.157436838092
000d7d20_4216,11735.147314020973
000d7d20_4217,11735.13778752915
000d7d20_4218,11735.1284206762
000d7d20_4219,11735.118511382729
000d7d20_4220,11735.108566159071
000d7d20_4221,11735.108507537894
000d7d20_4222,11735.087964336706
000d7d20_4223,11735.078616721548
000d7d20_4224,11735.07862371291
000d7d20_4225,11735.058515143408
000d7d20_4226,11735.0586242022
000d7d20_4227,11735.03861307477
000d7d20_4228,11735.037718709766
000d7d20_4229,11735.038521135126
000d7d20_4230,11735.01803044016
000d7d20_4231,11735.018615074749
000d7d20_4232,11735.008623641754
000d7d20_4233,11734.998536360625
000d7d20_4234,11734.98855710907
000d7d20_4235,11734.978551759055
000d7d20_4236,11734.97743098353
000d7d20_4237,11734.968033922058
000d7d20_4238,11734.956709884322
000d7d20_4239,11734.95636691329
000d7d20_4240,11734.947402673484
000d7d20_4241,11734.937539089406
000d7d20_4242,11734.937704099417
000d7d20_4243,11734.928607230033
000d7d20_4244,11734.927504189363
000d7d20_4245,11734.918519526887
000d7d20_4246,11734.908439655015
000d7d20_4247,11734.907061031532
000d7d20_4248,11734.908624389782
000d7d20_4249,11734.898097731506
000d7d20_4250,11734.898620195769
000d7d20_4251,11734.8883844769
000d7d20_4252,11734.887115119189
000d7d20_4253,11734.88804321198
000d7d20_4254,11734.878116171449
000d7d20_4255,11734.8776136719
000d7d20_4256,11734.878516686082
000d7d20_4257,11734.868564034256
000d7d20_4258,11734.868572112991
000d7d20_4259,11734.85806212538
000d7d20_4260,11734.858598921694
000d7d20_4261,11734.858583206467
000d7d20_4262,11734.858624476854
000d7d20_4263,11734.858569617469
000d7d20_4264,11734.858548227716
000d7d20_4265,11734.847860722351
000d7d20_4266,11734.848203880274
000d7d20_4267,11734.848591452906
000d7d20_4268,11734.848577248547
000d7d20_4269,11734.848566141474
000d7d20_4270,11734.847971748504
000d7d20_4271,11734.848076401056
000d7d20_4272,11734.848536200165
000d7d20_4273,11734.84855289086
000d7d20_4274,11734.848076401053
000d7d20_4275,11734.847361886865
000d7d20_4276,11734.847880107853
000d7d20_4277,11734.854173533033
000d7d20_4278,11734.84478023817
000d7d20_4279,11734.857365552893
000d7d20_4280,11734.858288082867
000d7d20_4281,11734.85862447896
000d7d20_4282,11734.858600756605
000d7d20_4283,11734.858085298229
000d7d20_4284,11734.8581599214
000d7d20_4285,11734.868223614843
000d7d20_4286,11734.86857299512
000d7d20_4287,11734.86862198882
000d7d20_4288,11734.878171220544
000d7d20_4289,11734.877395892912
000d7d20_4290,11734.888384234302
000d7d20_4291,11734.878468368064
000d7d20_4292,11734.88853064262
000d7d20_4293,11734.897373085432
000d7d20_4294,11734.89862000659
000d7d20_4295,11734.907349481362
000d7d20_4296,11734.90802507486
000d7d20_4297,11734.90853919974
000d7d20_4298,11734.917794419636
000d7d20_4299,11734.928468371145
000d7d20_4300,11734.928443295694
000d7d20_4301,11734.938551342457
000d7d20_4302,11734.938485995062
000d7d20_4303,11734.946226175529
000d7d20_4304,11734.957141451923
000d7d20_4305,11734.958624169867
000d7d20_4306,11734.96850629187
000d7d20_4307,11734.97754426536
000d7d20_4308,11734.977121766986
000d7d20_4309,11734.987911995122
000d7d20_4310,11734.997897952844
000d7d20_4311,11735.008601563752
000d7d20_4312,11735.018441439848
000d7d20_4313,11735.016980156885
000d7d20_4314,11735.02576201378
000d7d20_4315,11735.047541011643
000d7d20_4316,11735.048373493028
000d7d20_4317,11735.057522722747
000d7d20_4318,11735.057519378068
000d7d20_4319,11735.07680850996
000d7d20_4320,11735.088617142592
000d7d20_4321,11735.097241473388
000d7d20_4322,11735.107995941136
000d7d20_4323,11735.11854307524
000d7d20_4324,11735.126657369656
000d7d20_4325,11735.136953731597
000d7d20_4326,11735.14861741299
000d7d20_4327,11735.158513088025
000d7d20_4328,11735.178565978687
000d7d20_4329,11735.178192825551
000d7d20_4330,11735.187942914265
000d7d20_4331,11735.208574844111
000d7d20_4332,11735.208503419137
000d7d20_4333,11735.228541024197
000d7d20_4334,11735.238408349096
000d7d20_4335,11735.238371771027
000d7d20_4336,11735.257361983937
000d7d20_4337,11735.25749678262
000d7d20_4338,11735.277449693853
000d7d20_4339,11735.287740064976
000d7d20_4340,11735.28840420942
000d7d20_4341,11735.308547877416
000d7d20_4342,11735.318455953991
000d7d20_4343,11735.317562726968
000d7d20_4344,11735.328155517996
000d7d20_4345,11735.338015949686
000d7d20_4346,11735.348499789285
000d7d20_4347,11735.356038709577
000d7d20_4348,11735.358622357957
000d7d20_4349,11735.378507421936
000d7d20_4350,11735.388482988625
000d7d20_4351,11735.388619550036
000d7d20_4352,11735.397816675004
000d7d20_4353,11735.397899038944
000d7d20_4354,11735.417188897913
000d7d20_4355,11735.427753531676
000d7d20_4356,11735.42799865254
000d7d20_4357,11735.438389181862
000d7d20_4358,11735.447528118731
000d7d20_4359,11735.448193676017
000d7d20_4360,11735.456679974674
000d7d20_4361,11735.466930010392
000d7d20_4362,11735.477258639565
000d7d20_4363,11735.488597802723
000d7d20_4364,11735.488555000293
000d7d20_4365,11735.498515917823
000d7d20_4366,11735.508421503337
000d7d20_4367,11735.508577603225
000d7d20_4368,11735.518039858796
000d7d20_4369,11735.528590135464
000d7d20_4370,11735.528577962692
000d7d20_4371,11735.538600176284
000d7d20_4372,11735.53499757154
000d7d20_4373,11735.548620204128
000d7d20_4374,11735.556468392911
000d7d20_4375,11735.554874739855
000d7d20_4376,11735.568483356114
000d7d20_4377,11735.568472197514
000d7d20_4378,11735.568463747166
000d7d20_4379,11735.578271296854
000d7d20_4380,11735.588619502709
000d7d20_4381,11735.58689651691
000d7d20_4382,11735.5971193864
000d7d20_4383,11735.596189051124
000d7d20_4384,11735.607043351103
000d7d20_4385,11735.607317819218
000d7d20_4386,11735.60774095534
000d7d20_4387,11735.617480575254
000d7d20_4388,11735.62639792554
000d7d20_4389,11735.627851979572
000d7d20_4390,11735.62564778222
000d7d20_4391,11735.62494604501
000d7d20_4392,11735.635436077457
000d7d20_4393,11735.645934762188
000d7d20_4394,11735.635704613096
000d7d20_4395,11735.645611484637
000d7d20_4396,11735.655390902552
000d7d20_4397,11735.64477231282
000d7d20_4398,11735.655520726636
000d7d20_4399,11735.655346037958
000d7d20_4400,11735.655685200129
000d7d20_4401,11735.665624610068
000d7d20_4402,11735.666421378528
000d7d20_4403,11735.66769631378
000d7d20_4404,11735.677522264768
000d7d20_4405,11735.667360840904
000d7d20_4406,11735.67651626426
000d7d20_4407,11735.684740735309
000d7d20_4408,11735.675924313404
000d7d20_4409,11735.685695163464
000d7d20_4410,11735.675327030374
000d7d20_4411,11735.686607779166
000d7d20_4412,11735.68542935172
000d7d20_4413,11735.68598476154
000d7d20_4414,11735.685445364466
000d7d20_4415,11735.695454714803
000d7d20_4416,11735.686685131752
000d7d20_4417,11735.696620080564
000d7d20_4418,11735.686538839796
000d7d20_4419,11735.696504109434
000d7d20_4420,11735.695758001042
000d7d20_4421,11735.69598216585
000d7d20_4422,11735.695827450623
000d7d20_4423,11735.695876917223
000d7d20_4424,11735.69578779802
000d7d20_4425,11735.69545778252
000d7d20_4426,11735.705523062848
000d7d20_4427,11735.695513135252
000d7d20_4428,11735.70647095188
000d7d20_4429,11735.695395601228
000d7d20_4430,11735.706009759428
000d7d20_4431,11735.706127680569
000d7d20_4432,11735.695401421266
000d7d20_4433,11735.705043825006
000d7d20_4434,11735.705432017628
000d7d20_4435,11735.705547195214
000d7d20_4436,11735.70593565226
000d7d20_4437,11735.70547020444
000d7d20_4438,11735.70593565226
000d7d20_4439,11735.71553550372
000d7d20_4440,11735.705043825006
000d7d20_4441,11735.71565437338
000d7d20_4442,11735.7160222575
000d7d20_4443,11735.711770595724
000d7d20_4444,11735.711844268686
000d7d20_4445,11735.706046263607
000d7d20_4446,11735.715924266344
000d7d20_4447,11735.71562494379
000d7d20_4448,11735.71572526765
000d7d20_4449,11735.715719916056
000d7d20_4450,11735.72583216783
000d7d20_4451,11735.71562494379
000d7d20_4452,11735.72551788217
000d7d20_4453,11735.715829537216
000d7d20_4454,11735.726071253595
000d7d20_4455,11735.726295207336
000d7d20_4456,11735.725495059569
000d7d20_4457,11735.72582111142
000d7d20_4458,11735.736289768203
000d7d20_4459,11735.72573775136
000d7d20_4460,11735.735757577631
000d7d20_4461,11735.736669203588
000d7d20_4462,11735.73541199268
000d7d20_4463,11735.731920354012
000d7d20_4464,11735.734927421065
000d7d20_4465,11735.735949266256
000d7d20_4466,11735.745890839193
000d7d20_4467,11735.735507492602
000d7d20_4468,11735.745597002948
000d7d20_4469,11735.745092866862
000d7d20_4470,11735.746059746753
000d7d20_4471,11735.745519896562
000d7d20_4472,11735.746681462762
000d7d20_4473,11735.755847742776
000d7d20_4474,11735.756108728976
000d7d20_4475,11735.75669371293
000d7d20_4476,11735.75583295147
000d7d20_4477,11735.765875263542
000d7d20_4478,11735.756072241098
000d7d20_4479,11735.76511742406
000d7d20_4480,11735.755951914103
000d7d20_4481,11735.765582880482
000d7d20_4482,11735.765534011529
000d7d20_4483,11735.765544812572
000d7d20_4484,11735.765544779944
000d7d20_4485,11735.775541204344
000d7d20_4486,11735.775882516416
000d7d20_4487,11735.775888623824
000d7d20_4488,11735.77597691378
000d7d20_4489,11735.77605915523
000d7d20_4490,11735.78565821388
000d7d20_4491,11735.775671634705
000d7d20_4492,11735.786644645032
000d7d20_4493,11735.785583563
000d7d20_4494,11735.785543084896
000d7d20_4495,11735.796761405203
000d7d20_4496,11735.797127914986
000d7d20_4497,11735.798126367725
000d7d20_4498,11735.796882821249
000d7d20_4499,11735.7962918934
000d7d20_4500,11735.796042811611
000d7d20_4501,11735.805968367293
000d7d20_4502,11735.805677574048
000d7d20_4503,11735.805571965517
000d7d20_4504,11735.816280894063
000d7d20_4505,11735.805571965517
000d7d20_4506,11735.81569004992
000d7d20_4507,11735.815636987034
000d7d20_4508,11735.8160569302
000d7d20_4509,11735.825687626422
000d7d20_4510,11735.81558489543
000d7d20_4511,11735.82588534698
000d7d20_4512,11735.835550386804
000d7d20_4513,11735.825553995728
000d7d20_4514,11735.8360323683
000d7d20_4515,11735.825143824908
000d7d20_4516,11735.83560205192
000d7d20_4517,11735.846314949014
000d7d20_4518,11735.8360323683
000d7d20_4519,11735.845998635374
000d7d20_4520,11735.845637457896
000d7d20_4521,11735.845804839277
000d7d20_4522,11735.846099589886
000d7d20_4523,11735.84590531625
000d7d20_4524,11735.85677664096
000d7d20_4525,11735.855921983137
000d7d20_4526,11735.856327390884
000d7d20_4527,11735.855630965165
000d7d20_4528,11735.865656811751
000d7d20_4529,11735.865603777467
000d7d20_4530,11735.866023632
000d7d20_4531,11735.866339828652
000d7d20_4532,11735.865674652228
000d7d20_4533,11735.875654389463
000d7d20_4534,11735.866673944904
000d7d20_4535,11735.876048164408
000d7d20_4536,11735.886048625594
000d7d20_4537,11735.87594281563
000d7d20_4538,11735.885968911954
000d7d20_4539,11735.87680097667
000d7d20_4540,11735.88528118993
000d7d20_4541,11735.885949006912
000d7d20_4542,11735.885674919286
000d7d20_4543,11735.88528118993
000d7d20_4544,11735.895981411608
000d7d20_4545,11735.896061120944
000d7d20_4546,11735.89646647497
000d7d20_4547,11735.90683739745
000d7d20_4548,11735.895687394675
000d7d20_4549,11735.905118345325
000d7d20_4550,11735.895243386409
000d7d20_4551,11735.90506773552
000d7d20_4552,11735.9042888692
000d7d20_4553,11735.904321700442
000d7d20_4554,11735.90432170044
000d7d20_4555,11735.914221207231
000d7d20_4556,11735.903703922171
000d7d20_4557,11735.91407799873
000d7d20_4558,11735.904604030644
000d7d20_4559,11735.91461602097
000d7d20_4560,11735.924628019326
000d7d20_4561,11735.914663222224
000d7d20_4562,11735.925234166189
000d7d20_4563,11735.925033053654
000d7d20_4564,11735.923726480483
000d7d20_4565,11735.922277668024
000d7d20_4566,11735.921303859805
000d7d20_4567,11735.924312405004
000d7d20_4568,11735.93572570762
000d7d20_4569,11735.92608612942
000d7d20_4570,11735.935869410454
000d7d20_4571,11735.935765105918
000d7d20_4572,11735.935350161024
000d7d20_4573,11735.936039005814
000d7d20_4574,11735.936170295923
000d7d20_4575,11735.936064157277
000d7d20_4576,11735.945738191393
000d7d20_4577,11735.935765105918
000d7d20_4578,11735.945677200438
000d7d20_4579,11735.945749488736
000d7d20_4580,11735.94611111102
000d7d20_4581,11735.94588190868
000d7d20_4582,11735.945777595049
000d7d20_4583,11735.945677200438
000d7d20_4584,11735.94591856962
000d7d20_4585,11735.94611111102
000d7d20_4586,11735.945976650006
000d7d20_4587,11735.955790085654
000d7d20_4588,11735.946562613395
000d7d20_4589,11735.954447045677
000d7d20_4590,11735.952762461173
000d7d20_4591,11735.95201913035
000d7d20_4592,11735.95225654099
000d7d20_4593,11735.955163584047
000d7d20_4594,11735.955731378195
000d7d20_4595,11735.965710603836
000d7d20_4596,11735.955770778972
000d7d20_4597,11735.9562372722
000d7d20_4598,11735.966823107388
000d7d20_4599,11735.9562372722
000d7d20_4600,11735.96578326878
000d7d20_4601,11735.966296223378
000d7d20_4602,11735.966083107214
000d7d20_4603,11735.965796173732
000d7d20_4604,11735.976177804874
000d7d20_4605,11735.976592769484
000d7d20_4606,11735.976269234354
000d7d20_4607,11735.985865955296
000d7d20_4608,11735.976835238374
000d7d20_4609,11735.986439633549
000d7d20_4610,11735.986960717884
000d7d20_4611,11735.985902682847
000d7d20_4612,11736.005853465136
000d7d20_4613,11736.006166722938
000d7d20_4614,11736.005793817803
000d7d20_4615,11736.025690163797
000d7d20_4616,11736.025858234056
000d7d20_4617,11736.026191679392
000d7d20_4618,11736.046082301971
000d7d20_4619,11736.04588322995
000d7d20_4620,11736.045929214552
000d7d20_4621,11736.04691981955
000d7d20_4622,11736.056977581036
000d7d20_4623,11736.065954214508
000d7d20_4624,11736.066012581246
000d7d20_4625,11736.075920727762
000d7d20_4626,11736.075862244908
000d7d20_4627,11736.075941003794
000d7d20_4628,11736.085648920727
000d7d20_4629,11736.08538045689
000d7d20_4630,11736.085517150934
000d7d20_4631,11736.086232103224
000d7d20_4632,11736.095532533309
000d7d20_4633,11736.09491918438
000d7d20_4634,11736.092381959012
000d7d20_4635,11736.104610435395
000d7d20_4636,11736.105304178966
000d7d20_4637,11736.106260165128
000d7d20_4638,11736.115379944791
000d7d20_4639,11736.115900937808
000d7d20_4640,11736.100105693942
000d7d20_4641,11736.102527699284
000d7d20_4642,11736.1153057089
000d7d20_4643,11736.116096702484
000d7d20_4644,11736.116144787631
000d7d20_4645,11736.11154560413
000d7d20_4646,11736.114943560642
000d7d20_4647,11736.111486123777
000d7d20_4648,11736.126086764752
000d7d20_4649,11736.11638203434
000d7d20_4650,11736.1159939596
000d7d20_4651,11736.116086840702
000d7d20_4652,11736.116515622356
000d7d20_4653,11736.11593424113
000d7d20_4654,11736.1040126926
000d7d20_4655,11736.112537809777
000d7d20_4656,11736.100698054544
000d7d20_4657,11736.10068140292
000d7d20_4658,11736.106259978447
000d7d20_4659,11736.10626016513
000d7d20_4660,11736.095612645746
000d7d20_4661,11736.094598448824
000d7d20_4662,11736.09437157261
000d7d20_4663,11736.095329471846
000d7d20_4664,11736.085896742228
000d7d20_4665,11736.0928712067
000d7d20_4666,11736.08112427742
000d7d20_4667,11736.071509548869
000d7d20_4668,11736.072121903402
000d7d20_4669,11736.074574499988
000d7d20_4670,11736.062487364225
000d7d20_4671,11736.052342244
000d7d20_4672,11736.061495876991
000d7d20_4673,11736.051098633874
000d7d20_4674,11736.041743592388
000d7d20_4675,11736.041477940058
000d7d20_4676,11736.04194784024
000d7d20_4677,11736.0323224503
000d7d20_4678,11736.021725105142
000d7d20_4679,11736.02061718002
000d7d20_4680,11736.01004402917
000d7d20_4681,11735.999833453232
000d7d20_4682,11735.997890735764
000d7d20_4683,11735.991047605428
000d7d20_4684,11735.985395896172
000d7d20_4685,11735.982779978174
000d7d20_4686,11735.971030672286
000d7d20_4687,11735.965241443411
000d7d20_4688,11735.955792416224
000d7d20_4689,11735.956178916667
000d7d20_4690,11735.944419643072
000d7d20_4691,11735.935141891723
000d7d20_4692,11735.935360420452
000d7d20_4693,11735.925321577824
000d7d20_4694,11735.915447448597
000d7d20_4695,11735.905057922484
000d7d20_4696,11735.89218508219
000d7d20_4697,11735.886091517948
000d7d20_4698,11735.875860629392
000d7d20_4699,11735.86530971441
000d7d20_4700,11735.855063727302
000d7d20_4701,11735.84557836661
000d7d20_4702,11735.845736074803
000d7d20_4703,11735.825293199108
000d7d20_4704,11735.815651356848
000d7d20_4705,11735.81638331524
000d7d20_4706,11735.796032051338
000d7d20_4707,11735.786629121088
000d7d20_4708,11735.775735711995
000d7d20_4709,11735.77633359921
000d7d20_4710,11735.765994556812
000d7d20_4711,11735.74562151804
000d7d20_4712,11735.74594330777
000d7d20_4713,11735.735639917892
000d7d20_4714,11735.725919169803
000d7d20_4715,11735.716583896548
000d7d20_4716,11735.71654289061
000d7d20_4717,11735.705826253146
000d7d20_4718,11735.695813758844
000d7d20_4719,11735.695813758844
000d7d20_4720,11735.685985256116
000d7d20_4721,11735.676123443793
000d7d20_4722,11735.67612344379
000d7d20_4723,11735.665960532097
000d7d20_4724,11735.6559088342
000d7d20_4725,11735.64590865678
000d7d20_4726,11735.645649751656
000d7d20_4727,11735.635637283523
000d7d20_4728,11735.63561140752
000d7d20_4729,11735.63605475436
000d7d20_4730,11735.6259600115
000d7d20_4731,11735.61520501428
000d7d20_4732,11735.615445763786
000d7d20_4733,11735.6157935903
000d7d20_4734,11735.605935011545
000d7d20_4735,11735.595090305023
000d7d20_4736,11735.605261398445
000d7d20_4737,11735.59518037576
000d7d20_4738,11735.58653914642
000d7d20_4739,11735.59775090171
000d7d20_4740,11735.585277461889
000d7d20_4741,11735.575739463731
000d7d20_4742,11735.585203594565
000d7d20_4743,11735.577864172992
000d7d20_4744,11735.575547274004
000d7d20_4745,11735.56514769705
000d7d20_4746,11735.577389360878
000d7d20_4747,11735.56468266573
000d7d20_4748,11735.567725635285
000d7d20_4749,11735.56794032602
000d7d20_4750,11735.565223700723
000d7d20_4751,11735.555142786903
000d7d20_4752,11735.568038902771
000d7d20_4753,11735.56745934994
000d7d20_4754,11735.556981491369
000d7d20_4755,11735.557719143424
000d7d20_4756,11735.568507418426
000d7d20_4757,11735.557753645657
000d7d20_4758,11735.556513763588
000d7d20_4759,11735.566316219503
000d7d20_4760,11735.557799839396
000d7d20_4761,11735.557589187363
000d7d20_4762,11735.568623792467
000d7d20_4763,11735.568162572608
000d7d20_4764,11735.567991749962
000d7d20_4765,11735.55773754892
000d7d20_4766,11735.565138929484
000d7d20_4767,11735.566549240497
000d7d20_4768,11735.567761759285
000d7d20_4769,11735.578110149803
000d7d20_4770,11735.577738946467
000d7d20_4771,11735.577807718111
000d7d20_4772,11735.58797524235
000d7d20_4773,11735.58710017979
000d7d20_4774,11735.58665902032
000d7d20_4775,11735.587773608924
000d7d20_4776,11735.5978279278
000d7d20_4777,11735.597831731153
000d7d20_4778,11735.596586230446
000d7d20_4779,11735.606051318377
000d7d20_4780,11735.605493521552
000d7d20_4781,11735.61525153003
000d7d20_4782,11735.615559587695
000d7d20_4783,11735.627980107272
000d7d20_4784,11735.625958349194
000d7d20_4785,11735.625518390289
000d7d20_4786,11735.635794959384
000d7d20_4787,11735.64531954318
000d7d20_4788,11735.645301851584
000d7d20_4789,11735.655223717527
000d7d20_4790,11735.664850715022
000d7d20_4791,11735.666008346649
000d7d20_4792,11735.665451540774
000d7d20_4793,11735.685528829144
000d7d20_4794,11735.685674477085
000d7d20_4795,11735.686781263728
000d7d20_4796,11735.7078940807
000d7d20_4797,11735.707936262974
000d7d20_4798,11735.717949481566
000d7d20_4799,11735.728008708578
000d7d20_4800,11735.73725568076
000d7d20_4801,11735.73609581397
000d7d20_4802,11735.734935880882
000d7d20_4803,11735.755944926454
000d7d20_4804,11735.755779932457
000d7d20_4805,11735.755862150629
000d7d20_4806,11735.77588714694
000d7d20_4807,11735.775138325816
000d7d20_4808,11735.775163861934
000d7d20_4809,11735.795188485636
000d7d20_4810,11735.795321565722
000d7d20_4811,11735.796222389588
000d7d20_4812,11735.805907487196
000d7d20_4813,11735.81498108025
000d7d20_4814,11735.815101712376
000d7d20_4815,11735.824947694677
000d7d20_4816,11735.835343541392
000d7d20_4817,11735.834706434536
000d7d20_4818,11735.84602739079
000d7d20_4819,11735.85538935559
000d7d20_4820,11735.855029993194
000d7d20_4821,11735.85473055691
000d7d20_4822,11735.865129811798
000d7d20_4823,11735.865439583791
000d7d20_4824,11735.864953705655
000d7d20_4825,11735.865401755153
000d7d20_4826,11735.875620450211
000d7d20_4827,11735.880919901812
000d7d20_4828,11735.875727200348
000d7d20_4829,11735.87619197615
000d7d20_4830,11735.879378581105
000d7d20_4831,11735.880919901812
000d7d20_4832,11735.884805576245
000d7d20_4833,11735.884840771092
000d7d20_4834,11735.875620450211
000d7d20_4835,11735.875261547491
000d7d20_4836,11735.875420691837
000d7d20_4837,11735.866309595294
000d7d20_4838,11735.865274838256
000d7d20_4839,11735.87521403784
000d7d20_4840,11735.86503798699
000d7d20_4841,11735.865581827387
000d7d20_4842,11735.856297147811
000d7d20_4843,11735.855025744995
000d7d20_4844,11735.856417768178
000d7d20_4845,11735.847794748495
000d7d20_4846,11735.847605224144
000d7d20_4847,11735.837832603393
000d7d20_4848,11735.836392946134
000d7d20_4849,11735.83551499501
000d7d20_4850,11735.82481280913
000d7d20_4851,11735.82438166538
000d7d20_4852,11735.82521043663
000d7d20_4853,11735.814508319165
000d7d20_4854,11735.817846894384
000d7d20_4855,11735.807792527825
000d7d20_4856,11735.807026716611
000d7d20_4857,11735.806535824606
000d7d20_4858,11735.797398261151
000d7d20_4859,11735.7979633041
000d7d20_4860,11735.788385163743
000d7d20_4861,11735.78851439258
000d7d20_4862,11735.78859243967
000d7d20_4863,11735.778275644716
000d7d20_4864,11735.77776030029
000d7d20_4865,11735.776498749554
000d7d20_4866,11735.767712964762
000d7d20_4867,11735.767709641435
000d7d20_4868,11735.757552373574
000d7d20_4869,11735.757172414033
000d7d20_4870,11735.74782201166
000d7d20_4871,11735.73559201444
000d7d20_4872,11735.735265171488
000d7d20_4873,11735.72532635458
000d7d20_4874,11735.727801757792
000d7d20_4875,11735.726398312889
000d7d20_4876,11735.716089177067
000d7d20_4877,11735.715107938686
000d7d20_4878,11735.705554657645
000d7d20_4879,11735.694991234635
000d7d20_4880,11735.69504283938
000d7d20_4881,11735.685314347991
000d7d20_4882,11735.686443740944
000d7d20_4883,11735.676336184226
000d7d20_4884,11735.667603226217
000d7d20_4885,11735.665504893832
000d7d20_4886,11735.656398151092
000d7d20_4887,11735.645762623297
000d7d20_4888,11735.647623394718
000d7d20_4889,11735.637570700936
000d7d20_4890,11735.637627458676
000d7d20_4891,11735.627865242732
000d7d20_4892,11735.6179041484
000d7d20_4893,11735.617574830769
000d7d20_4894,11735.607295740536
000d7d20_4895,11735.607580191088
000d7d20_4896,11735.597544477658
000d7d20_4897,11735.587739923814
000d7d20_4898,11735.587332460973
000d7d20_4899,11735.587603023738
000d7d20_4900,11735.577436992213
000d7d20_4901,11735.578471162637
000d7d20_4902,11735.567624500238
000d7d20_4903,11735.567376066228
000d7d20_4904,11735.566471311422
000d7d20_4905,11735.556273803708
000d7d20_4906,11735.557644861114
000d7d20_4907,11735.548491214044
000d7d20_4908,11735.547664970149
000d7d20_4909,11735.548609054204
000d7d20_4910,11735.538164864
000d7d20_4911,11735.537664634348
000d7d20_4912,11735.537680351772
000d7d20_4913,11735.537331605448
000d7d20_4914,11735.537575550436
000d7d20_4915,11735.527699676311
000d7d20_4916,11735.526136720568
000d7d20_4917,11735.52538244664
000d7d20_4918,11735.524220929208
000d7d20_4919,11735.525477177936
000d7d20_4920,11735.515885152294
000d7d20_4921,11735.527428922223
000d7d20_4922,11735.52728186735
000d7d20_4923,11735.51738570113
000d7d20_4924,11735.527529812458
000d7d20_4925,11735.527608659111
000d7d20_4926,11735.527879388706
000d7d20_4927,11735.527326334664
000d7d20_4928,11735.527661686529
000d7d20_4929,11735.527281867351
000d7d20_4930,11735.537487553847
000d7d20_4931,11735.528485169873
000d7d20_4932,11735.538614350373
000d7d20_4933,11735.52793095587
000d7d20_4934,11735.537630975296
000d7d20_4935,11735.537337763706
000d7d20_4936,11735.537940579765
000d7d20_4937,11735.548160069284
000d7d20_4938,11735.547950160602
000d7d20_4939,11735.547349170476
000d7d20_4940,11735.557430795312
000d7d20_4941,11735.557355042763
000d7d20_4942,11735.558203271075
000d7d20_4943,11735.568608803746
000d7d20_4944,11735.567665232456
000d7d20_4945,11735.577499625611
000d7d20_4946,11735.578216365704
000d7d20_4947,11735.577666007954
000d7d20_4948,11735.588611744088
000d7d20_4949,11735.587957432735
000d7d20_4950,11735.597116880666
000d7d20_4951,11735.606549346898
000d7d20_4952,11735.60673271771
000d7d20_4953,11735.6176786711
000d7d20_4954,11735.617543671471
000d7d20_4955,11735.627515581768
000d7d20_4956,11735.63766293761
000d7d20_4957,11735.637541629403
000d7d20_4958,11735.647291740455
000d7d20_4959,11735.6455101894
000d7d20_4960,11735.66536851352
000d7d20_4961,11735.67669145536
000d7d20_4962,11735.675389327787
000d7d20_4963,11735.685497239005
000d7d20_4964,11735.695414131123
000d7d20_4965,11735.69489790191
000d7d20_4966,11735.715298934898
000d7d20_4967,11735.717746880811
000d7d20_4968,11735.726364600489
000d7d20_4969,11735.745634706374
000d7d20_4970,11735.744945743629
000d7d20_4971,11735.754971040484
000d7d20_4972,11735.77505657213
000d7d20_4973,11735.774995473372
000d7d20_4974,11735.795634188364
000d7d20_4975,11735.795804558418
000d7d20_4976,11735.806740527894
000d7d20_4977,11735.82505666802
000d7d20_4978,11735.825671565635
000d7d20_4979,11735.846450850177
000d7d20_4980,11735.846251211751
000d7d20_4981,11735.867011565988
000d7d20_4982,11735.88643804689
000d7d20_4983,11735.884857070609
000d7d20_4984,11735.906127649372
000d7d20_4985,11735.91598937089
000d7d20_4986,11735.926423012124
000d7d20_4987,11735.946197331908
000d7d20_4988,11735.945953140028
000d7d20_4989,11735.966264828165
000d7d20_4990,11735.977213270684
000d7d20_4991,11735.986698580346
000d7d20_4992,11736.006176550176
000d7d20_4993,11736.006081959487
000d7d20_4994,11736.026202954545
000d7d20_4995,11736.036759669829
000d7d20_4996,11736.047128883978
000d7d20_4997,11736.05720108707
000d7d20_4998,11736.066252825714
000d7d20_4999,11736.077224371962
000d7d20_5000,11736.086820502418
000d7d20_5001,11736.09566994456
000d7d20_5002,11736.106452565553
000d7d20_5003,11736.117390410694
000d7d20_5004,11736.126730366284
000d7d20_5005,11736.136907809096
000d7d20_5006,11736.136881052338
000d7d20_5007,11736.156846403042
000d7d20_5008,11736.16528607002
000d7d20_5009,11736.166226388832
000d7d20_5010,11736.17650653981
000d7d20_5011,11736.19274837698
000d7d20_5012,11736.193511836547
000d7d20_5013,11736.205335543762
000d7d20_5014,11736.211874365685
000d7d20_5015,11736.22117595732
000d7d20_5016,11736.232000906331
000d7d20_5017,11736.241770098057
000d7d20_5018,11736.255397489977
000d7d20_5019,11736.261894587726
000d7d20_5020,11736.271797993884
000d7d20_5021,11736.282048723297
000d7d20_5022,11736.290938102014
000d7d20_5023,11736.301958592794
000d7d20_5024,11736.311726051828
000d7d20_5025,11736.322618879158
000d7d20_5026,11736.333042858232
000d7d20_5027,11736.352253215928
000d7d20_5028,11736.362651590936
000d7d20_5029,11736.37572210038
000d7d20_5030,11736.38217150612
000d7d20_5031,11736.39127976846
000d7d20_5032,11736.401546134448
000d7d20_5033,11736.412835706911
000d7d20_5034,11736.42313902486
000d7d20_5035,11736.434113589472
000d7d20_5036,11736.44610335534
000d7d20_5037,11736.45652791225
000d7d20_5038,11736.456910900512
000d7d20_5039,11736.46784899897
000d7d20_5040,11736.487712811137
000d7d20_5041,11736.497414953825
000d7d20_5042,11736.496759574558
000d7d20_5043,11736.503834846771
000d7d20_5044,11736.512739992717
000d7d20_5045,11736.516982951724
000d7d20_5046,11736.537862839652
000d7d20_5047,11736.54747094038
000d7d20_5048,11736.547730231016
000d7d20_5049,11736.55793723969
000d7d20_5050,11736.557598250609
000d7d20_5051,11736.566278095715
000d7d20_5052,11736.573739330752
000d7d20_5053,11736.587651078526
000d7d20_5054,11736.59787126233
000d7d20_5055,11736.598278542164
000d7d20_5056,11736.608195629102
000d7d20_5057,11736.608351053908
000d7d20_5058,11736.607989959864
000d7d20_5059,11736.628008534608
000d7d20_5060,11736.627685404068
000d7d20_5061,11736.63712545831
000d7d20_5062,11736.638012767462
000d7d20_5063,11736.63754599262
000d7d20_5064,11736.647706450256
000d7d20_5065,11736.647861956117
000d7d20_5066,11736.65828160924
000d7d20_5067,11736.667037930472
000d7d20_5068,11736.667961686378
000d7d20_5069,11736.667852257347
000d7d20_5070,11736.666323246722
000d7d20_5071,11736.676924779647
000d7d20_5072,11736.687710631351
000d7d20_5073,11736.687828898424
000d7d20_5074,11736.68788878381
000d7d20_5075,11736.68738207217
000d7d20_5076,11736.687799800238
000d7d20_5077,11736.696360551405
000d7d20_5078,11736.694235375526
000d7d20_5079,11736.702998143935
000d7d20_5080,11736.702786093763
000d7d20_5081,11736.702071185706
000d7d20_5082,11736.703837282295
000d7d20_5083,11736.702766962764
000d7d20_5084,11736.702659079909
000d7d20_5085,11736.712233740667
000d7d20_5086,11736.713001951975
000d7d20_5087,11736.71266932867
000d7d20_5088,11736.724062730986
000d7d20_5089,11736.722948149049
000d7d20_5090,11736.718180770678
000d7d20_5091,11736.719503347604
000d7d20_5092,11736.733073686142
000d7d20_5093,11736.72942431626
000d7d20_5094,11736.727357618249
000d7d20_5095,11736.728451230763
000d7d20_5096,11736.730924269135
000d7d20_5097,11736.738191458428
000d7d20_5098,11736.749009562016
000d7d20_5099,11736.752086868542
000d7d20_5100,11736.753521390172
000d7d20_5101,11736.757468699125
000d7d20_5102,11736.757860971138
000d7d20_5103,11736.758157002314
000d7d20_5104,11736.763105738326
000d7d20_5105,11736.762096504974
000d7d20_5106,11736.772131441228
000d7d20_5107,11736.77231856168
000d7d20_5108,11736.773065720334
000d7d20_5109,11736.772439347496
000d7d20_5110,11736.773025294482
000d7d20_5111,11736.782741370138
000d7d20_5112,11736.786923571151
000d7d20_5113,11736.797937097215
000d7d20_5114,11736.797630600971
000d7d20_5115,11736.796996366587
000d7d20_5116,11736.79381835504
000d7d20_5117,11736.80074883341
000d7d20_5118,11736.798017269708
000d7d20_5119,11736.802848931213
000d7d20_5120,11736.813001710512
000d7d20_5121,11736.817782803904
000d7d20_5122,11736.817876843012
000d7d20_5123,11736.82836842944
000d7d20_5124,11736.827977221152
000d7d20_5125,11736.827226127789
000d7d20_5126,11736.83804936928
000d7d20_5127,11736.83780319579
000d7d20_5128,11736.838099476763
000d7d20_5129,11736.838329580578
000d7d20_5130,11736.848191780236
000d7d20_5131,11736.8471439346
000d7d20_5132,11736.85786823884
000d7d20_5133,11736.85819995592
000d7d20_5134,11736.85860833621
000d7d20_5135,11736.85846658642
000d7d20_5136,11736.868093943707
000d7d20_5137,11736.877764752518
000d7d20_5138,11736.878426558183
000d7d20_5139,11736.878122578648
000d7d20_5140,11736.8784757068
000d7d20_5141,11736.87777727699
000d7d20_5142,11736.888232301068
000d7d20_5143,11736.898145706924
000d7d20_5144,11736.898216619267
000d7d20_5145,11736.89848623332
000d7d20_5146,11736.89840451147
000d7d20_5147,11736.908224617564
000d7d20_5148,11736.908147173552
000d7d20_5149,11736.918211589697
000d7d20_5150,11736.918255764518
000d7d20_5151,11736.918184205384
000d7d20_5152,11736.928059666814
000d7d20_5153,11736.928351727362
000d7d20_5154,11736.928078804764
000d7d20_5155,11736.93823476832
000d7d20_5156,11736.938200604556
000d7d20_5157,11736.94781197637
000d7d20_5158,11736.948424161454
000d7d20_5159,11736.947771929015
000d7d20_5160,11736.948109704015
000d7d20_5161,11736.958158506652
000d7d20_5162,11736.968110196362
000d7d20_5163,11736.967673069252
000d7d20_5164,11736.96808983653
000d7d20_5165,11736.977977614895
000d7d20_5166,11736.978100308992
000d7d20_5167,11736.978135659643
000d7d20_5168,11736.987687564026
000d7d20_5169,11736.988447793634
000d7d20_5170,11736.998136143096
000d7d20_5171,11736.99824044375
000d7d20_5172,11736.997704181022
000d7d20_5173,11737.007418851344
000d7d20_5174,11737.017875379024
000d7d20_5175,11737.018256021644
000d7d20_5176,11737.018464691044
000d7d20_5177,11737.028119686936
000d7d20_5178,11737.027736038328
000d7d20_5179,11737.028141983375
000d7d20_5180,11737.028177845374
000d7d20_5181,11737.03799256056
000d7d20_5182,11737.048158941398
000d7d20_5183,11737.048097938316
000d7d20_5184,11737.04826429976
000d7d20_5185,11737.048210599349
000d7d20_5186,11737.05805159337
000d7d20_5187,11737.067794177345
000d7d20_5188,11737.068491223656
000d7d20_5189,11737.068060627103
000d7d20_5190,11737.07821863204
000d7d20_5191,11737.07825554077
000d7d20_5192,11737.078091952544
000d7d20_5193,11737.07821863204
000d7d20_5194,11737.087590324336
000d7d20_5195,11737.098181451354
000d7d20_5196,11737.097519082236
000d7d20_5197,11737.097534814358
000d7d20_5198,11737.098024132212
000d7d20_5199,11737.097935065916
000d7d20_5200,11737.118330138996
000d7d20_5201,11737.117936895782
000d7d20_5202,11737.118105773983
000d7d20_5203,11737.118515642622
000d7d20_5204,11737.11823873336
000d7d20_5205,11737.12824915645
000d7d20_5206,11737.138218277174
000d7d20_5207,11737.138238854654
000d7d20_5208,11737.138456901035
000d7d20_5209,11737.137638506583
000d7d20_5210,11737.147828930983
000d7d20_5211,11737.147682488656
000d7d20_5212,11737.148338429535
000d7d20_5213,11737.157659837923
000d7d20_5214,11737.158240203078
000d7d20_5215,11737.15790132574
000d7d20_5216,11737.167935960068
000d7d20_5217,11737.167840364264
000d7d20_5218,11737.167893880716
000d7d20_5219,11737.177961685707
000d7d20_5220,11737.177927685994
000d7d20_5221,11737.1777540474
000d7d20_5222,11737.186992112249
000d7d20_5223,11737.18793045782
000d7d20_5224,11737.187686003048
000d7d20_5225,11737.19700406101
000d7d20_5226,11737.197490189908
000d7d20_5227,11737.197964634512
000d7d20_5228,11737.197940083926
000d7d20_5229,11737.207903800763
000d7d20_5230,11737.20784435434
000d7d20_5231,11737.207990004175
000d7d20_5232,11737.217297192514
000d7d20_5233,11737.218385773514
000d7d20_5234,11737.217921557482
000d7d20_5235,11737.21649659445
000d7d20_5236,11737.228106082728
000d7d20_5237,11737.2280469364
000d7d20_5238,11737.237909528694
000d7d20_5239,11737.236853938612
000d7d20_5240,11737.235582469464
000d7d20_5241,11737.233921114215
000d7d20_5242,11737.23705170656
000d7d20_5243,11737.238017913873
000d7d20_5244,11737.248038222417
000d7d20_5245,11737.257996921133
000d7d20_5246,11737.257929669244
000d7d20_5247,11737.258036287032
000d7d20_5248,11737.257576835907
000d7d20_5249,11737.25707543628
000d7d20_5250,11737.257576835906
000d7d20_5251,11737.268191045065
000d7d20_5252,11737.267338348278
000d7d20_5253,11737.26819087992
000d7d20_5254,11737.278423542344
000d7d20_5255,11737.277598515797
000d7d20_5256,11737.273967032026
000d7d20_5257,11737.27646155928
000d7d20_5258,11737.287512125118
000d7d20_5259,11737.28753449178
000d7d20_5260,11737.287407376138
000d7d20_5261,11737.28744522245
000d7d20_5262,11737.28739187473
000d7d20_5263,11737.288157646286
000d7d20_5264,11737.296486320109
000d7d20_5265,11737.297545457408
000d7d20_5266,11737.307414444009
000d7d20_5267,11737.306969208788
000d7d20_5268,11737.307443352454
000d7d20_5269,11737.30817440224
000d7d20_5270,11737.317621385837
000d7d20_5271,11737.317893199524
000d7d20_5272,11737.317823270285
000d7d20_5273,11737.317915423626
000d7d20_5274,11737.318569575373
000d7d20_5275,11737.317684137892
000d7d20_5276,11737.31841769883
000d7d20_5277,11737.328572954231
00bbac68_1545,12223.573007115676
00bbac68_1546,12223.595698972917
00bbac68_1547,12223.606288500583
00bbac68_1548,12223.612256173248
00bbac68_1549,12223.643665800651
00bbac68_1550,12223.663839737766
00bbac68_1551,12223.68385052912
00bbac68_1552,12223.69998871775
00bbac68_1553,12223.718595520011
00bbac68_1554,12223.74421569208
00bbac68_1555,12223.762579427714
00bbac68_1556,12223.779207570218
00bbac68_1557,12223.803314750756
00bbac68_1558,12223.824623660808
00bbac68_1559,12223.826728625858
00bbac68_1560,12223.859934047738
00bbac68_1561,12223.89187832723
00bbac68_1562,12223.900473036969
00bbac68_1563,12223.922256029531
00bbac68_1564,12223.954379322013
00bbac68_1565,12223.969929908642
00bbac68_1566,12223.986229774551
00bbac68_1567,12224.009756092231
00bbac68_1568,12224.04504346052
00bbac68_1569,12224.070801574471
00bbac68_1570,12224.08943767156
00bbac68_1571,12224.120320624055
00bbac68_1572,12224.13933576596
00bbac68_1573,12224.164110415995
00bbac68_1574,12224.181569170923
00bbac68_1575,12224.206829508588
00bbac68_1576,12224.243860755554
00bbac68_1577,12224.27101828395
00bbac68_1578,12224.293543489292
00bbac68_1579,12224.323274192078
00bbac68_1580,12224.342714628952
00bbac68_1581,12224.370244011154
00bbac68_1582,12224.39064885357
00bbac68_1583,12224.402211108603
00bbac68_1584,12224.435404629516
00bbac68_1585,12224.46021661259
00bbac68_1586,12224.499754482922
00bbac68_1587,12224.53363381452
00bbac68_1588,12224.561012347427
00bbac68_1589,12224.5909089009
00bbac68_1590,12224.623343508269
00bbac68_1591,12224.642334531263
00bbac68_1592,12224.679775759472
00bbac68_1593,12224.71073652555
00bbac68_1594,12224.742073743795
00bbac68_1595,12224.77015825091
00bbac68_1596,12224.788966647258
00bbac68_1597,12224.820261482184
00bbac68_1598,12224.848411401075
00bbac68_1599,12224.8796302004
00bbac68_1600,12224.908056784649
00bbac68_1601,12224.936965537812
00bbac68_1602,12224.969741061574
00bbac68_1603,12225.009350178254
00bbac68_1604,12225.038119578612
00bbac68_1605,12225.069792415014
00bbac68_1606,12225.094384427184
00bbac68_1607,12225.121648619976
00bbac68_1608,12225.153642900144
00bbac68_1609,12225.18590522599
00bbac68_1610,12225.21152204774
00bbac68_1611,12225.241780862974
00bbac68_1612,12225.2767940554
00bbac68_1613,12225.307826948152
00bbac68_1614,12225.326570449488
00bbac68_1615,12225.35467333982
00bbac68_1616,12225.391887851452
00bbac68_1617,12225.426501854248
00bbac68_1618,12225.456231305468
00bbac68_1619,12225.48495707754
00bbac68_1620,12225.50872704525
00bbac68_1621,12225.540855411778
00bbac68_1622,12225.574951583403
00bbac68_1623,12225.599392740449
00bbac68_1624,12225.629196890734
00bbac68_1625,12225.661853249583
00bbac68_1626,12225.695766347935
00bbac68_1627,12225.734682116736
00bbac68_1628,12225.767557384788
00bbac68_1629,12225.793987052357
00bbac68_1630,12225.824430197188
00bbac68_1631,12225.845503166836
00bbac68_1632,12225.874145280335
00bbac68_1633,12225.888164373331
00bbac68_1634,12225.93573547484
00bbac68_1635,12225.963323705886
00bbac68_1636,12225.98565490045
00bbac68_1637,12226.022998836625
00bbac68_1638,12226.051503746594
00bbac68_1639,12226.08387460022
00bbac68_1640,12226.11308237149
00bbac68_1641,12226.143720612685
00bbac68_1642,12226.14803763595
00bbac68_1643,12226.181227845464
00bbac68_1644,12226.21008551549
00bbac68_1645,12226.251095669371
00bbac68_1646,12226.283217192147
00bbac68_1647,12226.30158726043
00bbac68_1648,12226.329532925458
00bbac68_1649,12226.35204512942
00bbac68_1650,12226.389147382835
00bbac68_1651,12226.415494206136
00bbac68_1652,12226.464234076058
00bbac68_1653,12226.472745120824
00bbac68_1654,12226.49842159171
00bbac68_1655,12226.519075955786
00bbac68_1656,12226.548934408032
00bbac68_1657,12226.580161917826
00bbac68_1658,12226.619171125123
00bbac68_1659,12226.650383000107
00bbac68_1660,12226.669774482678
00bbac68_1661,12226.695350546555
00bbac68_1662,12226.728262844634
00bbac68_1663,12226.758517081358
00bbac68_1664,12226.801387361464
00bbac68_1665,12226.820136086477
00bbac68_1666,12226.842207858725
00bbac68_1667,12226.87875264357
00bbac68_1668,12226.909010904214
00bbac68_1669,12226.92875150365
00bbac68_1670,12226.959227703386
00bbac68_1671,12226.98211417351
00bbac68_1672,12227.014545885864
00bbac68_1673,12227.029314694591
00bbac68_1674,12227.067329307743
00bbac68_1675,12227.098196099028
00bbac68_1676,12227.118892922155
00bbac68_1677,12227.137852417463
00bbac68_1678,12227.169382387045
00bbac68_1679,12227.200840596845
00bbac68_1680,12227.227924197528
00bbac68_1681,12227.252361889748
00bbac68_1682,12227.284786596496
00bbac68_1683,12227.307771838012
00bbac68_1684,12227.336134279562
00bbac68_1685,12227.366847617206
00bbac68_1686,12227.387520532491
00bbac68_1687,12227.417008184751
00bbac68_1688,12227.44614859066
00bbac68_1689,12227.46402328779
00bbac68_1690,12227.494787944292
00bbac68_1691,12227.525931297165
00bbac68_1692,12227.541509549985
00bbac68_1693,12227.572040343392
00bbac68_1694,12227.59097844006
00bbac68_1695,12227.623427618551
00bbac68_1696,12227.655250086618
00bbac68_1697,12227.672594193817
00bbac68_1698,12227.701341253343
00bbac68_1699,12227.725085157072
00bbac68_1700,12227.75083767555
00bbac68_1701,12227.771789252722
00bbac68_1702,12227.801117603402
00bbac68_1703,12227.821528837523
00bbac68_1704,12227.849345623472
00bbac68_1705,12227.875312684302
00bbac68_1706,12227.887892776638
00bbac68_1707,12227.917504612387
00bbac68_1708,12227.944776973538
00bbac68_1709,12227.960192922616
00bbac68_1710,12227.984575609024
00bbac68_1711,12228.01352769598
00bbac68_1712,12228.029859062446
00bbac68_1713,12228.050234213371
00bbac68_1714,12228.074893376264
00bbac68_1715,12228.090358345384
00bbac68_1716,12228.113112659525
00bbac68_1717,12228.13214036996
00bbac68_1718,12228.153228907351
00bbac68_1719,12228.169253721871
00bbac68_1720,12228.192705083888
00bbac68_1721,12228.209699114708
00bbac68_1722,12228.230721245423
00bbac68_1723,12228.25132348714
00bbac68_1724,12228.271128909448
00bbac68_1725,12228.281471958457
00bbac68_1726,12228.30155075246
00bbac68_1727,12228.321384752566
00bbac68_1728,12228.341050737728
00bbac68_1729,12228.350237192606
00bbac68_1730,12228.379967982824
00bbac68_1731,12228.391944419716
00bbac68_1732,12228.408355262794
00bbac68_1733,12228.428980682069
00bbac68_1734,12228.440782808146
00bbac68_1735,12228.461827776582
00bbac68_1736,12228.46947589004
00bbac68_1737,12228.48763376024
00bbac68_1738,12228.498657013188
00bbac68_1739,12228.51077308519
00bbac68_1740,12228.526098637243
00bbac68_1741,12228.537115089111
00bbac68_1742,12228.546151158576
00bbac68_1743,12228.570737260769
00bbac68_1744,12228.581625039316
00bbac68_1745,12228.588803173963
00bbac68_1746,12228.600247866683
00bbac68_1747,12228.610589315116
00bbac68_1748,12228.620530818582
00bbac68_1749,12228.641201781897
00bbac68_1750,12228.651453084649
00bbac68_1751,12228.658545104288
00bbac68_1752,12228.669228641116
00bbac68_1753,12228.67778043966
00bbac68_1754,12228.689310633556
00bbac68_1755,12228.698896478762
00bbac68_1756,12228.698678971805
00bbac68_1757,12228.712865511656
00bbac68_1758,12228.720483885596
00bbac68_1759,12228.730842338438
00bbac68_1760,12228.74075958272
00bbac68_1761,12228.741548187694
00bbac68_1762,12228.748827940091
00bbac68_1763,12228.760414794257
00bbac68_1764,12228.761898107712
00bbac68_1765,12228.762115372618
00bbac68_1766,12228.767702999006
00bbac68_1767,12228.766815808038
00bbac68_1768,12228.776675563702
00bbac68_1769,12228.78085972002
00bbac68_1770,12228.791945253864
00bbac68_1771,12228.789614665386
00bbac68_1772,12228.802103192573
00bbac68_1773,12228.799633767198
00bbac68_1774,12228.800354010977
00bbac68_1775,12228.809589186556
00bbac68_1776,12228.799633767198
00bbac68_1777,12228.802486071285
00bbac68_1778,12228.808808330694
00bbac68_1779,12228.809438733766
00bbac68_1780,12228.812041944357
00bbac68_1781,12228.811987834477
00bbac68_1782,12228.811536838712
00bbac68_1783,12228.813244613037
00bbac68_1784,12228.810218207796
00bbac68_1785,12228.810681311932
00bbac68_1786,12228.8085305091
00bbac68_1787,12228.81015311091
00bbac68_1788,12228.808098849628
00bbac68_1789,12228.798700868398
00bbac68_1790,12228.799006531664
00bbac68_1791,12228.799006531664
00bbac68_1792,12228.789496084377
00bbac68_1793,12228.7895190555
00bbac68_1794,12228.79111766229
00bbac68_1795,12228.793957335782
00bbac68_1796,12228.790434071
00bbac68_1797,12228.782108655783
00bbac68_1798,12228.779725820084
00bbac68_1799,12228.782206961
00bbac68_1800,12228.778991436302
00bbac68_1801,12228.771558461218
00bbac68_1802,12228.772281328747
00bbac68_1803,12228.770249055931
00bbac68_1804,12228.768500952669
00bbac68_1805,12228.759170460957
00bbac68_1806,12228.762185793796
00bbac68_1807,12228.760298564715
00bbac68_1808,12228.7611678477
00bbac68_1809,12228.751825583948
00bbac68_1810,12228.75185196226
00bbac68_1811,12228.752359193484
00bbac68_1812,12228.75122364545
00bbac68_1813,12228.752098176636
00bbac68_1814,12228.739552716008
00bbac68_1815,12228.740263853366
00bbac68_1816,12228.73955271601
00bbac68_1817,12228.733567490324
00bbac68_1818,12228.732160723135
00bbac68_1819,12228.72860904725
00bbac68_1820,12228.730107005067
00bbac68_1821,12228.731186033652
00bbac68_1822,12228.73388857825
00bbac68_1823,12228.734165157704
00bbac68_1824,12228.722648040995
00bbac68_1825,12228.713259425438
00bbac68_1826,12228.71212662639
00bbac68_1827,12228.71278883321
00bbac68_1828,12228.710710999538
00bbac68_1829,12228.716939536112
00bbac68_1830,12228.71271279671
00bbac68_1831,12228.709887308138
00bbac68_1832,12228.716322015707
00bbac68_1833,12228.710707307626
00bbac68_1834,12228.703190440592
00bbac68_1835,12228.701812515788
00bbac68_1836,12228.701192399927
00bbac68_1837,12228.695068134011
00bbac68_1838,12228.687121155668
00bbac68_1839,12228.689751085609
00bbac68_1840,12228.693139108957
00bbac68_1841,12228.693843757754
00bbac68_1842,12228.679915618988
00bbac68_1843,12228.681170403772
00bbac68_1844,12228.680742875818
00bbac68_1845,12228.6869904705
00bbac68_1846,12228.68360089511
00bbac68_1847,12228.683984966525
00bbac68_1848,12228.680198303928
00bbac68_1849,12228.68123979251
00bbac68_1850,12228.672366361716
00bbac68_1851,12228.670300734851
00bbac68_1852,12228.672730734885
00bbac68_1853,12228.671578300273
00bbac68_1854,12228.66862701218
00bbac68_1855,12228.671631828762
00bbac68_1856,12228.674296428371
00bbac68_1857,12228.660760228631
00bbac68_1858,12228.65286153289
00bbac68_1859,12228.65176653708
00bbac68_1860,12228.655836157368
00bbac68_1861,12228.652288918507
00bbac68_1862,12228.653155892682
00bbac68_1863,12228.654956429407
00bbac68_1864,12228.6547284956
00bbac68_1865,12228.6524130797
00bbac68_1866,12228.657991176153
00bbac68_1867,12228.644278526448
00bbac68_1868,12228.642496178172
00bbac68_1869,12228.64460463532
00bbac68_1870,12228.644514616171
00bbac68_1871,12228.645357039772
00bbac68_1872,12228.639363997609
00bbac68_1873,12228.639518534666
00bbac68_1874,12228.645645860171
00bbac68_1875,12228.631611826151
00bbac68_1876,12228.632310493234
00bbac68_1877,12228.6328732748
00bbac68_1878,12228.63256007487
00bbac68_1879,12228.633459505245
00bbac68_1880,12228.636018631234
00bbac68_1881,12228.638895927315
00bbac68_1882,12228.637298738662
00bbac68_1883,12228.619614908815
00bbac68_1884,12228.617264447888
00bbac68_1885,12228.619407350434
00bbac68_1886,12228.620539275147
00bbac68_1887,12228.628765092268
00bbac68_1888,12228.623083422548
00bbac68_1889,12228.626704596976
00bbac68_1890,12228.628765092268
00bbac68_1891,12228.625877638056
00bbac68_1892,12228.616476256386
00bbac68_1893,12228.611762508368
00bbac68_1894,12228.621004490777
00bbac68_1895,12228.624426293678
00bbac68_1896,12228.624036495026
00bbac68_1897,12228.626022470007
00bbac68_1898,12228.624523581588
00bbac68_1899,12228.626817023183
00bbac68_1900,12228.611532717934
00bbac68_1901,12228.61447133385
00bbac68_1902,12228.627923735066
00bbac68_1903,12228.625492050349
00bbac68_1904,12228.622481256734
00bbac68_1905,12228.625050729786
00bbac68_1906,12228.626036616452
00bbac68_1907,12228.619855137133
00bbac68_1908,12228.625599303276
00bbac68_1909,12228.628385883783
00bbac68_1910,12228.622926335063
00bbac68_1911,12228.618808270983
00bbac68_1912,12228.62807630644
00bbac68_1913,12228.626396451344
00bbac68_1914,12228.6262361317
00bbac68_1915,12228.633061716357
00bbac68_1916,12228.635284073684
00bbac68_1917,12228.6365163876
00bbac68_1918,12228.635788076435
00bbac68_1919,12228.647892277037
00bbac68_1920,12228.641360504143
00bbac68_1921,12228.642862125487
00bbac68_1922,12228.656659321114
00bbac68_1923,12228.654918465752
00bbac68_1924,12228.657003797853
00bbac68_1925,12228.656665950324
00bbac68_1926,12228.654918465752
00bbac68_1927,12228.666123105771
00bbac68_1928,12228.663693818542
00bbac68_1929,12228.6642318001
00bbac68_1930,12228.674767183322
00bbac68_1931,12228.678938257546
00bbac68_1932,12228.68244758088
00bbac68_1933,12228.677709029633
00bbac68_1934,12228.686205446676
00bbac68_1935,12228.683600111168
00bbac68_1936,12228.69204046791
00bbac68_1937,12228.696124256485
00bbac68_1938,12228.705898401897
00bbac68_1939,12228.704331365889
00bbac68_1940,12228.712745360252
00bbac68_1941,12228.70342433174
00bbac68_1942,12228.71548711308
00bbac68_1943,12228.721807450602
00bbac68_1944,12228.729062308345
00bbac68_1945,12228.72527286899
00bbac68_1946,12228.736851720598
00bbac68_1947,12228.747138537368
00bbac68_1948,12228.742874557644
00bbac68_1949,12228.755273876852
00bbac68_1950,12228.746888935006
00bbac68_1951,12228.75663390309
00bbac68_1952,12228.764022422249
00bbac68_1953,12228.761526923548
00bbac68_1954,12228.770871914228
00bbac68_1955,12228.781176357394
00bbac68_1956,12228.783889983788
00bbac68_1957,12228.794538726006
00bbac68_1958,12228.791676052895
00bbac68_1959,12228.792648350973
00bbac68_1960,12228.80446731703
00bbac68_1961,12228.812129762564
00bbac68_1962,12228.825209956623
00bbac68_1963,12228.822681110902
00bbac68_1964,12228.83479041827
00bbac68_1965,12228.843606044058
00bbac68_1966,12228.84246302994
00bbac68_1967,12228.844430605344
00bbac68_1968,12228.8521404103
00bbac68_1969,12228.864030064964
00bbac68_1970,12228.87341127082
00bbac68_1971,12228.883319914914
00bbac68_1972,12228.886647003288
00bbac68_1973,12228.894052035894
00bbac68_1974,12228.903789097105
00bbac68_1975,12228.902971546511
00bbac68_1976,12228.913623607728
00bbac68_1977,12228.920479698289
00bbac68_1978,12228.9342090163
00bbac68_1979,12228.943643024522
00bbac68_1980,12228.952212272472
00bbac68_1981,12228.96145197072
00bbac68_1982,12228.961232189022
00bbac68_1983,12228.963359071704
00bbac68_1984,12228.974357031932
00bbac68_1985,12228.98349168114
00bbac68_1986,12228.9919022107
00bbac68_1987,12229.011962553384
00bbac68_1988,12229.01834937679
00bbac68_1989,12229.026332301131
00bbac68_1990,12229.031270632451
00bbac68_1991,12229.033351872717
00bbac68_1992,12229.042476994162
00bbac68_1993,12229.04215839177
00bbac68_1994,12229.05068520606
00bbac68_1995,12229.061284570002
00bbac68_1996,12229.071063361567
00bbac68_1997,12229.08369641837
00bbac68_1998,12229.093780676209
00bbac68_1999,12229.103400592152
00bbac68_2000,12229.11306426165
00bbac68_2001,12229.110560144209
00bbac68_2002,12229.124791122438
00bbac68_2003,12229.142376116704
00bbac68_2004,12229.146304816548
00bbac68_2005,12229.153739251333
00bbac68_2006,12229.153563357177
00bbac68_2007,12229.163412368936
00bbac68_2008,12229.164332534176
00bbac68_2009,12229.17621762444
00bbac68_2010,12229.186635426486
00bbac68_2011,12229.202382112797
00bbac68_2012,12229.210297442303
00bbac68_2013,12229.210042492472
00bbac68_2014,12229.222143862364
00bbac68_2015,12229.22994753451
00bbac68_2016,12229.235548974866
00bbac68_2017,12229.244949123482
00bbac68_2018,12229.252808544074
00bbac68_2019,12229.258638420655
00bbac68_2020,12229.26531434641
00bbac68_2021,12229.267262325831
00bbac68_2022,12229.276076091195
00bbac68_2023,12229.286606862466
00bbac68_2024,12229.296718692807
00bbac68_2025,12229.30298510277
00bbac68_2026,12229.313170339266
00bbac68_2027,12229.328617883006
00bbac68_2028,12229.339735489406
00bbac68_2029,12229.35136797096
00bbac68_2030,12229.357909749264
00bbac68_2031,12229.366186568086
00bbac68_2032,12229.361038819874
00bbac68_2033,12229.360799187869
00bbac68_2034,12229.37050672774
00bbac68_2035,12229.382791069604
00bbac68_2036,12229.39253165536
00bbac68_2037,12229.401555425457
00bbac68_2038,12229.41059937095
00bbac68_2039,12229.424625767146
00bbac68_2040,12229.438109310408
00bbac68_2041,12229.43782746236
00bbac68_2042,12229.450783290393
00bbac68_2043,12229.451048656156
00bbac68_2044,12229.460994001844
00bbac68_2045,12229.464986858118
00bbac68_2046,12229.475030777076
00bbac68_2047,12229.481824022016
00bbac68_2048,12229.49105713882
00bbac68_2049,12229.490445376958
00bbac68_2050,12229.505440598869
00bbac68_2051,12229.510279813729
00bbac68_2052,12229.519870157445
00bbac68_2053,12229.533140825815
00bbac68_2054,12229.540179744756
00bbac68_2055,12229.555044231189
00bbac68_2056,12229.562301445256
00bbac68_2057,12229.574901027709
00bbac68_2058,12229.558196890914
00bbac68_2059,12229.570158615275
00bbac68_2060,12229.581813926294
00bbac68_2061,12229.590357940971
00bbac68_2062,12229.600893090334
00bbac68_2063,12229.6124393248
00bbac68_2064,12229.622066273729
00bbac68_2065,12229.629734829394
00bbac68_2066,12229.630926398377
00bbac68_2067,12229.641217141709
00bbac68_2068,12229.649653675257
00bbac68_2069,12229.660131152805
00bbac68_2070,12229.669654204086
00bbac68_2071,12229.66952213624
00bbac68_2072,12229.67640689272
00bbac68_2073,12229.68616261632
00bbac68_2074,12229.68633407506
00bbac68_2075,12229.699245937529
00bbac68_2076,12229.709390425403
00bbac68_2077,12229.721281605109
00bbac68_2078,12229.729769756148
00bbac68_2079,12229.739826590048
00bbac68_2080,12229.751696085625
00bbac68_2081,12229.758950060215
00bbac68_2082,12229.765134705109
00bbac68_2083,12229.760870430317
00bbac68_2084,12229.772229164755
00bbac68_2085,12229.78028753552
00bbac68_2086,12229.790813938422
00bbac68_2087,12229.801812175112
00bbac68_2088,12229.810909144728
00bbac68_2089,12229.82108847794
00bbac68_2090,12229.820956057089
00bbac68_2091,12229.820641018536
00bbac68_2092,12229.833012658808
00bbac68_2093,12229.840552091691
00bbac68_2094,12229.852219293492
00bbac68_2095,12229.846623654474
00bbac68_2096,12229.859539203955
00bbac68_2097,12229.871889327836
00bbac68_2098,12229.88039738592
00bbac68_2099,12229.880013107271
00bbac68_2100,12229.88137012613
00bbac68_2101,12229.891629036956
00bbac68_2102,12229.902443484792
00bbac68_2103,12229.912734802629
00bbac68_2104,12229.914165816355
00bbac68_2105,12229.91950493875
00bbac68_2106,12229.931156783068
00bbac68_2107,12229.942203794872
00bbac68_2108,12229.93110794469
00bbac68_2109,12229.942180101369
00bbac68_2110,12229.949892410774
00bbac68_2111,12229.95136554544
00bbac68_2112,12229.96154402311
00bbac68_2113,12229.97111170988
00bbac68_2114,12229.969947183854
00bbac68_2115,12229.979517778183
00bbac68_2116,12229.979890514882
00bbac68_2117,12229.981055971786
00bbac68_2118,12229.991001269258
00bbac68_2119,12230.000406068606
00bbac68_2120,12229.998765515416
00bbac68_2121,12230.008440781708
00bbac68_2122,12230.021238937095
00bbac68_2123,12230.020580886854
00bbac68_2124,12230.019867758574
00bbac68_2125,12230.023122589097
00bbac68_2126,12230.030573737782
00bbac68_2127,12230.038604294276
00bbac68_2128,12230.038604294276
00bbac68_2129,12230.050102729729
00bbac68_2130,12230.05195984208
00bbac68_2131,12230.060564870786
00bbac68_2132,12230.061211123617
00bbac68_2133,12230.059833886984
00bbac68_2134,12230.070326988298
00bbac68_2135,12230.070177601923
00bbac68_2136,12230.082748705016
00bbac68_2137,12230.081550163562
00bbac68_2138,12230.090604530697
00bbac68_2139,12230.089912456267
00bbac68_2140,12230.102688467954
00bbac68_2141,12230.090971826136
00bbac68_2142,12230.100637638549
00bbac68_2143,12230.100637638554
00bbac68_2144,12230.109973342838
00bbac68_2145,12230.11058575299
00bbac68_2146,12230.119803380274
00bbac68_2147,12230.120389957743
00bbac68_2148,12230.130187738589
00bbac68_2149,12230.121152417736
00bbac68_2150,12230.121339339308
00bbac68_2151,12230.13279296864
00bbac68_2152,12230.13367241651
00bbac68_2153,12230.14360254967
00bbac68_2154,12230.143146492852
00bbac68_2155,12230.14256903874
00bbac68_2156,12230.153079367064
00bbac68_2157,12230.153877539506
00bbac68_2158,12230.1551455661
00bbac68_2159,12230.154411055491
00bbac68_2160,12230.152485113986
00bbac68_2161,12230.161082598395
00bbac68_2162,12230.16399603513
00bbac68_2163,12230.16906970658
00bbac68_2164,12230.17294619662
00bbac68_2165,12230.170096534732
00bbac68_2166,12230.175450571847
00bbac68_2167,12230.17951208976
00bbac68_2168,12230.174992272498
00bbac68_2169,12230.184191655444
00bbac68_2170,12230.182315429014
00bbac68_2171,12230.18034115475
00bbac68_2172,12230.180237450511
00bbac68_2173,12230.19120410698
00bbac68_2174,12230.180127277132
00bbac68_2175,12230.179352359915
00bbac68_2176,12230.189896182816
00bbac68_2177,12230.19002365
00bbac68_2178,12230.189430722428
00bbac68_2179,12230.190371604836
00bbac68_2180,12230.200984263289
00bbac68_2181,12230.200547079456
00bbac68_2182,12230.189830207752
00bbac68_2183,12230.200091307925
00bbac68_2184,12230.20243430059
00bbac68_2185,12230.196900026573
00bbac68_2186,12230.200158467362
00bbac68_2187,12230.2109921234
00bbac68_2188,12230.210879087104
00bbac68_2189,12230.211135167196
00bbac68_2190,12230.206355447668
00bbac68_2191,12230.206721475846
00bbac68_2192,12230.206357281826
00bbac68_2193,12230.206388867226
00bbac68_2194,12230.211787189071
00bbac68_2195,12230.21642560865
00bbac68_2196,12230.25092406994
00bbac68_2197,12230.254380408736
00bbac68_2198,12230.251245358706
00bbac68_2199,12230.207246570411
00bbac68_2200,12230.221741639796
00bbac68_2201,12230.219337027078
00bbac68_2202,12230.217129039756
00bbac68_2203,12230.219856793716
00bbac68_2204,12230.232262153955
00bbac68_2205,12230.229294773557
00bbac68_2206,12230.226475670192
00bbac68_2207,12230.216176790864
00bbac68_2208,12230.216293716723
00bbac68_2209,12230.226590660292
00bbac68_2210,12230.233282240391
00bbac68_2211,12230.231512742872
00bbac68_2212,12230.234415430476
00bbac68_2213,12230.230449299512
00bbac68_2214,12230.230449299512
00bbac68_2215,12230.239279355095
00bbac68_2216,12230.226076162657
00bbac68_2217,12230.227113714756
00bbac68_2218,12230.2264188421
00bbac68_2219,12230.230307166285
00bbac68_2220,12230.23111934411
00bbac68_2221,12230.242281201155
00bbac68_2222,12230.241534501396
00bbac68_2223,12230.243051182311
00bbac68_2224,12230.229193604062
00bbac68_2225,12230.23242301816
00bbac68_2226,12230.23051312909
00bbac68_2227,12230.231592644524
00bbac68_2228,12230.240277424571
00bbac68_2229,12230.240878021084
00bbac68_2230,12230.24039171882
00bbac68_2231,12230.241668593651
00bbac68_2232,12230.23172115639
00bbac68_2233,12230.240510850135
00bbac68_2234,12230.237337969738
00bbac68_2235,12230.23186349932
00bbac68_2236,12230.247252648553
00bbac68_2237,12230.240277424571
00bbac68_2238,12230.241381965334
00bbac68_2239,12230.240959155775
00bbac68_2240,12230.235723528493
00bbac68_2241,12230.238810796414
00bbac68_2242,12230.232514850091
00bbac68_2243,12230.233849213027
00bbac68_2244,12230.239379837143
00bbac68_2245,12230.232172772125
00bbac68_2246,12230.233626562049
00bbac68_2247,12230.233108080398
00bbac68_2248,12230.243062105836
00bbac68_2249,12230.242111112806
00bbac68_2250,12230.242111112806
00bbac68_2251,12230.24133056944
00bbac68_2252,12230.241998817248
00bbac68_2253,12230.251938191055
00bbac68_2254,12230.251682667216
00bbac68_2255,12230.246181748174
00bbac68_2256,12230.24652420392
00bbac68_2257,12230.25046593142
00bbac68_2258,12230.257957526966
00bbac68_2259,12230.255591664189
00bbac68_2260,12230.27357099388
00bbac68_2261,12230.262945108712
00bbac68_2262,12230.25677966746
00bbac68_2263,12230.262291878464
00bbac68_2264,12230.262330444297
00bbac68_2265,12230.257100642531
00bbac68_2266,12230.267980728526
00bbac68_2267,12230.272257789626
00bbac68_2268,12230.277219284926
00bbac68_2269,12230.272511375644
00bbac68_2270,12230.272202545048
00bbac68_2271,12230.280771390797
00bbac68_2272,12230.28298989566
00bbac68_2273,12230.288109082408
00bbac68_2274,12230.27955362363
00bbac68_2275,12230.286624563829
00bbac68_2276,12230.27990917077
00bbac68_2277,12230.282256355991
00bbac68_2278,12230.2807866764
00bbac68_2279,12230.289144539633
00bbac68_2280,12230.286804402482
00bbac68_2281,12230.289831196918
00bbac68_2282,12230.289710019002
00bbac68_2283,12230.288542365775
00bbac68_2284,12230.286390505373
00bbac68_2285,12230.29487929297
00bbac68_2286,12230.285701099752
00bbac68_2287,12230.28858304847
00bbac68_2288,12230.286804402482
00bbac68_2289,12230.288362464422
00bbac68_2290,12230.292399856724
00bbac68_2291,12230.28044856398
00bbac68_2292,12230.286804402484
00bbac68_2293,12230.28554387858
00bbac68_2294,12230.28320974834
00bbac68_2295,12230.273777603035
00bbac68_2296,12230.274787723138
00bbac68_2297,12230.27649540308
00bbac68_2298,12230.275101694377
00bbac68_2299,12230.274850218442
00bbac68_2300,12230.268199855558
00bbac68_2301,12230.278181135434
00bbac68_2302,12230.293135777603
00bbac68_2303,12230.267506132464
00bbac68_2304,12230.255605827228
00bbac68_2305,12230.26451914573
00bbac68_2306,12230.26865151314
00bbac68_2307,12230.257010610569
00bbac68_2308,12230.252460833231
00bbac68_2309,12230.241616962783
00bbac68_2310,12230.241292638566
00bbac68_2311,12230.246104268404
00bbac68_2312,12230.23615001225
00bbac68_2313,12230.237029487324
00bbac68_2314,12230.226728833297
00bbac68_2315,12230.226835119754
00bbac68_2316,12230.216225531343
00bbac68_2317,12230.227099339543
00bbac68_2318,12230.22172824612
00bbac68_2319,12230.224550274914
00bbac68_2320,12230.216694061182
00bbac68_2321,12230.214407068324
00bbac68_2322,12230.204480039709
00bbac68_2323,12230.204136622704
00bbac68_2324,12230.206476305437
00bbac68_2325,12230.195678065937
00bbac68_2326,12230.190961207378
00bbac68_2327,12230.177759435466
00bbac68_2328,12230.17714882062
00bbac68_2329,12230.166703495714
00bbac68_2330,12230.166457644114
00bbac68_2331,12230.166385627095
00bbac68_2332,12230.16111133524
00bbac68_2333,12230.17011812787
00bbac68_2334,12230.165831250224
00bbac68_2335,12230.15187521253
00bbac68_2336,12230.15187521253
00bbac68_2337,12230.157935022711
00bbac68_2338,12230.142402412228
00bbac68_2339,12230.12972869004
00bbac68_2340,12230.127001644603
00bbac68_2341,12230.115355021837
00bbac68_2342,12230.10521179825
00bbac68_2343,12230.115095785768
00bbac68_2344,12230.10344606486
00bbac68_2345,12230.09608356489
00bbac68_2346,12230.093747771396
00bbac68_2347,12230.07793427367
00bbac68_2348,12230.07283349594
00bbac68_2349,12230.065748574098
00bbac68_2350,12230.066682772596
00bbac68_2351,12230.05759894108
00bbac68_2352,12230.05050434782
00bbac68_2353,12230.052457477535
00bbac68_2354,12230.04915670203
00bbac68_2355,12230.03954458364
00bbac68_2356,12230.03515829932
00bbac68_2357,12230.029340017243
00bbac68_2358,12230.012835841007
00bbac68_2359,12229.998382528762
00bbac68_2360,12229.987980647744
00bbac68_2361,12229.973834166638
00bbac68_2362,12229.985543551917
00bbac68_2363,12229.979387476878
00bbac68_2364,12229.966395766627
00bbac68_2365,12229.951768342164
00bbac68_2366,12229.948333059096
00bbac68_2367,12229.93698759006
00bbac68_2368,12229.92384871747
00bbac68_2369,12229.92384871747
00bbac68_2370,12229.913919824996
00bbac68_2371,12229.903991285191
00bbac68_2372,12229.90875942724
00bbac68_2373,12229.90189437203
00bbac68_2374,12229.893790769624
00bbac68_2375,12229.892060226011
00bbac68_2376,12229.88593891107
00bbac68_2377,12229.867008444588
00bbac68_2378,12229.860063738832
00bbac68_2379,12229.848388707973
00bbac68_2380,12229.847856391483
00bbac68_2381,12229.840250546493
00bbac68_2382,12229.839345863133
00bbac68_2383,12229.829290055704
00bbac68_2384,12229.8188275065
00bbac68_2385,12229.807513640428
00bbac68_2386,12229.7982956557
00bbac68_2387,12229.785710767172
00bbac68_2388,12229.80487048454
00bbac68_2389,12229.798808858506
00bbac68_2390,12229.792821721505
00bbac68_2391,12229.774414870151
00bbac68_2392,12229.761415055134
00bbac68_2393,12229.760159590576
00bbac68_2394,12229.750997334102
00bbac68_2395,12229.7466616676
00bbac68_2396,12229.73899442116
00bbac68_2397,12229.735051746053
00bbac68_2398,12229.723019250372
00bbac68_2399,12229.713117562656
00bbac68_2400,12229.702195056476
00bbac68_2401,12229.710348215138
00bbac68_2402,12229.703931546785
00bbac68_2403,12229.683961308556
00bbac68_2404,12229.674966858374
00bbac68_2405,12229.661047293012
00bbac68_2406,12229.658665258634
00bbac68_2407,12229.66320890839
00bbac68_2408,12229.65975140664
00bbac68_2409,12229.642708715746
00bbac68_2410,12229.62672391978
00bbac68_2411,12229.618024374517
00bbac68_2412,12229.608981538166
00bbac68_2413,12229.620097564191
00bbac68_2414,12229.62275625755
00bbac68_2415,12229.63151943686
00bbac68_2416,12229.59423143433
00bbac68_2417,12229.59549106358
00bbac68_2418,12229.593761166729
00bbac68_2419,12229.589257304628
00bbac68_2420,12229.566556627202
00bbac68_2421,12229.56385838848
00bbac68_2422,12229.54725395933
00bbac68_2423,12229.556537257276
00bbac68_2424,12229.552945859028
00bbac68_2425,12229.542055717684
00bbac68_2426,12229.54462233041
00bbac68_2427,12229.534677140577
00bbac68_2428,12229.53521369433
00bbac68_2429,12229.524562619765
00bbac68_2430,12229.51990375508
00bbac68_2431,12229.50629229719
00bbac68_2432,12229.505399447742
00bbac68_2433,12229.514899384354
00bbac68_2434,12229.49639228268
00bbac68_2435,12229.484950547274
00bbac68_2436,12229.467233929898
00bbac68_2437,12229.462169573557
00bbac68_2438,12229.467635789855
00bbac68_2439,12229.466024052255
00bbac68_2440,12229.457772087071
00bbac68_2441,12229.44616422679
00bbac68_2442,12229.451993339855
00bbac68_2443,12229.442086595143
00bbac68_2444,12229.429530798016
00bbac68_2445,12229.407429313644
00bbac68_2446,12229.409423982792
00bbac68_2447,12229.4010375957
00bbac68_2448,12229.393284402458
00bbac68_2449,12229.381800080746
00bbac68_2450,12229.387356992624
00bbac68_2451,12229.386227033869
00bbac68_2452,12229.374515843856
00bbac68_2453,12229.37544848617
00bbac68_2454,12229.36769522954
00bbac68_2455,12229.374461103786
00bbac68_2456,12229.358869023134
00bbac68_2457,12229.349199685665
00bbac68_2458,12229.340359170965
00bbac68_2459,12229.347934687434
00bbac68_2460,12229.337426479698
00bbac68_2461,12229.331547990276
00bbac68_2462,12229.321590802108
00bbac68_2463,12229.313624843826
00bbac68_2464,12229.31272377183
00bbac68_2465,12229.30880706141
00bbac68_2466,12229.299688937108
00bbac68_2467,12229.29052776016
00bbac68_2468,12229.279309816611
00bbac68_2469,12229.270896864002
00bbac68_2470,12229.268726900582
00bbac68_2471,12229.259963804596
00bbac68_2472,12229.262123599838
00bbac68_2473,12229.252147387657
00bbac68_2474,12229.241487217449
00bbac68_2475,12229.242228244744
00bbac68_2476,12229.231202496829
00bbac68_2477,12229.221872997585
00bbac68_2478,12229.213982863885
00bbac68_2479,12229.202642380482
00bbac68_2480,12229.19418138606
00bbac68_2481,12229.193398209858
00bbac68_2482,12229.184085012595
00bbac68_2483,12229.172418479991
00bbac68_2484,12229.174513287022
00bbac68_2485,12229.174755571716
00bbac68_2486,12229.167333840223
00bbac68_2487,12229.154173927524
00bbac68_2488,12229.144676132546
00bbac68_2489,12229.132786120192
00bbac68_2490,12229.123718171906
00bbac68_2491,12229.123858411594
00bbac68_2492,12229.113318941128
00bbac68_2493,12229.093725003971
00bbac68_2494,12229.093855336268
00bbac68_2495,12229.08323644632
00bbac68_2496,12229.074453610992
00bbac68_2497,12229.060278949846
00bbac68_2498,12229.06341644216
00bbac68_2499,12229.05037472066
00bbac68_2500,12229.043708275558
00bbac68_2501,12229.031116702834
00bbac68_2502,12229.03192657461
00bbac68_2503,12229.018017646224
00bbac68_2504,12229.021091122537
00bbac68_2505,12229.02229456982
00bbac68_2506,12229.010906451314
00bbac68_2507,12229.012436143226
00bbac68_2508,12228.99447980146
00bbac68_2509,12229.002048300075
00bbac68_2510,12228.99720920133
00bbac68_2511,12228.994700208594
00bbac68_2512,12229.000869049489
00bbac68_2513,12228.998690392278
00bbac68_2514,12229.016559529897
00bbac68_2515,12229.00975409012
00bbac68_2516,12229.013861036048
00bbac68_2517,12229.028307347864
00bbac68_2518,12229.022150574285
00bbac68_2519,12229.027239563113
00bbac68_2520,12229.036939149317
00bbac68_2521,12229.033238821345
00bbac68_2522,12229.03142474523
00bbac68_2523,12229.033207031587
00bbac68_2524,12229.035846668066
00bbac68_2525,12229.04006335778
00bbac68_2526,12229.04336144659
00bbac68_2527,12229.024430824236
00bbac68_2528,12229.035026692229
00bbac68_2529,12229.052633946583
00bbac68_2530,12229.055456594862
00bbac68_2531,12229.063447013816
00bbac68_2532,12229.051807640646
00bbac68_2533,12229.04456306684
00bbac68_2534,12229.058210379806
00bbac68_2535,12229.063865332648
00bbac68_2536,12229.066262916973
00bbac68_2537,12229.0699631908
00bbac68_2538,12229.056385488864
00bbac68_2539,12229.054494036987
00bbac68_2540,12229.065815280585
00bbac68_2541,12229.073611079612
00bbac68_2542,12229.060999018397
00bbac68_2543,12229.07595545789
00bbac68_2544,12229.064498394284
00bbac68_2545,12229.068438327282
00bbac68_2546,12229.08083253604
00bbac68_2547,12229.07573946697
00bbac68_2548,12229.082799176877
00bbac68_2549,12229.081201741445
00bbac68_2550,12229.071938180374
00bbac68_2551,12229.080381577276
00bbac68_2552,12229.082573613614
00bbac68_2553,12229.079241480504
00bbac68_2554,12229.089490113502
00bbac68_2555,12229.071764744564
00bbac68_2556,12229.074221679608
00bbac68_2557,12229.066298680344
00bbac68_2558,12229.08283002248
00bbac68_2559,12229.084174917038
00bbac68_2560,12229.097346961917
00bbac68_2561,12229.08405867736
00bbac68_2562,12229.079506202646
00bbac68_2563,12229.094303470856
00bbac68_2564,12229.088283911866
00bbac68_2565,12229.098295786112
00bbac68_2566,12229.099138076175
00bbac68_2567,12229.092921139078
00bbac68_2568,12229.104715406887
00bbac68_2569,12229.091076618652
00bbac68_2570,12229.096704237452
00bbac68_2571,12229.1088647307
00bbac68_2572,12229.107722221315
00bbac68_2573,12229.099163688796
00bbac68_2574,12229.114881598449
00bbac68_2575,12229.108524042354
00bbac68_2576,12229.108375139547
00bbac68_2577,12229.11135967758
00bbac68_2578,12229.108575912776
00bbac68_2579,12229.1088647307
00bbac68_2580,12229.118477622424
00bbac68_2581,12229.108259876475
00bbac68_2582,12229.118474466391
00bbac68_2583,12229.114350631073
00bbac68_2584,12229.1160950983
00bbac68_2585,12229.129025231214
00bbac68_2586,12229.11915362445
00bbac68_2587,12229.114442479706
00bbac68_2588,12229.118258690523
00bbac68_2589,12229.113695867169
00bbac68_2590,12229.122789336809
00bbac68_2591,12229.118084716887
00bbac68_2592,12229.123071936026
00bbac68_2593,12229.117566921304
00bbac68_2594,12229.125993652318
00bbac68_2595,12229.128742394034
00bbac68_2596,12229.12296474816
00bbac68_2597,12229.13839290148
00bbac68_2598,12229.12296474816
00bbac68_2599,12229.130081844736
00bbac68_2600,12229.12854031903
00bbac68_2601,12229.107508269932
00bbac68_2602,12229.126490593995
00bbac68_2603,12229.12845288825
00bbac68_2604,12229.113667463798
00bbac68_2605,12229.123568588622
00bbac68_2606,12229.127691883496
00bbac68_2607,12229.118084716887
00bbac68_2608,12229.128150478477
00bbac68_2609,12229.12670935404
00bbac68_2610,12229.117566921308
00bbac68_2611,12229.122554777534
00bbac68_2612,12229.113917035484
00bbac68_2613,12229.113746165802
00bbac68_2614,12229.132266132265
00bbac68_2615,12229.136453903497
00bbac68_2616,12229.12786770398
00bbac68_2617,12229.130510828623
00bbac68_2618,12229.12933077171
00bbac68_2619,12229.128187806717
00bbac68_2620,12229.137316383449
00bbac68_2621,12229.135711002347
00bbac68_2622,12229.12957218267
00bbac68_2623,12229.128452888255
00bbac68_2624,12229.126276848743
00bbac68_2625,12229.13502709371
00bbac68_2626,12229.136924882843
00bbac68_2627,12229.13691040446
00bbac68_2628,12229.13338521292
00bbac68_2629,12229.128452888255
00bbac68_2630,12229.122167532683
00bbac68_2631,12229.12723247673
00bbac68_2632,12229.13452254668
00bbac68_2633,12229.140409639562
00bbac68_2634,12229.12397189794
00bbac68_2635,12229.123054933056
00bbac68_2636,12229.12098871172
00bbac68_2637,12229.138673861447
00bbac68_2638,12229.136361169309
00bbac68_2639,12229.127027277957
00bbac68_2640,12229.129799872988
00bbac68_2641,12229.122636397666
00bbac68_2642,12229.120970318929
00bbac68_2643,12229.12288117609
00bbac68_2644,12229.113168978036
00bbac68_2645,12229.12411584067
00bbac68_2646,12229.122951278228
00bbac68_2647,12229.113038415684
00bbac68_2648,12229.138131115324
00bbac68_2649,12229.127161083774
00bbac68_2650,12229.133598818687
00bbac68_2651,12229.120241663612
00bbac68_2652,12229.11538095005
00bbac68_2653,12229.118434557326
00bbac68_2654,12229.119218796495
00bbac68_2655,12229.107069060778
00bbac68_2656,12229.108484280476
00bbac68_2657,12229.10840177869
00bbac68_2658,12229.09394763328
00bbac68_2659,12229.110580244716
00bbac68_2660,12229.098598642257
00bbac68_2661,12229.098639207026
00bbac68_2662,12229.09298222892
00bbac68_2663,12229.08505773024
00bbac68_2664,12229.08203961968
00bbac68_2665,12229.089436466227
00bbac68_2666,12229.077162046098
00bbac68_2667,12229.084046830238
00bbac68_2668,12229.069134286829
00bbac68_2669,12229.065366743238
00bbac68_2670,12229.07515417175
00bbac68_2671,12229.062496863047
00bbac68_2672,12229.05220566648
00bbac68_2673,12229.05932968634
00bbac68_2674,12229.047017845194
00bbac68_2675,12229.060350036343
00bbac68_2676,12229.057130588712
00bbac68_2677,12229.03770830177
00bbac68_2678,12229.026656320257
00bbac68_2679,12229.016517416349
00bbac68_2680,12229.01415481092
00bbac68_2681,12229.019268790507
00bbac68_2682,12229.019268790507
00bbac68_2683,12229.012152288447
00bbac68_2684,12229.011028775636
00bbac68_2685,12228.995713229097
00bbac68_2686,12228.981861512992
00bbac68_2687,12228.981861512992
00bbac68_2688,12228.980541497784
00bbac68_2689,12228.965527268843
00bbac68_2690,12228.976080691884
00bbac68_2691,12228.969058938948
00bbac68_2692,12228.961227382766
00bbac68_2693,12228.95016281793
00bbac68_2694,12228.939392033131
00bbac68_2695,12228.933551339858
00bbac68_2696,12228.926553491348
00bbac68_2697,12228.919938136823
00bbac68_2698,12228.91000140351
00bbac68_2699,12228.910705225842
00bbac68_2700,12228.899126639188
00bbac68_2701,12228.879977221935
00bbac68_2702,12228.880836844091
00bbac68_2703,12228.86684321032
00bbac68_2704,12228.86719132468
00bbac68_2705,12228.849421956873
00bbac68_2706,12228.830257356856
00bbac68_2707,12228.829948821614
00bbac68_2708,12228.82197501744
00bbac68_2709,12228.820320660769
00bbac68_2710,12228.821061217875
00bbac68_2711,12228.812460405714
00bbac68_2712,12228.802942229666
00bbac68_2713,12228.794704544209
00bbac68_2714,12228.7726507729
00bbac68_2715,12228.762200865724
00bbac68_2716,12228.757884720855
00bbac68_2717,12228.753363102052
00bbac68_2718,12228.737684072676
00bbac68_2719,12228.742561179017
00bbac68_2720,12228.720190158328
00bbac68_2721,12228.712808659411
00bbac68_2722,12228.69817256085
00bbac68_2723,12228.685630098542
00bbac68_2724,12228.684624176423
00bbac68_2725,12228.664161654484
00bbac68_2726,12228.654589745558
00bbac68_2727,12228.645467170158
00bbac68_2728,12228.63335763274
00bbac68_2729,12228.624193333482
00bbac68_2730,12228.622323984871
00bbac68_2731,12228.612762105871
00bbac68_2732,12228.579673135771
00bbac68_2733,12228.572041992058
00bbac68_2734,12228.55920571626
00bbac68_2735,12228.538435055125
00bbac68_2736,12228.54059692259
00bbac68_2737,12228.51896044958
00bbac68_2738,12228.508262897898
00bbac68_2739,12228.49893522819
00bbac68_2740,12228.479912024646
00bbac68_2741,12228.48254736995
00bbac68_2742,12228.46429490736
00bbac68_2743,12228.44797663652
00bbac68_2744,12228.439158904475
00bbac68_2745,12228.420832341655
00bbac68_2746,12228.41577971034
00bbac68_2747,12228.396269270774
00bbac68_2748,12228.367538029494
00bbac68_2749,12228.34621469912
00bbac68_2750,12228.336137321856
00bbac68_2751,12228.32656563746
00bbac68_2752,12228.306140896046
00bbac68_2753,12228.31419514583
00bbac68_2754,12228.292095281811
00bbac68_2755,12228.286850045572
00bbac68_2756,12228.291146132811
00bbac68_2757,12228.269058508124
00bbac68_2758,12228.266167257769
00bbac68_2759,12228.255812095862
00bbac68_2760,12228.218008792634
00bbac68_2761,12228.218800154438
00bbac68_2762,12228.192993223103
00bbac68_2763,12228.204819643435
00bbac68_2764,12228.197311453509
00bbac68_2765,12228.165708650937
00bbac68_2766,12228.16661118456
00bbac68_2767,12228.155225204142
00bbac68_2768,12228.151667744129
00bbac68_2769,12228.135180203495
00bbac68_2770,12228.110969100197
00bbac68_2771,12228.10255837744
00bbac68_2772,12228.089526546022
00bbac68_2773,12228.093771598831
00bbac68_2774,12228.072667234566
00bbac68_2775,12228.045496568218
00bbac68_2776,12228.043653788403
00bbac68_2777,12228.026381364514
00bbac68_2778,12228.013376998611
00bbac68_2779,12228.008998493444
00bbac68_2780,12227.989127784062
00bbac68_2781,12227.995243515605
00bbac68_2782,12227.974173822156
00bbac68_2783,12227.963113792532
00bbac68_2784,12227.953385844958
00bbac68_2785,12227.926676154391
00bbac68_2786,12227.918562413925
00bbac68_2787,12227.9083629657
00bbac68_2788,12227.905397831048
00bbac68_2789,12227.884624270224
00bbac68_2790,12227.874456898726
00bbac68_2791,12227.850285611194
00bbac68_2792,12227.826947266933
00bbac68_2793,12227.816177546332
00bbac68_2794,12227.796403475812
00bbac68_2795,12227.778479422075
00bbac68_2796,12227.760090731868
00bbac68_2797,12227.74515911426
00bbac68_2798,12227.734548351847
00bbac68_2799,12227.711005398643
00bbac68_2800,12227.687266919957
00bbac68_2801,12227.66721152116
00bbac68_2802,12227.627705893394
00bbac68_2803,12227.60652775032
00bbac68_2804,12227.580658568808
00bbac68_2805,12227.546311482074
00bbac68_2806,12227.530259689747
00bbac68_2807,12227.502088352538
00bbac68_2808,12227.478487580149
00bbac68_2809,12227.438024429648
00bbac68_2810,12227.419318147216
00bbac68_2811,12227.39886138836
00bbac68_2812,12227.368013986696
00bbac68_2813,12227.34363564112
00bbac68_2814,12227.318196824634
00bbac68_2815,12227.279044888426
00bbac68_2816,12227.264405674066
00bbac68_2817,12227.238186792558
00bbac68_2818,12227.221088341055
00bbac68_2819,12227.185680175053
00bbac68_2820,12227.162160679787
00bbac68_2821,12227.143378424647
00bbac68_2822,12227.102602767602
00bbac68_2823,12227.079821170177
00bbac68_2824,12227.051287667537
00bbac68_2825,12227.023320430491
00bbac68_2826,12226.991575438124
00bbac68_2827,12226.962343516669
00bbac68_2828,12226.952300146782
00bbac68_2829,12226.904723654226
00bbac68_2830,12226.88444320077
00bbac68_2831,12226.87586562833
00bbac68_2832,12226.841500915069
00bbac68_2833,12226.822796617069
00bbac68_2834,12226.793361238666
00bbac68_2835,12226.761471706552
00bbac68_2836,12226.742701609028
00bbac68_2837,12226.715274766557
00bbac68_2838,12226.701560286863
00bbac68_2839,12226.673675063515
00bbac68_2840,12226.641940678095
00bbac68_2841,12226.62659454337
00bbac68_2842,12226.614476580922
00bbac68_2843,12226.583863221967
00bbac68_2844,12226.565140160626
00bbac68_2845,12226.544918223186
00bbac68_2846,12226.524962229374
00bbac68_2847,12226.505275430272
00bbac68_2848,12226.484711952364
00bbac68_2849,12226.464515921274
00bbac68_2850,12226.442998973896
00bbac68_2851,12226.434883589352
00bbac68_2852,12226.41505035039
00bbac68_2853,12226.3937885156
00bbac68_2854,12226.385711693814
00bbac68_2855,12226.365577665583
00bbac68_2856,12226.344178812638
00bbac68_2857,12226.335657492324
00bbac68_2858,12226.32563716056
00bbac68_2859,12226.305396434656
00bbac68_2860,12226.292520099149
00bbac68_2861,12226.27770134435
00bbac68_2862,12226.264066000302
00bbac68_2863,12226.25571225442
00bbac68_2864,12226.24553121922
00bbac68_2865,12226.233113967184
00bbac68_2866,12226.214569708332
00bbac68_2867,12226.20453045763
00bbac68_2868,12226.195356892804
00bbac68_2869,12226.186016677862
00bbac68_2870,12226.176056946024
00bbac68_2871,12226.165417721675
00bbac68_2872,12226.155467542454
00bbac68_2873,12226.145725696451
00bbac68_2874,12226.145160745322
00bbac68_2875,12226.135891837554
00bbac68_2876,12226.125948011548
00bbac68_2877,12226.125972917394
00bbac68_2878,12226.116053153692
00bbac68_2879,12226.115767387391
00bbac68_2880,12226.105757551311
00bbac68_2881,12226.104820418212
00bbac68_2882,12226.09356232518
00bbac68_2883,12226.09356232518
00bbac68_2884,12226.094555252985
00bbac68_2885,12226.0855393794
00bbac68_2886,12226.084866682791
00bbac68_2887,12226.083082199984
00bbac68_2888,12226.084679537693
00bbac68_2889,12226.085450383423
00bbac68_2890,12226.084845958796
00bbac68_2891,12226.075984860145
00bbac68_2892,12226.075971273578
00bbac68_2893,12226.075197385044
00bbac68_2894,12226.07537963159
00bbac68_2895,12226.075745291915
00bbac68_2896,12226.075477346749
00bbac68_2897,12226.084584063496
00bbac68_2898,12226.08336541843
00bbac68_2899,12226.084804152892
00bbac68_2900,12226.095669488584
00bbac68_2901,12226.095367000737
00bbac68_2902,12226.1058249856
00bbac68_2903,12226.10267504897
00bbac68_2904,12226.114964650193
00bbac68_2905,12226.125510783048
00bbac68_2906,12226.125613117863
00bbac68_2907,12226.134920702105
00bbac68_2908,12226.143724003796
00bbac68_2909,12226.15576694712
00bbac68_2910,12226.154665092596
00bbac68_2911,12226.164945624389
00bbac68_2912,12226.175127320284
00bbac68_2913,12226.184712702468
00bbac68_2914,12226.193933406
00bbac68_2915,12226.203878706508
00bbac68_2916,12226.212187528718
00bbac68_2917,12226.221456537478
00bbac68_2918,12226.234977612845
00bbac68_2919,12226.24525882932
00bbac68_2920,12226.254698696546
00bbac68_2921,12226.275673303371
00bbac68_2922,12226.283731456477
00bbac68_2923,12226.294488360274
00bbac68_2924,12226.312859266343
00bbac68_2925,12226.32345926392
00bbac68_2926,12226.343104361042
00bbac68_2927,12226.354739591889
00bbac68_2928,12226.375872545445
00bbac68_2929,12226.395329506502
00bbac68_2930,12226.40495308662
00bbac68_2931,12226.423112138558
00bbac68_2932,12226.43152502119
00bbac68_2933,12226.452820270582
00bbac68_2934,12226.463673606531
00bbac68_2935,12226.484435362336
00bbac68_2936,12226.50287407136
00bbac68_2937,12226.50648512048
00bbac68_2938,12226.53079698291
00bbac68_2939,12226.544204407335
00bbac68_2940,12226.557746047123
00bbac68_2941,12226.579692250749
00bbac68_2942,12226.583734681635
00bbac68_2943,12226.603592221774
00bbac68_2944,12226.610533320549
00bbac68_2945,12226.629913544535
00bbac68_2946,12226.648159358594
00bbac68_2947,12226.656160180792
00bbac68_2948,12226.682795942785
00bbac68_2949,12226.703845826903
00bbac68_2950,12226.712127263532
00bbac68_2951,12226.73006259091
00bbac68_2952,12226.75082744772
00bbac68_2953,12226.759841690176
00bbac68_2954,12226.78019397717
00bbac68_2955,12226.803680119365
00bbac68_2956,12226.811528456665
00bbac68_2957,12226.836007953976
00bbac68_2958,12226.850944737516
00bbac68_2959,12226.857890453588
00bbac68_2960,12226.879021981067
00bbac68_2961,12226.895938493246
00bbac68_2962,12226.910219600775
00bbac68_2963,12226.920243823724
00bbac68_2964,12226.936114894115
00bbac68_2965,12226.960690513475
00bbac68_2966,12226.974272381642
00bbac68_2967,12227.002480398196
00bbac68_2968,12227.02034528734
00bbac68_2969,12227.037379026546
00bbac68_2970,12227.040688188765
00bbac68_2971,12227.059855513862
00bbac68_2972,12227.08216278386
00bbac68_2973,12227.10163255183
00bbac68_2974,12227.119343652454
00bbac68_2975,12227.129987625807
00bbac68_2976,12227.149293349406
00bbac68_2977,12227.168731715232
00bbac68_2978,12227.184248530311
00bbac68_2979,12227.201587312364
00bbac68_2980,12227.221484073869
00bbac68_2981,12227.239224339482
00bbac68_2982,12227.250059588738
00bbac68_2983,12227.270687081416
00bbac68_2984,12227.295570654482
00bbac68_2985,12227.310261267248
00bbac68_2986,12227.329272119285
00bbac68_2987,12227.349968779685
00bbac68_2988,12227.37028423134
00bbac68_2989,12227.389435232462
00bbac68_2990,12227.408981247112
00bbac68_2991,12227.414159242897
00bbac68_2992,12227.443170137034
00bbac68_2993,12227.45792269837
00bbac68_2994,12227.482784151198
00bbac68_2995,12227.50138120912
00bbac68_2996,12227.509060826542
00bbac68_2997,12227.529445215652
00bbac68_2998,12227.540140601812
00bbac68_2999,12227.565340252178
00bbac68_3000,12227.578585661226
00bbac68_3001,12227.600975341136
00bbac68_3002,12227.621840730058
00bbac68_3003,12227.63594096728
00bbac68_3004,12227.658045368751
00bbac68_3005,12227.678088937886
00bbac68_3006,12227.697210764944
00bbac68_3007,12227.717058107695
00bbac68_3008,12227.74023573993
00bbac68_3009,12227.75118891463
00bbac68_3010,12227.769281337884
00bbac68_3011,12227.802298130957
00bbac68_3012,12227.822482152198
00bbac68_3013,12227.83559307955
00bbac68_3014,12227.860436950064
00bbac68_3015,12227.881004189838
00bbac68_3016,12227.891860126369
00bbac68_3017,12227.912854524202
00bbac68_3018,12227.938201520972
00bbac68_3019,12227.954857009949
00bbac68_3020,12227.981657013652
00bbac68_3021,12228.001901444082
00bbac68_3022,12228.0105753103
00bbac68_3023,12228.018082478176
00bbac68_3024,12228.044240263274
00bbac68_3025,12228.069886939567
00bbac68_3026,12228.082536059046
00bbac68_3027,12228.102351452097
00bbac68_3028,12228.122165957238
00bbac68_3029,12228.146706756925
00bbac68_3030,12228.166549734797
00bbac68_3031,12228.18162109941
00bbac68_3032,12228.20190701057
00bbac68_3033,12228.219559391911
00bbac68_3034,12228.233690796407
00bbac68_3035,12228.261817288285
00bbac68_3036,12228.2876130109
00bbac68_3037,12228.29871019853
00bbac68_3038,12228.321766706127
00bbac68_3039,12228.3429222944
00bbac68_3040,12228.357362032451
00bbac68_3041,12228.379602083294
00bbac68_3042,12228.406650619523
00bbac68_3043,12228.419293555562
00bbac68_3044,12228.448322188684
00bbac68_3045,12228.470086961945
00bbac68_3046,12228.49225144077
00bbac68_3047,12228.507716628576
00bbac68_3048,12228.528226266297
00bbac68_3049,12228.55231940857
00bbac68_3050,12228.566938889451
00bbac68_3051,12228.57592186238
00bbac68_3052,12228.608551400392
00bbac68_3053,12228.629375467011
00bbac68_3054,12228.648321230115
00bbac68_3055,12228.671602994938
00bbac68_3056,12228.684277972245
00bbac68_3057,12228.708200428053
00bbac68_3058,12228.726424236786
00bbac68_3059,12228.739172556385
00bbac68_3060,12228.77100834178
00bbac68_3061,12228.801188261928
00bbac68_3062,12228.81952655059
00bbac68_3063,12228.845424727146
00bbac68_3064,12228.870812398523
00bbac68_3065,12228.890732790942
00bbac68_3066,12228.9118284114
00bbac68_3067,12228.922930686207
00bbac68_3068,12228.943602291933
00bbac68_3069,12228.974200777944
00bbac68_3070,12228.9832523098
00bbac68_3071,12229.012103024395
00bbac68_3072,12229.026095112007
00bbac68_3073,12229.044810700649
00bbac68_3074,12229.048999079025
00bbac68_3075,12229.08252983236
00bbac68_3076,12229.094595271916
00bbac68_3077,12229.124881216438
00bbac68_3078,12229.150056295672
00bbac68_3079,12229.172400935526
00bbac68_3080,12229.198128884656
00bbac68_3081,12229.22522134929
00bbac68_3082,12229.24436106903
00bbac68_3083,12229.266123878706
00bbac68_3084,12229.27231338595
00bbac68_3085,12229.303331335164
00bbac68_3086,12229.318101604436
00bbac68_3087,12229.344192429888
00bbac68_3088,12229.373963183698
00bbac68_3089,12229.386769080764
00bbac68_3090,12229.408728427929
00bbac68_3091,12229.43184801556
00bbac68_3092,12229.454480036797
00bbac68_3093,12229.481922682411
00bbac68_3094,12229.511641198254
00bbac68_3095,12229.520227881669
00bbac68_3096,12229.543775044942
00bbac68_3097,12229.564828652698
00bbac68_3098,12229.597399961343
00bbac68_3099,12229.610780548015
00bbac68_3100,12229.632930155543
00bbac68_3101,12229.656801200588
00bbac68_3102,12229.67975311462
00bbac68_3103,12229.691377003104
00bbac68_3104,12229.710232198378
00bbac68_3105,12229.733968695737
00bbac68_3106,12229.77444256824
00bbac68_3107,12229.78632486514
00bbac68_3108,12229.799030000808
00bbac68_3109,12229.823180444264
00bbac68_3110,12229.853391322597
00bbac68_3111,12229.869387408236
00bbac68_3112,12229.88552999846
00bbac68_3113,12229.91442683776
00bbac68_3114,12229.953622872748
00bbac68_3115,12229.974209764669
00bbac68_3116,12229.999307273923
00bbac68_3117,12230.023890142202
00bbac68_3118,12230.04099522889
00bbac68_3119,12230.071458061628
00bbac68_3120,12230.091539678078
00bbac68_3121,12230.107508808169
00bbac68_3122,12230.14891971916
00bbac68_3123,12230.16417772721
00bbac68_3124,12230.19094874666
00bbac68_3125,12230.214434569569
00bbac68_3126,12230.239206163376
00bbac68_3127,12230.25454484757
00bbac68_3128,12230.279655343527
00bbac68_3129,12230.29268589524
00bbac68_3130,12230.318116269962
00bbac68_3131,12230.356064451453
00bbac68_3132,12230.375409004992
00bbac68_3133,12230.392586335673
00bbac68_3134,12230.426062651191
00bbac68_3135,12230.43723019028
00bbac68_3136,12230.454734592327
00bbac68_3137,12230.486846454589
00bbac68_3138,12230.517215649816
00bbac68_3139,12230.528079990292
00bbac68_3140,12230.557440951708
00bbac68_3141,12230.575888453828
00bbac68_3142,12230.59680697762
00bbac68_3143,12230.638074318316
00bbac68_3144,12230.650177714468
00bbac68_3145,12230.679835402609
00bbac68_3146,12230.700094982789
00bbac68_3147,12230.7274867601
00bbac68_3148,12230.75299039035
00bbac68_3149,12230.79508808688
00bbac68_3150,12230.81591844532
00bbac68_3151,12230.846047593612
00bbac68_3152,12230.865882322949
00bbac68_3153,12230.894873197396
00bbac68_3154,12230.915841736294
00bbac68_3155,12230.946018237471
00bbac68_3156,12230.964084904515
00bbac68_3157,12230.989723282746
00bbac68_3158,12231.013338772056
00bbac68_3159,12231.045873931202
00bbac68_3160,12231.041748376858
00bbac68_3161,12231.083343206472
00bbac68_3162,12231.091879391372
00bbac68_3163,12231.130272386086
00bbac68_3164,12231.139499984118
00bbac68_3165,12231.167822159034
00bbac68_3166,12231.193377588615
00bbac68_3167,12231.2208836787
00bbac68_3168,12231.25239382188
00bbac68_3169,12231.26668621838
00bbac68_3170,12231.290939121458
00bbac68_3171,12231.311402603544
00bbac68_3172,12231.3385259918
00bbac68_3173,12231.362768447114
00bbac68_3174,12231.401351900891
00bbac68_3175,12231.428444029048
00bbac68_3176,12231.460767617711
00bbac68_3177,12231.47805296361
00bbac68_3178,12231.508653443088
00bbac68_3179,12231.529334627672
00bbac68_3180,12231.557316195733
00bbac68_3181,12231.57927897098
00bbac68_3182,12231.606646214055
00bbac68_3183,12231.637207685051
00bbac68_3184,12231.65728115983
00bbac68_3185,12231.686116585091
00bbac68_3186,12231.717421575268
00bbac68_3187,12231.737336629643
00bbac68_3188,12231.766731280662
00bbac68_3189,12231.796294563135
00bbac68_3190,12231.81612270393
00bbac68_3191,12231.846189578724
00bbac68_3192,12231.886068866874
00bbac68_3193,12231.90790752117
00bbac68_3194,12231.936197539006
00bbac68_3195,12231.96614710651
00bbac68_3196,12231.996075764911
00bbac68_3197,12232.016276375753
00bbac68_3198,12232.04628601819
00bbac68_3199,12232.07609256168
00bbac68_3200,12232.09623197365
00bbac68_3201,12232.13915344056
00bbac68_3202,12232.16020706405
00bbac68_3203,12232.18637040412
00bbac68_3204,12232.206765563587
00bbac68_3205,12232.236302503805
00bbac68_3206,12232.269477065413
00bbac68_3207,12232.29925207082
00bbac68_3208,12232.31818390116
00bbac68_3209,12232.34642313117
00bbac68_3210,12232.386069841352
00bbac68_3211,12232.416257518344
00bbac68_3212,12232.44625419351
00bbac68_3213,12232.466369402166
00bbac68_3214,12232.496609072978
00bbac68_3215,12232.526084863432
00bbac68_3216,12232.556235790906
00bbac68_3217,12232.5760977324
00bbac68_3218,12232.606618028623
00bbac68_3219,12232.636423955482
00bbac68_3220,12232.667362936229
00bbac68_3221,12232.686682099942
00bbac68_3222,12232.716136831368
00bbac68_3223,12232.746143459395
00bbac68_3224,12232.766680076522
00bbac68_3225,12232.796230646847
00bbac68_3226,12232.826065720292
00bbac68_3227,12232.866067341043
00bbac68_3228,12232.88643985596
00bbac68_3229,12232.916078655566
00bbac68_3230,12232.946776583922
00bbac68_3231,12232.966456562572
00bbac68_3232,12232.996065959536
00bbac68_3233,12233.026340829609
00bbac68_3234,12233.046278435077
00bbac68_3235,12233.076140630112
00bbac68_3236,12233.106111283058
00bbac68_3237,12233.136288871056
00bbac68_3238,12233.15608559922
00bbac68_3239,12233.1862711608
00bbac68_3240,12233.217410664778
00bbac68_3241,12233.236070576308
00bbac68_3242,12233.266190057464
00bbac68_3243,12233.296251993705
00bbac68_3244,12233.3166639695
00bbac68_3245,12233.356755286122
00bbac68_3246,12233.37618644033
00bbac68_3247,12233.406160097971
00bbac68_3248,12233.436498955562
00bbac68_3249,12233.456446134996
00bbac68_3250,12233.486373336102
00bbac68_3251,12233.516068382136
00bbac68_3252,12233.536105439012
00bbac68_3253,12233.566079891045
00bbac68_3254,12233.59614931214
00bbac68_3255,12233.616472439451
00bbac68_3256,12233.646601955765
00bbac68_3257,12233.666509110142
00bbac68_3258,12233.696262042024
00bbac68_3259,12233.726713612645
00bbac68_3260,12233.746321558574
00bbac68_3261,12233.77681379211
00bbac68_3262,12233.796937867724
00bbac68_3263,12233.838045592576
00bbac68_3264,12233.86684533392
00bbac68_3265,12233.886637164744
00bbac68_3266,12233.916201902812
00bbac68_3267,12233.937235574378
00bbac68_3268,12233.966857015866
00bbac68_3269,12233.986251912553
00bbac68_3270,12234.016758763895
00bbac68_3271,12234.046727476629
00bbac68_3272,12234.06624269707
00bbac68_3273,12234.097074338551
00bbac68_3274,12234.117009423968
00bbac68_3275,12234.147128522249
00bbac68_3276,12234.166711525346
00bbac68_3277,12234.196600386402
00bbac68_3278,12234.216959539808
00bbac68_3279,12234.246961613202
00bbac68_3280,12234.286534657556
00bbac68_3281,12234.30719388209
00bbac68_3282,12234.33707643954
00bbac68_3283,12234.356445508163
00bbac68_3284,12234.387075013005
00bbac68_3285,12234.406287388672
00bbac68_3286,12234.436412389552
00bbac68_3287,12234.456106573462
00bbac68_3288,12234.486130141748
00bbac68_3289,12234.506087291616
00bbac68_3290,12234.536494461612
00bbac68_3291,12234.55659349415
00bbac68_3292,12234.58641339332
00bbac68_3293,12234.606228791374
00bbac68_3294,12234.6360700503
00bbac68_3295,12234.656625642234
00bbac68_3296,12234.686514041232
00bbac68_3297,12234.706262689331
00bbac68_3298,12234.746139230503
00bbac68_3299,12234.766413183186
00bbac68_3300,12234.796096886635
00bbac68_3301,12234.816304612506
00bbac68_3302,12234.84613814741
00bbac68_3303,12234.866071828246
00bbac68_3304,12234.886067573343
00bbac68_3305,12234.916239775484
00bbac68_3306,12234.93733954363
00bbac68_3307,12234.968120732066
00bbac68_3308,12234.988855889796
00bbac68_3309,12235.029373304713
00bbac68_3310,12235.051180660834
00bbac68_3311,12235.05620488934
00bbac68_3312,12235.087685623748
00bbac68_3313,12235.106555990516
00bbac68_3314,12235.136071419322
00bbac68_3315,12235.16607677448
00bbac68_3316,12235.186071911889
00bbac68_3317,12235.239571708911
00bbac68_3318,12235.23618739196
00bbac68_3319,12235.266234853018
00bbac68_3320,12235.286171960734
00bbac68_3321,12235.30607985602
00bbac68_3322,12235.33609768513
00bbac68_3323,12235.357018460789
00bbac68_3324,12235.377515637863
00bbac68_3325,12235.407727098574
00bbac68_3326,12235.426089174558
00bbac68_3327,12235.44607436085
00bbac68_3328,12235.46626519934
00bbac68_3329,12235.496135122812
00bbac68_3330,12235.516498973608
00bbac68_3331,12235.536092168146
00bbac68_3332,12235.566329438816
00bbac68_3333,12235.596154938316
00bbac68_3334,12235.61612921811
00bbac68_3335,12235.637210857954
00bbac68_3336,12235.667802073423
00bbac68_3337,12235.686904765733
00bbac68_3338,12235.707371724986
00bbac68_3339,12235.72726716522
00bbac68_3340,12235.757586942467
00bbac68_3341,12235.777495537252
00bbac68_3342,12235.796880708838
00bbac68_3343,12235.817078944448
00bbac68_3344,12235.837814074412
00bbac68_3345,12235.867971525007
00bbac68_3346,12235.887493803291
00bbac68_3347,12235.907803556209
00bbac68_3348,12235.927317711914
00bbac68_3349,12235.947779812295
00bbac68_3350,12235.966996388142
00bbac68_3351,12236.008299712414
00bbac68_3352,12236.03875867743
00bbac68_3353,12236.068905380233
00bbac68_3354,12236.098666480597
00bbac68_3355,12236.1184030838
00bbac68_3356,12236.148299016942
00bbac68_3357,12236.179428934283
00bbac68_3358,12236.207518352185
00bbac68_3359,12236.23725459135
00bbac68_3360,12236.268929505217
00bbac68_3361,12236.30819647175
00bbac68_3362,12236.338862478033
00bbac68_3363,12236.377416151656
00bbac68_3364,12236.408377512718
00bbac68_3365,12236.44853478529
00bbac68_3366,12236.478978696668
00bbac68_3367,12236.51850624196
00bbac68_3368,12236.548180884472
00bbac68_3369,12236.588030473107
00bbac68_3370,12236.618220878769
00bbac68_3371,12236.658474455804
00bbac68_3372,12236.687919520811
00bbac68_3373,12236.72799450204
00bbac68_3374,12236.75717246348
00bbac68_3375,12236.797531596443
00bbac68_3376,12236.827825516875
00bbac68_3377,12236.868986144656
00bbac68_3378,12236.898830777463
00bbac68_3379,12236.938309685447
00bbac68_3380,12236.967549919094
00bbac68_3381,12237.007385276664
00bbac68_3382,12237.037922174966
00bbac68_3383,12237.07793544096
00bbac68_3384,12237.108112740458
00bbac68_3385,12237.138216165788
00bbac68_3386,12237.178054277114
00bbac68_3387,12237.207524788386
00bbac68_3388,12237.247650389363
00bbac68_3389,12237.267604850242
00bbac68_3390,12237.308149703566
00bbac68_3391,12237.337939053728
00bbac68_3392,12237.377787348283
00bbac68_3393,12237.406921950616
00bbac68_3394,12237.44771090934
00bbac68_3395,12237.477785698651
00bbac68_3396,12237.517246897
00bbac68_3397,12237.536650272565
00bbac68_3398,12237.592911948585
00bbac68_3399,12237.6186583793
00bbac68_3400,12237.65329940515
00bbac68_3401,12237.6794000076
00bbac68_3402,12237.720748718011
00bbac68_3403,12237.742459906238
00bbac68_3404,12237.781166750809
00bbac68_3405,12237.806234526794
00bbac68_3406,12237.846206623162
00bbac68_3407,12237.87082807341
00bbac68_3408,12237.90980934053
00bbac68_3409,12237.940399008976
00bbac68_3410,12237.970312375095
00bbac68_3411,12237.99855324068
00bbac68_3412,12238.037430675997
00bbac68_3413,12238.069683254542
00bbac68_3414,12238.108589862775
00bbac68_3415,12238.133801978309
00bbac68_3416,12238.195621672174
00bbac68_3417,12238.190108168295
00bbac68_3418,12238.265082143522
00bbac68_3419,12238.28510360798
00bbac68_3420,12238.290499321194
00bbac68_3421,12238.311513232456
00bbac68_3422,12238.355246647468
00bbac68_3423,12238.382526192236
00bbac68_3424,12238.41095310796
00bbac68_3425,12238.439847567231
00bbac68_3426,12238.474278835018
00bbac68_3427,12238.4969546176
00bbac68_3428,12238.528675768368
00bbac68_3429,12238.55821319583
00bbac68_3430,12238.588250359227
00bbac68_3431,12238.6179988546
00bbac68_3432,12238.64803563732
00bbac68_3433,12238.6780745081
00bbac68_3434,12238.70801345368
00bbac68_3435,12238.728925707845
00bbac68_3436,12238.75607455438
00bbac68_3437,12238.789241920147
00bbac68_3438,12238.81872216792
00bbac68_3439,12238.848913030328
00bbac68_3440,12238.867832134196
00bbac68_3441,12238.90930674935
00bbac68_3442,12238.930185011051
00bbac68_3443,12238.959586080791
00bbac68_3444,12238.99003335386
00bbac68_3445,12239.019435960492
00bbac68_3446,12239.040225111152
00bbac68_3447,12239.070468200514
00bbac68_3448,12239.10126764534
00bbac68_3449,12239.130747027975
00bbac68_3450,12239.151322556532
00bbac68_3451,12239.180618394868
00bbac68_3452,12239.2112261419
00bbac68_3453,12239.24050621009
00bbac68_3454,12239.25985664288
00bbac68_3455,12239.290519600743
00bbac68_3456,12239.311547166102
00bbac68_3457,12239.351456874789
00bbac68_3458,12239.37111220883
00bbac68_3459,12239.40162148038
00bbac68_3460,12239.422527940183
00bbac68_3461,12239.451782101334
00bbac68_3462,12239.471563199146
00bbac68_3463,12239.502596796428
00bbac68_3464,12239.522889511649
00bbac68_3465,12239.55194356364
00bbac68_3466,12239.58266173709
00bbac68_3467,12239.61271985877
00bbac68_3468,12239.63219602426
00bbac68_3469,12239.662531488486
00bbac68_3470,12239.682601427008
00bbac68_3471,12239.712496382816
00bbac68_3472,12239.733798967318
00bbac68_3473,12239.76235619276
00bbac68_3474,12239.782833557778
00bbac68_3475,12239.812910827975
00bbac68_3476,12239.831260163282
00bbac68_3477,12239.852221954296
00bbac68_3478,12239.872843330912
00bbac68_3479,12239.902899841703
00bbac68_3480,12239.921719352107
00bbac68_3481,12239.951811211657
00bbac68_3482,12239.972557469144
00bbac68_3483,12240.002655159931
00bbac68_3484,12239.992347013946
00bbac68_3485,12239.983759986484
00bbac68_3486,12239.96345496045
00bbac68_3487,12239.95302399233
00bbac68_3488,12239.94283188212
00bbac68_3489,12239.932066940164
00bbac68_3490,12239.922405561772
00bbac68_3491,12239.902500640284
00bbac68_3492,12239.892159591618
00bbac68_3493,12239.882800090212
00bbac68_3494,12239.88359395873
00bbac68_3495,12239.863097784151
00bbac68_3496,12239.852466228434
00bbac68_3497,12239.84291493658
00bbac68_3498,12239.82218754724
00bbac68_3499,12239.81239489378
00bbac68_3500,12239.802548957838
00bbac68_3501,12239.78268466098
00bbac68_3502,12239.773201132944
00bbac68_3503,12239.752871605013
00bbac68_3504,12239.741249721572
00bbac68_3505,12239.732557618889
00bbac68_3506,12239.722822008627
00bbac68_3507,12239.711403890007
00bbac68_3508,12239.692704753974
00bbac68_3509,12239.68295095166
00bbac68_3510,12239.662914032308
00bbac68_3511,12239.65201897608
00bbac68_3512,12239.632686873669
00bbac68_3513,12239.622602431487
00bbac68_3514,12239.601997069349
00bbac68_3515,12239.5928411754
00bbac68_3516,12239.572935967612
00bbac68_3517,12239.55272320162
00bbac68_3518,12239.552332686482
00bbac68_3519,12239.533675524886
00bbac68_3520,12239.512273065257
00bbac68_3521,12239.501715856257
00bbac68_3522,12239.483090267418
00bbac68_3523,12239.462506280966
00bbac68_3524,12239.452215472253
00bbac68_3525,12239.43197808902
00bbac68_3526,12239.412273612252
00bbac68_3527,12239.39227260764
00bbac68_3528,12239.38194676499
00bbac68_3529,12239.36227664246
00bbac68_3530,12239.341863967122
00bbac68_3531,12239.332301379623
00bbac68_3532,12239.322330685443
00bbac68_3533,12239.30249707359
00bbac68_3534,12239.282113668714
00bbac68_3535,12239.262241772738
00bbac68_3536,12239.24108284303
00bbac68_3537,12239.221018938522
00bbac68_3538,12239.201295639305
00bbac68_3539,12239.181415422254
00bbac68_3540,12239.160669246174
00bbac68_3541,12239.141395638706
00bbac68_3542,12239.131125949323
00bbac68_3543,12239.120622992734
00bbac68_3544,12239.10074684956
00bbac68_3545,12239.080361959055
00bbac68_3546,12239.049577334854
00bbac68_3547,12239.029502439302
00bbac68_3548,12239.009751475724
00bbac68_3549,12238.98958731537
00bbac68_3550,12238.969697128709
00bbac68_3551,12238.949521640914
00bbac68_3552,12238.9296712191
00bbac68_3553,12238.908998372392
00bbac68_3554,12238.88975298029
00bbac68_3555,12238.870722250518
00bbac68_3556,12238.850234780268
00bbac68_3557,12238.829529003722
00bbac68_3558,12238.807089803378
00bbac68_3559,12238.788835106723
00bbac68_3560,12238.769457056223
00bbac68_3561,12238.738612567691
00bbac68_3562,12238.718096184632
00bbac68_3563,12238.699931417892
00bbac68_3564,12238.680739547031
00bbac68_3565,12238.649150187117
00bbac68_3566,12238.628768819815
00bbac68_3567,12238.608056924364
00bbac68_3568,12238.58923421314
00bbac68_3569,12238.569612847345
00bbac68_3570,12238.549202271284
00bbac68_3571,12238.518102502843
00bbac68_3572,12238.498684494483
00bbac68_3573,12238.504923282822
00bbac68_3574,12238.449639485762
00bbac68_3575,12238.427235310868
00bbac68_3576,12238.434018182692
00bbac68_3577,12238.398096546647
00bbac68_3578,12238.35428521569
00bbac68_3579,12238.33546354933
00bbac68_3580,12238.307233707255
00bbac68_3581,12238.27966060812
00bbac68_3582,12238.26279170565
00bbac68_3583,12238.23253077484
00bbac68_3584,12238.207472159504
00bbac68_3585,12238.178672242111
00bbac68_3586,12238.162987039525
00bbac68_3587,12238.164768600374
00bbac68_3588,12238.134839351627
00bbac68_3589,12238.076301745275
00bbac68_3590,12238.050757896255
00bbac68_3591,12238.037368116462
00bbac68_3592,12238.035452263766
00bbac68_3593,12237.981455838086
00bbac68_3594,12237.960606521106
00bbac68_3595,12237.93075687084
00bbac68_3596,12237.926578259254
00bbac68_3597,12237.93103860216
00bbac68_3598,12237.924939602468
00bbac68_3599,12237.95566214601
00bbac68_3600,12237.934171501382
00bbac68_3601,12237.935685715322
00bbac68_3602,12237.920491587203
00bbac68_3603,12237.91356531721
00bbac68_3604,12237.902707751518
00bbac68_3605,12237.906744402582
00bbac68_3606,12237.91537756376
00bbac68_3607,12237.886911762253
00bbac68_3608,12237.88360494382
00bbac68_3609,12237.890001045156
00bbac68_3610,12237.90497995956
00bbac68_3611,12237.89433571587
00bbac68_3612,12237.881927507857
00bbac68_3613,12237.880067611051
00bbac68_3614,12237.863022212165
00bbac68_3615,12237.849130863431
00bbac68_3616,12237.85690622949
00bbac68_3617,12237.849192380694
00bbac68_3618,12237.852166724237
00bbac68_3619,12237.860065581355
00bbac68_3620,12237.87502216263
00bbac68_3621,12237.84246225277
00bbac68_3622,12237.831643781956
00bbac68_3623,12237.826096686313
00bbac68_3624,12237.8177958351
00bbac68_3625,12237.821627931526
00bbac68_3626,12237.817583048796
00bbac68_3627,12237.811761796758
00bbac68_3628,12237.81865733014
00bbac68_3629,12237.811560224927
00bbac68_3630,12237.812070130149
00bbac68_3631,12237.799718356511
00bbac68_3632,12237.797240793572
00bbac68_3633,12237.81646519674
00bbac68_3634,12237.813139433876
00bbac68_3635,12237.814977213196
00bbac68_3636,12237.771565256162
00bbac68_3637,12237.77561630024
00bbac68_3638,12237.805146231847
00bbac68_3639,12237.787258715856
00bbac68_3640,12237.783420448968
00bbac68_3641,12237.78405292606
00bbac68_3642,12237.77697270282
00bbac68_3643,12237.77733432128
00bbac68_3644,12237.757217282286
00bbac68_3645,12237.740091605325
00bbac68_3646,12237.730139971916
00bbac68_3647,12237.743988565564
00bbac68_3648,12237.742701986386
00bbac68_3649,12237.731483567237
00bbac68_3650,12237.732527366848
00bbac68_3651,12237.722707488314
00bbac68_3652,12237.716570830617
00bbac68_3653,12237.698952888468
00bbac68_3654,12237.717201017582
00bbac68_3655,12237.702452147869
00bbac68_3656,12237.711960710967
00bbac68_3657,12237.709759075786
00bbac68_3658,12237.693843566149
00bbac68_3659,12237.681333620683
00bbac68_3660,12237.672644172766
00bbac68_3661,12237.684198104964
00bbac68_3662,12237.676626716971
00bbac68_3663,12237.66709252186
00bbac68_3664,12237.66270890676
00bbac68_3665,12237.664057869164
00bbac68_3666,12237.671799083182
00bbac68_3667,12237.643201810615
00bbac68_3668,12237.63660711199
00bbac68_3669,12237.637574996108
00bbac68_3670,12237.634275331806
00bbac68_3671,12237.6480700311
00bbac68_3672,12237.621680288768
00bbac68_3673,12237.6281034578
00bbac68_3674,12237.611163265636
00bbac68_3675,12237.612493540695
00bbac68_3676,12237.62396251077
00bbac68_3677,12237.629132639358
00bbac68_3678,12237.599232795565
00bbac68_3679,12237.611202926557
00bbac68_3680,12237.600250023432
00bbac68_3681,12237.58409842444
00bbac68_3682,12237.586094668646
00bbac68_3683,12237.59063091992
00bbac68_3684,12237.55940183695
00bbac68_3685,12237.577365963256
00bbac68_3686,12237.566257133803
00bbac68_3687,12237.562548341126
00bbac68_3688,12237.547006669563
00bbac68_3689,12237.544692579584
00bbac68_3690,12237.527938515985
00bbac68_3691,12237.53260150726
00bbac68_3692,12237.528650492315
00bbac68_3693,12237.51639327618
00bbac68_3694,12237.509185528686
00bbac68_3695,12237.49632015643
00bbac68_3696,12237.497721148193
00bbac68_3697,12237.488607716696
00bbac68_3698,12237.48866254688
00bbac68_3699,12237.492523602104
00bbac68_3700,12237.47936682807
00bbac68_3701,12237.457501941662
00bbac68_3702,12237.446130950106
00bbac68_3703,12237.450694301458
00bbac68_3704,12237.436484806174
00bbac68_3705,12237.428761484209
00bbac68_3706,12237.427546043013
00bbac68_3707,12237.408199653644
00bbac68_3708,12237.398407439823
00bbac68_3709,12237.388574810111
00bbac68_3710,12237.38740670487
00bbac68_3711,12237.378052041788
00bbac68_3712,12237.36628880754
00bbac68_3713,12237.378685729453
00bbac68_3714,12237.354970818164
00bbac68_3715,12237.338002174698
00bbac68_3716,12237.328069956193
00bbac68_3717,12237.328433100764
00bbac68_3718,12237.30807627003
00bbac68_3719,12237.298063972576
00bbac68_3720,12237.298063972576
00bbac68_3721,12237.288051683285
00bbac68_3722,12237.267955499912
00bbac68_3723,12237.257759285952
00bbac68_3724,12237.257493826382
00bbac68_3725,12237.237470525684
00bbac68_3726,12237.226910618543
00bbac68_3727,12237.228846404789
00bbac68_3728,12237.208834753055
00bbac68_3729,12237.198849093164
00bbac68_3730,12237.178157268752
00bbac68_3731,12237.178091467686
00bbac68_3732,12237.168053827594
00bbac68_3733,12237.149377598162
00bbac68_3734,12237.152599976253
00bbac68_3735,12237.132573448083
00bbac68_3736,12237.116068127889
00bbac68_3737,12237.097717929615
00bbac68_3738,12237.096074542857
00bbac68_3739,12237.083538153383
00bbac68_3740,12237.068835496031
00bbac68_3741,12237.058636899606
00bbac68_3742,12237.048646677857
00bbac68_3743,12237.02772438561
00bbac68_3744,12237.008091731945
00bbac68_3745,12237.008223513967
00bbac68_3746,12236.988419794783
00bbac68_3747,12236.97838939517
00bbac68_3748,12236.968174026986
00bbac68_3749,12236.947628953269
00bbac68_3750,12236.938145535723
00bbac68_3751,12236.918081011425
00bbac68_3752,12236.908437693824
00bbac68_3753,12236.898004714436
00bbac68_3754,12236.878041714232
00bbac68_3755,12236.868239906502
00bbac68_3756,12236.848309845687
00bbac68_3757,12236.837664644465
00bbac68_3758,12236.81743529028
00bbac68_3759,12236.807607115588
00bbac68_3760,12236.787424850663
00bbac68_3761,12236.768113224316
00bbac68_3762,12236.767390829931
00bbac68_3763,12236.748091663982
00bbac68_3764,12236.72803673224
00bbac68_3765,12236.708387857536
00bbac68_3766,12236.69824371694
00bbac68_3767,12236.678252741383
00bbac68_3768,12236.657459654554
00bbac68_3769,12236.648192748748
00bbac68_3770,12236.637551978916
00bbac68_3771,12236.620581031122
00bbac68_3772,12236.596068504072
00bbac68_3773,12236.59290476058
00bbac68_3774,12236.566946969451
00bbac68_3775,12236.54801153688
00bbac68_3776,12236.538046664824
00bbac68_3777,12236.519080608625
00bbac68_3778,12236.497829115657
00bbac68_3779,12236.479400787124
00bbac68_3780,12236.467847134723
00bbac68_3781,12236.447342708712
00bbac68_3782,12236.42792247726
00bbac68_3783,12236.417431816006
00bbac68_3784,12236.397744895508
00bbac68_3785,12236.377673874971
00bbac68_3786,12236.368594893676
00bbac68_3787,12236.359150452356
00bbac68_3788,12236.337994398693
00bbac68_3789,12236.318703081415
00bbac68_3790,12236.309017847132
00bbac68_3791,12236.289035059564
00bbac68_3792,12236.277978574231
00bbac68_3793,12236.257316773588
00bbac68_3794,12236.246653612629
00bbac68_3795,12236.226270392914
00bbac68_3796,12236.216972097738
00bbac68_3797,12236.208098460096
00bbac68_3798,12236.187298374263
00bbac68_3799,12236.16907257102
00bbac68_3800,12236.158778703926
00bbac68_3801,12236.149129942509
00bbac68_3802,12236.137306320015
00bbac68_3803,12236.128814025373
00bbac68_3804,12236.120588072004
00bbac68_3805,12236.097252688802
00bbac68_3806,12236.107663591469
00bbac68_3807,12236.079717005512
00bbac68_3808,12236.077894620852
00bbac68_3809,12236.057517261725
00bbac68_3810,12236.047504787924
00bbac68_3811,12236.038450569178
00bbac68_3812,12236.028814871424
00bbac68_3813,12236.028761168956
00bbac68_3814,12236.009274191356
00bbac68_3815,12236.00840368332
00bbac68_3816,12235.998577679937
00bbac68_3817,12235.987359799476
00bbac68_3818,12235.97803729174
00bbac68_3819,12235.968540220829
00bbac68_3820,12235.957150981603
00bbac68_3821,12235.957307957862
00bbac68_3822,12235.938547752898
00bbac68_3823,12235.937437571904
00bbac68_3824,12235.928490304888
00bbac68_3825,12235.918264603331
00bbac68_3826,12235.917444950335
00bbac68_3827,12235.908078744911
00bbac68_3828,12235.897179295544
00bbac68_3829,12235.8865981998
00bbac68_3830,12235.877029808764
00bbac68_3831,12235.877177137156
00bbac68_3832,12235.868770136403
00bbac68_3833,12235.859460278962
00bbac68_3834,12235.856960092928
00bbac68_3835,12235.847477909349
00bbac68_3836,12235.837075750536
00bbac68_3837,12235.836889494856
00bbac68_3838,12235.837466275589
00bbac68_3839,12235.816670764298
00bbac68_3840,12235.81711446219
00bbac68_3841,12235.80684160414
00bbac68_3842,12235.80669436512
00bbac68_3843,12235.797255287807
00bbac68_3844,12235.787834975665
00bbac68_3845,12235.786567808742
00bbac68_3846,12235.786880464926
00bbac68_3847,12235.777200073191
00bbac68_3848,12235.777082086024
00bbac68_3849,12235.75755684432
00bbac68_3850,12235.757328157528
00bbac68_3851,12235.757594539453
00bbac68_3852,12235.746885209432
00bbac68_3853,12235.746446875964
00bbac68_3854,12235.746709811194
00bbac68_3855,12235.737001336096
00bbac68_3856,12235.73812627376
00bbac68_3857,12235.736828348445
00bbac68_3858,12235.727002084655
00bbac68_3859,12235.727475577409
00bbac68_3860,12235.717133676031
00bbac68_3861,12235.716632088815
00bbac68_3862,12235.71690782201
00bbac68_3863,12235.706623089834
00bbac68_3864,12235.706976257226
00bbac68_3865,12235.706582034038
00bbac68_3866,12235.697307047432
00bbac68_3867,12235.697477102034
00bbac68_3868,12235.696835292563
00bbac68_3869,12235.686470366918
00bbac68_3870,12235.68758777761
00bbac68_3871,12235.676334733696
00bbac68_3872,12235.67631651953
00bbac68_3873,12235.676768151114
00bbac68_3874,12235.666447674988
00bbac68_3875,12235.667258996044
00bbac68_3876,12235.66676467189
00bbac68_3877,12235.65637893787
00bbac68_3878,12235.666779843694
00bbac68_3879,12235.656817423978
00bbac68_3880,12235.656837902348
00bbac68_3881,12235.64734567794
00bbac68_3882,12235.62732291338
00bbac68_3883,12235.617118347893
00bbac68_3884,12235.597731687672
00bbac68_3885,12235.587254340631
00bbac68_3886,12235.566990750802
00bbac68_3887,12235.556782589234
00bbac68_3888,12235.536933743246
00bbac68_3889,12235.517033756012
00bbac68_3890,12235.496996434304
00bbac68_3891,12235.487039015878
00bbac68_3892,12235.47630650962
00bbac68_3893,12235.45680568275
00bbac68_3894,12235.446677999484
00bbac68_3895,12235.4302805158
00bbac68_3896,12235.418325447128
00bbac68_3897,12235.396579050042
00bbac68_3898,12235.387045037603
00bbac68_3899,12235.366605424204
00bbac68_3900,12235.359203788545
00bbac68_3901,12235.339679338036
00bbac68_3902,12235.316862661395
00bbac68_3903,12235.296539692245
00bbac68_3904,12235.28712777061
00bbac68_3905,12235.26691624779
00bbac68_3906,12235.256802949823
00bbac68_3907,12235.236861273605
00bbac68_3908,12235.22655857975
00bbac68_3909,12235.197396728376
00bbac68_3910,12235.186375450605
00bbac68_3911,12235.166490189187
00bbac68_3912,12235.1567417939
00bbac68_3913,12235.136115330342
00bbac68_3914,12235.116571090206
00bbac68_3915,12235.096723131488
00bbac68_3916,12235.08673895299
00bbac68_3917,12235.066760210786
00bbac68_3918,12235.05623448818
00bbac68_3919,12235.02624774979
00bbac68_3920,12235.01676413802
00bbac68_3921,12234.996107362927
00bbac68_3922,12234.986118317644
00bbac68_3923,12234.95637926965
00bbac68_3924,12234.946265322227
00bbac68_3925,12234.926373297543
00bbac68_3926,12234.916309722776
00bbac68_3927,12234.886080469929
00bbac68_3928,12234.876072108407
00bbac68_3929,12234.856076299297
00bbac68_3930,12234.836138217166
00bbac68_3931,12234.816082795633
00bbac68_3932,12234.806091899984
00bbac68_3933,12234.77624732934
00bbac68_3934,12234.766068611898
00bbac68_3935,12234.74621699132
00bbac68_3936,12234.72606585582
00bbac68_3937,12234.706270790428
00bbac68_3938,12234.69635133009
00bbac68_3939,12234.666251512685
00bbac68_3940,12234.656080614606
00bbac68_3941,12234.649252000912
00bbac68_3942,12234.631304745852
00bbac68_3943,12234.645531109589
00bbac68_3944,12234.60002789922
00bbac68_3945,12234.58608216271
00bbac68_3946,12234.5860669119
00bbac68_3947,12234.566071803963
00bbac68_3948,12234.556549171795
00bbac68_3949,12234.536307671502
00bbac68_3950,12234.529101122624
00bbac68_3951,12234.506902263658
00bbac68_3952,12234.507248844147
00bbac68_3953,12234.506332227344
00bbac68_3954,12234.486077388685
00bbac68_3955,12234.48631312961
00bbac68_3956,12234.466140957991
00bbac68_3957,12234.46690792845
00bbac68_3958,12234.44610133454
00bbac68_3959,12234.446435583186
00bbac68_3960,12234.426215967153
00bbac68_3961,12234.4262143917
00bbac68_3962,12234.406243622894
00bbac68_3963,12234.406819242282
00bbac68_3964,12234.396332176697
00bbac68_3965,12234.386622062191
00bbac68_3966,12234.376379252486
00bbac68_3967,12234.36611180001
00bbac68_3968,12234.356400397675
00bbac68_3969,12234.346621146511
00bbac68_3970,12234.336647576709
00bbac68_3971,12234.32634010916
00bbac68_3972,12234.316359823351
00bbac68_3973,12234.3062724866
00bbac68_3974,12234.29658117705
00bbac68_3975,12234.296071459004
00bbac68_3976,12234.27639843562
00bbac68_3977,12234.276349200092
00bbac68_3978,12234.256905560622
00bbac68_3979,12234.257237420548
00bbac68_3980,12234.236259314312
00bbac68_3981,12234.236668066174
00bbac68_3982,12234.216620447933
00bbac68_3983,12234.216091018869
00bbac68_3984,12234.20616593262
00bbac68_3985,12234.196301981268
00bbac68_3986,12234.18617321351
00bbac68_3987,12234.176387166322
00bbac68_3988,12234.176918555502
00bbac68_3989,12234.156688940668
00bbac68_3990,12234.15684581336
00bbac68_3991,12234.13619629695
00bbac68_3992,12234.14099100258
00bbac68_3993,12234.12829310886
00bbac68_3994,12234.119157538333
00bbac68_3995,12234.107607287497
00bbac68_3996,12234.100892520091
00bbac68_3997,12234.089413689093
00bbac68_3998,12234.076079100872
00bbac68_3999,12234.076723147668
00bbac68_4000,12234.066387337873
00bbac68_4001,12234.05682485101
00bbac68_4002,12234.046109374887
00bbac68_4003,12234.036812858938
00bbac68_4004,12234.026133984842
00bbac68_4005,12234.02655435906
00bbac68_4006,12234.007178046546
00bbac68_4007,12234.007091905078
00bbac68_4008,12233.996371499376
00bbac68_4009,12233.987074499672
00bbac68_4010,12233.98606786378
00bbac68_4011,12233.966243247456
00bbac68_4012,12233.966256445134
00bbac68_4013,12233.958319750103
00bbac68_4014,12233.94677076594
00bbac68_4015,12233.936251500172
00bbac68_4016,12233.936251500178
00bbac68_4017,12233.916226175155
00bbac68_4018,12233.91630120619
00bbac68_4019,12233.906226053125
00bbac68_4020,12233.898257741846
00bbac68_4021,12233.8990402129
00bbac68_4022,12233.887941369458
00bbac68_4023,12233.876070820676
00bbac68_4024,12233.866420452068
00bbac68_4025,12233.866140272414
00bbac68_4026,12233.846137622004
00bbac68_4027,12233.84633469055
00bbac68_4028,12233.836178830192
00bbac68_4029,12233.82622414426
00bbac68_4030,12233.817387836389
00bbac68_4031,12233.816088638549
00bbac68_4032,12233.797966265683
00bbac68_4033,12233.796160545551
00bbac68_4034,12233.79636866043
00bbac68_4035,12233.786522984596
00bbac68_4036,12233.77668305373
00bbac68_4037,12233.766077565822
00bbac68_4038,12233.766464782297
00bbac68_4039,12233.746678823163
00bbac68_4040,12233.746603101166
00bbac68_4041,12233.73606572864
00bbac68_4042,12233.739170225424
00bbac68_4043,12233.72095802703
00bbac68_4044,12233.718287811897
00bbac68_4045,12233.71800333251
00bbac68_4046,12233.706381287904
00bbac68_4047,12233.696865493544
00bbac68_4048,12233.688756741196
00bbac68_4049,12233.68972524995
00bbac68_4050,12233.678203582453
00bbac68_4051,12233.66695423544
00bbac68_4052,12233.65607113452
00bbac68_4053,12233.656319404134
00bbac68_4054,12233.646445593758
00bbac68_4055,12233.636778351742
00bbac68_4056,12233.63974225811
00bbac68_4057,12233.62902519871
00bbac68_4058,12233.62607562435
00bbac68_4059,12233.607320982295
00bbac68_4060,12233.606804926858
00bbac68_4061,12233.596149684918
00bbac68_4062,12233.596496981374
00bbac68_4063,12233.58658610913
00bbac68_4064,12233.586081556745
00bbac68_4065,12233.579329765003
00bbac68_4066,12233.58118426055
00bbac68_4067,12233.576382759858
00bbac68_4068,12233.56680504164
00bbac68_4069,12233.556168348316
00bbac68_4070,12233.546551469944
00bbac68_4071,12233.546602692077
00bbac68_4072,12233.546066795618
00bbac68_4073,12233.54646796597
00bbac68_4074,12233.536693192991
00bbac68_4075,12233.537010583748
00bbac68_4076,12233.52650566523
00bbac68_4077,12233.526335312225
00bbac68_4078,12233.52637452197
00bbac68_4079,12233.51913173853
00bbac68_4080,12233.519137327688
00bbac68_4081,12233.519718301208
00bbac68_4082,12233.519131738529
00bbac68_4083,12233.50805010296
00bbac68_4084,12233.50988148119
00bbac68_4085,12233.50697900897
00bbac68_4086,12233.506068762224
00bbac68_4087,12233.496518938722
00bbac68_4088,12233.506304774022
00bbac68_4089,12233.4960751585
00bbac68_4090,12233.496088494418
00bbac68_4091,12233.496983767043
00bbac68_4092,12233.486302876796
00bbac68_4093,12233.486431368015
00bbac68_4094,12233.486079134447
00bbac68_4095,12233.476506519908
00bbac68_4096,12233.476300507047
00bbac68_4097,12233.467369573274
00bbac68_4098,12233.47645626004
00bbac68_4099,12233.466209034732
00bbac68_4100,12233.466320966896
00bbac68_4101,12233.45628500236
00bbac68_4102,12233.456166542172
00bbac68_4103,12233.447046828487
00bbac68_4104,12233.447027767454
00bbac68_4105,12233.44612043461
00bbac68_4106,12233.43633878267
00bbac68_4107,12233.43653065085
00bbac68_4108,12233.436203776711
00bbac68_4109,12233.426139887204
00bbac68_4110,12233.416079526409
00bbac68_4111,12233.416228719352
00bbac68_4112,12233.406079886176
00bbac68_4113,12233.40623599198
00bbac68_4114,12233.406132913218
00bbac68_4115,12233.4061524875
00bbac68_4116,12233.406113770976
00bbac68_4117,12233.396078335783
00bbac68_4118,12233.39614004323
00bbac68_4119,12233.396143992408
00bbac68_4120,12233.396129440524
00bbac68_4121,12233.396298810065
00bbac68_4122,12233.396095168642
00bbac68_4123,12233.39616918624
00bbac68_4124,12233.396077253225
00bbac68_4125,12233.39607725322
00bbac68_4126,12233.396077253225
00bbac68_4127,12233.396122755226
00bbac68_4128,12233.396083674128
00bbac68_4129,12233.39610839861
00bbac68_4130,12233.38609247916
00bbac68_4131,12233.38608286759
00bbac68_4132,12233.386196599073
00bbac68_4133,12233.38607954087
00bbac68_4134,12233.386138125086
00bbac68_4135,12233.396077253225
00bbac68_4136,12233.396078335783
00bbac68_4137,12233.39612717479
00bbac68_4138,12233.39612717479
00bbac68_4139,12233.396127174788
00bbac68_4140,12233.406277825265
00bbac68_4141,12233.406068192684
00bbac68_4142,12233.40627782526
00bbac68_4143,12233.40609779052
00bbac68_4144,12233.41607228225
00bbac68_4145,12233.416194472766
00bbac68_4146,12233.41615362114
00bbac68_4147,12233.426113514595
00bbac68_4148,12233.426066222011
00bbac68_4149,12233.436082435608
00bbac68_4150,12233.426101350826
00bbac68_4151,12233.436065617158
00bbac68_4152,12233.436175454744
00bbac68_4153,12233.43606580937
00bbac68_4154,12233.446072380932
00bbac68_4155,12233.446079729283
00bbac68_4156,12233.456243292958
00bbac68_4157,12233.45623541126
00bbac68_4158,12233.46674847632
00bbac68_4159,12233.476099598436
00bbac68_4160,12233.476083455287
00bbac68_4161,12233.48612800883
00bbac68_4162,12233.486065632122
00bbac68_4163,12233.496098762353
00bbac68_4164,12233.49626105639
00bbac68_4165,12233.506073819455
00bbac68_4166,12233.516101173764
00bbac68_4167,12233.516135317092
00bbac68_4168,12233.526734561838
00bbac68_4169,12233.526878680916
00bbac68_4170,12233.52690904598
00bbac68_4171,12233.537626137864
00bbac68_4172,12233.537078366113
00bbac68_4173,12233.547325801512
00bbac68_4174,12233.55612875161
00bbac68_4175,12233.556217657067
00bbac68_4176,12233.56612691542
00bbac68_4177,12233.57777970104
00bbac68_4178,12233.58998906792
00bbac68_4179,12233.589765622664
00bbac68_4180,12233.598951340236
00bbac68_4181,12233.606898621376
00bbac68_4182,12233.60840445831
00bbac68_4183,12233.620672035728
00bbac68_4184,12233.631922390889
00bbac68_4185,12233.642006719272
00bbac68_4186,12233.649348131015
00bbac68_4187,12233.647902052417
00bbac68_4188,12233.657914226327
00bbac68_4189,12233.667653800969
00bbac68_4190,12233.678315367988
00bbac68_4191,12233.676693216334
00bbac68_4192,12233.68761135922
00bbac68_4193,12233.697835451389
00bbac68_4194,12233.700701439622
00bbac68_4195,12233.707975249969
00bbac68_4196,12233.716351434834
00bbac68_4197,12233.726094939657
00bbac68_4198,12233.736364329088
00bbac68_4199,12233.748402435833
00bbac68_4200,12233.75895600549
00bbac68_4201,12233.771325003849
00bbac68_4202,12233.782356208145
00bbac68_4203,12233.790804699564
00bbac68_4204,12233.797876738876
00bbac68_4205,12233.806072709776
00bbac68_4206,12233.819786417162
00bbac68_4207,12233.832242465252
00bbac68_4208,12233.841238782445
00bbac68_4209,12233.848241661422
00bbac68_4210,12233.8611304498
00bbac68_4211,12233.862498576336
00bbac68_4212,12233.871475385144
00bbac68_4213,12233.882843355255
00bbac68_4214,12233.887936323928
00bbac68_4215,12233.897081397106
00bbac68_4216,12233.912497428935
00bbac68_4217,12233.91606904525
00bbac68_4218,12233.92616020452
00bbac68_4219,12233.946098999051
00bbac68_4220,12233.961892133251
00bbac68_4221,12233.973004959656
00bbac68_4222,12233.979979312691
00bbac68_4223,12233.990039373526
00bbac68_4224,12234.001169796304
00bbac68_4225,12234.00980938026
00bbac68_4226,12234.028649970738
00bbac68_4227,12234.041929097306
00bbac68_4228,12234.051216531903
00bbac68_4229,12234.058346192329
00bbac68_4230,12234.076816654331
00bbac68_4231,12234.076805266066
00bbac68_4232,12234.08829313571
00bbac68_4233,12234.101933339183
00bbac68_4234,12234.12233131076
00bbac68_4235,12234.12818841763
00bbac68_4236,12234.138438422777
00bbac68_4237,12234.14843801448
00bbac68_4238,12234.17151289763
00bbac68_4239,12234.181523663196
00bbac68_4240,12234.18755996817
00bbac68_4241,12234.20827898845
00bbac68_4242,12234.218039393409
00bbac68_4243,12234.22854320022
00bbac68_4244,12234.251159429215
00bbac68_4245,12234.262097489016
00bbac68_4246,12234.2782764122
00bbac68_4247,12234.28638883329
00bbac68_4248,12234.296316621954
00bbac68_4249,12234.316966836494
00bbac68_4250,12234.32822531105
00bbac68_4251,12234.341541162376
00bbac68_4252,12234.352370462677
00bbac68_4253,12234.362252386069
00bbac68_4254,12234.371090714156
00bbac68_4255,12234.378856281584
00bbac68_4256,12234.38632063232
00bbac68_4257,12234.406276296202
00bbac68_4258,12234.416411832675
00bbac68_4259,12234.426156249254
00bbac68_4260,12234.436801679529
00bbac68_4261,12234.449071889874
00bbac68_4262,12234.45834654181
00bbac68_4263,12234.466662477887
00bbac68_4264,12234.476518079122
00bbac68_4265,12234.49386256744
00bbac68_4266,12234.499620920682
00bbac68_4267,12234.507786480084
00bbac68_4268,12234.518350104978
00bbac68_4269,12234.52888403137
00bbac68_4270,12234.537656911256
00bbac68_4271,12234.547102140554
00bbac68_4272,12234.547745114336
00bbac68_4273,12234.547780109784
00bbac68_4274,12234.557792165837
00bbac68_4275,12234.568419341978
00bbac68_4276,12234.578740505402
00bbac68_4277,12234.58964363766
00bbac68_4278,12234.588771817344
00bbac68_4279,12234.598608873192
00bbac68_4280,12234.60678451238
00bbac68_4281,12234.609582451732
00bbac68_4282,12234.61986032407
00bbac68_4283,12234.629651713283
00bbac68_4284,12234.627329665896
00bbac68_4285,12234.6368959665
00bbac68_4286,12234.638010366896
00bbac68_4287,12234.647789369032
00bbac68_4288,12234.646996956686
00bbac68_4289,12234.6573202842
00bbac68_4290,12234.65757256459
00bbac68_4291,12234.669551987714
00bbac68_4292,12234.661022284712
00bbac68_4293,12234.659678523853
00bbac68_4294,12234.666877224829
00bbac68_4295,12234.66705061591
00bbac68_4296,12234.677340853594
00bbac68_4297,12234.67743374575
00bbac68_4298,12234.676996380927
00bbac68_4299,12234.677343038224
00bbac68_4300,12234.687039344804
00bbac68_4301,12234.68780406193
00bbac68_4302,12234.688708146325
00bbac68_4303,12234.687859122638
00bbac68_4304,12234.688116389056
00bbac68_4305,12234.702049751028
00bbac68_4306,12234.702893082442
00bbac68_4307,12234.700003179096
00bbac68_4308,12234.69906130622
00bbac68_4309,12234.698412238204
00bbac68_4310,12234.69626064237
00bbac68_4311,12234.699972939274
00bbac68_4312,12234.696546259944
00bbac68_4313,12234.689402242797
00bbac68_4314,12234.68819805533
00bbac68_4315,12234.687112104146
00bbac68_4316,12234.68783467548
00bbac68_4317,12234.687445324224
00bbac68_4318,12234.689057657411
00bbac68_4319,12234.679211382225
00bbac68_4320,12234.678510287074
00bbac68_4321,12234.677101252582
00bbac68_4322,12234.676937024671
00bbac68_4323,12234.67761062913
00bbac68_4324,12234.669345250526
00bbac68_4325,12234.667099699122
00bbac68_4326,12234.666735943214
00bbac68_4327,12234.661048573087
00bbac68_4328,12234.657007505102
00bbac68_4329,12234.656934204717
00bbac68_4330,12234.647622598572
00bbac68_4331,12234.649012196514
00bbac68_4332,12234.639565822295
00bbac68_4333,12234.62722569539
00bbac68_4334,12234.626784281754
00bbac68_4335,12234.621389392689
00bbac68_4336,12234.621162930956
00bbac68_4337,12234.609787805775
00bbac68_4338,12234.59700552689
00bbac68_4339,12234.596766261018
00bbac68_4340,12234.587661907764
00bbac68_4341,12234.591377618008
00bbac68_4342,12234.582960514836
00bbac68_4343,12234.573096906965
00bbac68_4344,12234.573074757263
00bbac68_4345,12234.563567255522
00bbac68_4346,12234.562248564054
00bbac68_4347,12234.551058718502
00bbac68_4348,12234.551543615247
00bbac68_4349,12234.54329185882
00bbac68_4350,12234.542609635506
00bbac68_4351,12234.543401755993
00bbac68_4352,12234.519430388213
00bbac68_4353,12234.518723854502
00bbac68_4354,12234.512565956358
00bbac68_4355,12234.509922257
00bbac68_4356,12234.50709887488
00bbac68_4357,12234.499102725567
00bbac68_4358,12234.501241096685
00bbac68_4359,12234.502178358678
00bbac68_4360,12234.50391031335
00bbac68_4361,12234.4889596579
00bbac68_4362,12234.48723607082
00bbac68_4363,12234.489827330188
00bbac68_4364,12234.49215305396
00bbac68_4365,12234.49195598032
00bbac68_4366,12234.47915173407
00bbac68_4367,12234.477119194458
00bbac68_4368,12234.477135609626
00bbac68_4369,12234.479807491656
00bbac68_4370,12234.47900648512
00bbac68_4371,12234.476891828455
00bbac68_4372,12234.476931430048
00bbac68_4373,12234.480116186463
00bbac68_4374,12234.482648943898
00bbac68_4375,12234.484126506664
00bbac68_4376,12234.481916950346
00bbac68_4377,12234.49353130851
00bbac68_4378,12234.493204655557
00bbac68_4379,12234.492752220607
00bbac68_4380,12234.49317872194
00bbac68_4381,12234.486827481524
00bbac68_4382,12234.488917680332
00bbac68_4383,12234.497172283787
00bbac68_4384,12234.50718974704
00bbac68_4385,12234.508095441835
00bbac68_4386,12234.506798891764
00bbac68_4387,12234.50684742439
00bbac68_4388,12234.51947911807
00bbac68_4389,12234.516990164826
00bbac68_4390,12234.517818122276
00bbac68_4391,12234.518274664017
00bbac68_4392,12234.538381720342
00bbac68_4393,12234.538176319587
00bbac68_4394,12234.536944657331
00bbac68_4395,12234.547126753849
00bbac68_4396,12234.547713539989
00bbac68_4397,12234.55847069925
00bbac68_4398,12234.558114288546
00bbac68_4399,12234.567737517307
00bbac68_4400,12234.577219892575
00bbac68_4401,12234.580066401231
00bbac68_4402,12234.59080181751
00bbac68_4403,12234.589821674095
00bbac68_4404,12234.59920814258
00bbac68_4405,12234.597607984831
00bbac68_4406,12234.607603565117
00bbac68_4407,12234.628663289675
00bbac68_4408,12234.62682930422
00bbac68_4409,12234.637200317324
00bbac68_4410,12234.63839877254
00bbac68_4411,12234.648057744242
00bbac68_4412,12234.658070037583
00bbac68_4413,12234.668436141705
00bbac68_4414,12234.678826750944
00bbac68_4415,12234.689147166371
00bbac68_4416,12234.69891065321
00bbac68_4417,12234.698998030548
00bbac68_4418,12234.709172789571
00bbac68_4419,12234.718327930554
00bbac68_4420,12234.728231887815
00bbac68_4421,12234.739310113328
00bbac68_4422,12234.759100775243
00bbac68_4423,12234.758602563896
00bbac68_4424,12234.76971288352
00bbac68_4425,12234.779251263231
00bbac68_4426,12234.788960862348
00bbac68_4427,12234.798659871029
00bbac68_4428,12234.80904766594
00bbac68_4429,12234.829072596527
00bbac68_4430,12234.83947762084
00bbac68_4431,12234.849141969717
00bbac68_4432,12234.857819440103
00bbac68_4433,12234.87019848683
00bbac68_4434,12234.878762616812
00bbac68_4435,12234.889953748265
00bbac68_4436,12234.898805575174
00bbac68_4437,12234.918346951112
00bbac68_4438,12234.927247026317
00bbac68_4439,12234.938926462086
00bbac68_4440,12234.948862687424
00bbac68_4441,12234.959073985436
00bbac68_4442,12234.96974347628
00bbac68_4443,12234.97995019482
00bbac68_4444,12234.999974329025
00bbac68_4445,12235.0091362606
00bbac68_4446,12235.009601825128
00bbac68_4447,12235.01886683634
00bbac68_4448,12235.029675595564
00bbac68_4449,12235.038727750878
00bbac68_4450,12235.03952574063
00bbac68_4451,12235.049353724677
00bbac68_4452,12235.059606817387
00bbac68_4453,12235.069094971434
00bbac68_4454,12235.07670785453
00bbac68_4455,12235.079923054243
00bbac68_4456,12235.088905848968
00bbac68_4457,12235.089210493285
00bbac68_4458,12235.099828361212
00bbac68_4459,12235.110286878393
00bbac68_4460,12235.120413261597
00bbac68_4461,12235.119787221503
00bbac68_4462,12235.119553901151
00bbac68_4463,12235.129566191676
00bbac68_4464,12235.130397208446
00bbac68_4465,12235.13002480138
00bbac68_4466,12235.139591530991
00bbac68_4467,12235.150936170532
00bbac68_4468,12235.150917340998
00bbac68_4469,12235.149592208338
00bbac68_4470,12235.149595151415
00bbac68_4471,12235.149592421776
00bbac68_4472,12235.160223773126
00bbac68_4473,12235.16001790967
00bbac68_4474,12235.17038981856
00bbac68_4475,12235.170155379064
00bbac68_4476,12235.16971834501
00bbac68_4477,12235.170586232613
00bbac68_4478,12235.16868510525
00bbac68_4479,12235.170497214574
00bbac68_4480,12235.162953026096
00bbac68_4481,12235.157143334316
00bbac68_4482,12235.169753079454
00bbac68_4483,12235.17049721457
00bbac68_4484,12235.16956334376
00bbac68_4485,12235.166875090315
00bbac68_4486,12235.15916529178
00bbac68_4487,12235.171654516134
00bbac68_4488,12235.1575527212
00bbac68_4489,12235.162953026098
00bbac68_4490,12235.158952914588
00bbac68_4491,12235.161011686392
00bbac68_4492,12235.149763243891
00bbac68_4493,12235.14968235961
00bbac68_4494,12235.1396686784
00bbac68_4495,12235.13975105488
00bbac68_4496,12235.128701213878
00bbac68_4497,12235.140536218798
00bbac68_4498,12235.131075984638
00bbac68_4499,12235.13055240366
00bbac68_4500,12235.11873175751
00bbac68_4501,12235.109833331562
00bbac68_4502,12235.108984366516
00bbac68_4503,12235.099776322411
00bbac68_4504,12235.100706155326
00bbac68_4505,12235.100410190758
00bbac68_4506,12235.089882147036
00bbac68_4507,12235.078581917762
00bbac68_4508,12235.068569428971
00bbac68_4509,12235.06010471621
00bbac68_4510,12235.048968809391
00bbac68_4511,12235.048644267925
00bbac68_4512,12235.049703046663
00bbac68_4513,12235.039748141528
00bbac68_4514,12235.030068758731
00bbac68_4515,12235.01979676336
00bbac68_4516,12235.009514335772
00bbac68_4517,12234.999608527562
00bbac68_4518,12234.990900653356
00bbac68_4519,12234.96971308259
00bbac68_4520,12234.96993551602
00bbac68_4521,12234.959775654674
00bbac68_4522,12234.950003011316
00bbac68_4523,12234.939610358411
00bbac68_4524,12234.920232031467
00bbac68_4525,12234.91006139826
00bbac68_4526,12234.899993451532
00bbac68_4527,12234.899772601915
00bbac68_4528,12234.87953665433
00bbac68_4529,12234.870199265131
00bbac68_4530,12234.85987316569
00bbac68_4531,12234.840318738932
00bbac68_4532,12234.830306913316
00bbac68_4533,12234.809923171511
00bbac68_4534,12234.79971768361
00bbac68_4535,12234.800234182918
00bbac68_4536,12234.779413366368
00bbac68_4537,12234.769785057557
00bbac68_4538,12234.75993801802
00bbac68_4539,12234.740018381584
00bbac68_4540,12234.72956459332
00bbac68_4541,12234.719119057198
00bbac68_4542,12234.699480117768
00bbac68_4543,12234.699995640476
00bbac68_4544,12234.689359761707
00bbac68_4545,12234.669419827862
00bbac68_4546,12234.65948121656
00bbac68_4547,12234.649340128486
00bbac68_4548,12234.640184399066
00bbac68_4549,12234.620037662708
00bbac68_4550,12234.61888781578
00bbac68_4551,12234.609034077685
00bbac68_4552,12234.589471376688
00bbac68_4553,12234.579430431872
00bbac68_4554,12234.569109128606
00bbac68_4555,12234.558605964166
00bbac68_4556,12225.321636112125
00bbac68_4557,12225.320094827037
00bbac68_4558,12225.32107162096
00bbac68_4559,12225.317430385649
00bbac68_4560,12225.318208515078
00bbac68_4561,12225.311150640611
00bbac68_4562,12225.319679381271
00bbac68_4563,12225.323879929809
00bbac68_4564,12225.323202366411
00bbac68_4565,12225.31350981676
00bbac68_4566,12225.314035098489
00bbac68_4567,12225.313932058922
00bbac68_4568,12225.310980657558
00bbac68_4569,12225.30887138961
00bbac68_4570,12225.311150640611
00bbac68_4571,12225.30394543166
00bbac68_4572,12225.302900733048
00bbac68_4573,12225.300272779285
00bbac68_4574,12225.301558954458
00bbac68_4575,12225.299741439108
00bbac68_4576,12225.303258506778
00bbac68_4577,12225.28267371049
00bbac68_4578,12225.29132838134
00bbac68_4579,12225.295578168045
00bbac68_4580,12225.29602420896
00bbac68_4581,12225.298783643266
00bbac68_4582,12225.302617037634
00bbac68_4583,12225.300489777275
00bbac68_4584,12225.298992718264
00bbac68_4585,12225.301833280022
00bbac68_4586,12225.29183319884
00bbac68_4587,12225.291045288956
00bbac68_4588,12225.29253274014
00bbac68_4589,12225.288046347065
00bbac68_4590,12225.285764972668
00bbac68_4591,12225.2861624886
00bbac68_4592,12225.288231205728
00bbac68_4593,12225.292957810356
00bbac68_4594,12225.262646169058
00bbac68_4595,12225.290633097478
00bbac68_4596,12225.303496839198
00bbac68_4597,12225.300193543377
00bbac68_4598,12225.293693575268
00bbac68_4599,12225.297711384515
00bbac68_4600,12225.302065214031
00bbac68_4601,12225.302065214037
00bbac68_4602,12225.301679276456
00bbac68_4603,12225.301960313018
00bbac68_4604,12225.29468085779
00bbac68_4605,12225.301102598432
00bbac68_4606,12225.300212230804
00bbac68_4607,12225.299933025844
00bbac68_4608,12225.296648047171
00bbac68_4609,12225.29793410101
00bbac68_4610,12225.297132919372
00bbac68_4611,12225.295353918082
00bbac68_4612,12225.297513091746
00bbac68_4613,12225.307795176966
00bbac68_4614,12225.310706256188
00bbac68_4615,12225.311222480825
00bbac68_4616,12225.308524825168
00bbac68_4617,12225.30976860192
00bbac68_4618,12225.303880556206
00bbac68_4619,12225.305956885755
00bbac68_4620,12225.30550184258
00bbac68_4621,12225.305501842577
00bbac68_4622,12225.30595688576
00bbac68_4623,12225.299312489651
00bbac68_4624,12225.306762977929
00bbac68_4625,12225.313388421926
00bbac68_4626,12225.313388421926
00bbac68_4627,12225.312244071123
00bbac68_4628,12225.309468581723
00bbac68_4629,12225.313194579036
00bbac68_4630,12225.319370696176
00bbac68_4631,12225.31929977989
00bbac68_4632,12225.321864058416
00bbac68_4633,12225.337754678636
00bbac68_4634,12225.339182332453
00bbac68_4635,12225.329090590049
00bbac68_4636,12225.331752480177
00bbac68_4637,12225.33580302378
00bbac68_4638,12225.331943927553
00bbac68_4639,12225.342567673704
00bbac68_4640,12225.342299745917
00bbac68_4641,12225.341850351182
00bbac68_4642,12225.34187526307
00bbac68_4643,12225.33917456271
00bbac68_4644,12225.35837469104
00bbac68_4645,12225.359449316918
00bbac68_4646,12225.368184289024
00bbac68_4647,12225.369014794309
00bbac68_4648,12225.375751048266
00bbac68_4649,12225.372845014772
00bbac68_4650,12225.37168315785
00bbac68_4651,12225.371533637055
00bbac68_4652,12225.38925339398
00bbac68_4653,12225.38868661124
00bbac68_4654,12225.36173040337
00bbac68_4655,12225.37459784459
00bbac68_4656,12225.39595068528
00bbac68_4657,12225.392072075394
00bbac68_4658,12225.398203536275
00bbac68_4659,12225.390979479844
00bbac68_4660,12225.393942994751
00bbac68_4661,12225.406069736437
00bbac68_4662,12225.405863538384
00bbac68_4663,12225.4135734252
00bbac68_4664,12225.423204552848
00bbac68_4665,12225.419579948732
00bbac68_4666,12225.4265206184
00bbac68_4667,12225.42898807266
00bbac68_4668,12225.430845924717
00bbac68_4669,12225.42898807266
00bbac68_4670,12225.440345528968
00bbac68_4671,12225.442516321284
00bbac68_4672,12225.43614263538
00bbac68_4673,12225.448039911333
00bbac68_4674,12225.452010001738
00bbac68_4675,12225.458414654768
00bbac68_4676,12225.465796109907
00bbac68_4677,12225.47251811907
00bbac68_4678,12225.474302306451
00bbac68_4679,12225.485596162354
00bbac68_4680,12225.492051501586
00bbac68_4681,12225.50753675299
00bbac68_4682,12225.503033109628
00bbac68_4683,12225.514244343927
00bbac68_4684,12225.51334180672
00bbac68_4685,12225.519144762246
00bbac68_4686,12225.522031652588
00bbac68_4687,12225.53452290591
00bbac68_4688,12225.531599346814
00bbac68_4689,12225.54648327724
00bbac68_4690,12225.547238911076
00bbac68_4691,12225.551733190669
00bbac68_4692,12225.547692311127
00bbac68_4693,12225.566938332498
00bbac68_4694,12225.564797375171
00bbac68_4695,12225.573106929089
00bbac68_4696,12225.582914415383
00bbac68_4697,12225.589488432295
00bbac68_4698,12225.589507100163
00bbac68_4699,12225.605105569251
00bbac68_4700,12225.610448679708
00bbac68_4701,12225.610187916667
00bbac68_4702,12225.61883565527
00bbac68_4703,12225.62312201625
00bbac68_4704,12225.624390976767
00bbac68_4705,12225.63777864791
00bbac68_4706,12225.643851378654
00bbac68_4707,12225.652986527037
00bbac68_4708,12225.663653388836
00bbac68_4709,12225.659135049966
00bbac68_4710,12225.670563259257
00bbac68_4711,12225.680783308855
00bbac68_4712,12225.682925560326
00bbac68_4713,12225.704447783588
00bbac68_4714,12225.714611010266
00bbac68_4715,12225.707313046105
00bbac68_4716,12225.71840196181
00bbac68_4717,12225.72881461778
00bbac68_4718,12225.729364305103
00bbac68_4719,12225.73617759724
00bbac68_4720,12225.74998750296
00bbac68_4721,12225.7576609972
00bbac68_4722,12225.753816163242
00bbac68_4723,12225.766493026566
00bbac68_4724,12225.77649808618
00bbac68_4725,12225.78751555899
00bbac68_4726,12225.788604499734
00bbac68_4727,12225.797706067851
00bbac68_4728,12225.812676577849
00bbac68_4729,12225.83031407365
00bbac68_4730,12225.8423799035
00bbac68_4731,12225.834255854594
00bbac68_4732,12225.847276186294
00bbac68_4733,12225.864353288132
00bbac68_4734,12225.896004238291
00bbac68_4735,12225.904681110074
00bbac68_4736,12225.892626009128
00bbac68_4737,12225.898013985508
00bbac68_4738,12225.907590993971
00bbac68_4739,12225.907963569069
00bbac68_4740,12225.912873030691
00bbac68_4741,12225.922807387504
00bbac68_4742,12225.93274210619
00bbac68_4743,12225.944292735396
00bbac68_4744,12225.957406335185
00bbac68_4745,12225.96539968815
00bbac68_4746,12225.982421138646
00bbac68_4747,12225.991848011214
00bbac68_4748,12226.00437607412
00bbac68_4749,12226.0153864327
00bbac68_4750,12226.028915209212
00bbac68_4751,12226.025363709552
00bbac68_4752,12226.026097594182
00bbac68_4753,12226.03921189174
00bbac68_4754,12226.046097930135
00bbac68_4755,12226.058777634298
00bbac68_4756,12226.06973661927
00bbac68_4757,12226.080358389254
00bbac68_4758,12226.08441527992
00bbac68_4759,12226.08415959087
00bbac68_4760,12226.093633171624
00bbac68_4761,12226.095880620514
00bbac68_4762,12226.10393215469
00bbac68_4763,12226.104358864137
00bbac68_4764,12226.104800483536
00bbac68_4765,12226.118643143847
00bbac68_4766,12226.1162116659
00bbac68_4767,12226.123865487223
00bbac68_4768,12226.13326143035
00bbac68_4769,12226.133293762914
00bbac68_4770,12226.145966952516
00bbac68_4771,12226.15139788282
00bbac68_4772,12226.15442751404
00bbac68_4773,12226.153524957808
00bbac68_4774,12226.16349907715
00bbac68_4775,12226.166198944991
00bbac68_4776,12226.17833316569
00bbac68_4777,12226.184554245674
00bbac68_4778,12226.192985928168
00bbac68_4779,12226.204408470598
00bbac68_4780,12226.200627992224
00bbac68_4781,12226.21151296255
00bbac68_4782,12226.216065925018
00bbac68_4783,12226.218295897688
00bbac68_4784,12226.231313301214
00bbac68_4785,12226.243393778328
00bbac68_4786,12226.244782584505
00bbac68_4787,12226.252815342212
00bbac68_4788,12226.269410453247
00bbac68_4789,12226.29500401936
00bbac68_4790,12226.283987284309
00bbac68_4791,12226.28271339062
00bbac68_4792,12226.289866362293
00bbac68_4793,12226.292339623153
00bbac68_4794,12226.311970058518
00bbac68_4795,12226.310046378896
00bbac68_4796,12226.314538677345
00bbac68_4797,12226.331165905543
00bbac68_4798,12226.331028850796
00bbac68_4799,12226.339926591994
00bbac68_4800,12226.349593485029
00bbac68_4801,12226.394927343998
00bbac68_4802,12226.39481843044
00bbac68_4803,12226.38480320963
00bbac68_4804,12226.39439024178
00bbac68_4805,12226.394015613509
00bbac68_4806,12226.413268740596
00bbac68_4807,12226.407750942424
00bbac68_4808,12226.417344855248
00bbac68_4809,12226.430947509489
00bbac68_4810,12226.443038143158
00bbac68_4811,12226.450448234298
00bbac68_4812,12226.463522760982
00bbac68_4813,12226.474356869528
00bbac68_4814,12226.494029910304
00bbac68_4815,12226.490979076243
00bbac68_4816,12226.49606577168
00bbac68_4817,12226.51225124313
00bbac68_4818,12226.555783476151
00bbac68_4819,12226.530704836208
00bbac68_4820,12226.540373452495
00bbac68_4821,12226.5523312516
00bbac68_4822,12226.56054832462
00bbac68_4823,12226.569507048776
00bbac68_4824,12226.581299263216
00bbac68_4825,12226.590107364607
00bbac68_4826,12226.611131494508
00bbac68_4827,12226.610048971466
00bbac68_4828,12226.62028244806
00bbac68_4829,12226.64121467398
00bbac68_4830,12226.6402488136
00bbac68_4831,12226.65135076015
00bbac68_4832,12226.668122518457
00bbac68_4833,12226.669690513312
00bbac68_4834,12226.680153278356
00bbac68_4835,12226.70044379858
00bbac68_4836,12226.711074997404
00bbac68_4837,12226.711543953028
00bbac68_4838,12226.731147523253
00bbac68_4839,12226.739264389293
00bbac68_4840,12226.749156448052
00bbac68_4841,12226.760145903823
00bbac68_4842,12226.76972974306
00bbac68_4843,12226.779214187996
00bbac68_4844,12226.800388465494
00bbac68_4845,12226.809688649915
00bbac68_4846,12226.823255261646
00bbac68_4847,12226.830650212134
00bbac68_4848,12226.841035108366
00bbac68_4849,12226.862589564633
00bbac68_4850,12226.869545605863
00bbac68_4851,12226.869947542398
00bbac68_4852,12226.890948674332
00bbac68_4853,12226.90061790711
00bbac68_4854,12226.91024443697
00bbac68_4855,12226.930463731544
00bbac68_4856,12226.930652246683
00bbac68_4857,12226.936069603233
00bbac68_4858,12226.958726387587
00bbac68_4859,12226.9705268168
00bbac68_4860,12226.98218920345
00bbac68_4861,12227.00012782984
00bbac68_4862,12227.012030713782
00bbac68_4863,12227.009213406383
00bbac68_4864,12227.0292731055
00bbac68_4865,12227.039466999224
00bbac68_4866,12227.050349179945
00bbac68_4867,12227.07053227988
00bbac68_4868,12227.08182861955
00bbac68_4869,12227.090814217428
00bbac68_4870,12227.108746659838
00bbac68_4871,12227.118283270724
00bbac68_4872,12227.12969252898
00bbac68_4873,12227.136111547714
00bbac68_4874,12227.14665722663
00bbac68_4875,12227.158347205976
00bbac68_4876,12227.177429675598
00bbac68_4877,12227.186308712144
00bbac68_4878,12227.198026240554
00bbac68_4879,12227.218970617208
00bbac68_4880,12227.229941976337
00bbac68_4881,12227.249648664634
00bbac68_4882,12227.258303969758
00bbac68_4883,12227.268753997909
00bbac68_4884,12227.288152679448
00bbac68_4885,12227.298242736291
00bbac68_4886,12227.307617561675
00bbac68_4887,12227.326554335992
00bbac68_4888,12227.339258739838
00bbac68_4889,12227.352280585748
00bbac68_4890,12227.368552061143
00bbac68_4891,12227.380288310796
00bbac68_4892,12227.388010041472
00bbac68_4893,12227.4062876364
00bbac68_4894,12227.416912455568
00bbac68_4895,12227.428697543275
00bbac68_4896,12227.44762461997
00bbac68_4897,12227.4591497914
00bbac68_4898,12227.468258613066
00bbac68_4899,12227.488669270911
00bbac68_4900,12227.499345181956
00bbac68_4901,12227.509471547988
00bbac68_4902,12227.52845586652
00bbac68_4903,12227.537537431286
00bbac68_4904,12227.54617356044
00bbac68_4905,12227.566777555594
00bbac68_4906,12227.576107198396
00bbac68_4907,12227.597566975875
00bbac68_4908,12227.617111288662
00bbac68_4909,12227.627405315963
00bbac68_4910,12227.636925063443
00bbac68_4911,12227.65794548864
00bbac68_4912,12227.667015002811
00bbac68_4913,12227.67657374229
00bbac68_4914,12227.6983656806
00bbac68_4915,12227.71668756236
00bbac68_4916,12227.737128962452
00bbac68_4917,12227.746186330143
00bbac68_4918,12227.757803195993
00bbac68_4919,12227.777127483838
00bbac68_4920,12227.78632512632
00bbac68_4921,12227.807064903032
00bbac68_4922,12227.827379495426
00bbac68_4923,12227.837918168443
00bbac68_4924,12227.846927580891
00bbac68_4925,12227.867780138457
00bbac68_4926,12227.925968086058
00bbac68_4927,12227.930775635436
00bbac68_4928,12227.917192748222
00bbac68_4929,12227.926908746138
00bbac68_4930,12227.946933639976
00bbac68_4931,12227.967049443563
00bbac68_4932,12227.976927978523
00bbac68_4933,12227.997108725704
00bbac68_4934,12228.016584889165
00bbac68_4935,12228.027055414015
00bbac68_4936,12228.04690725599
00bbac68_4937,12228.06692011793
00bbac68_4938,12228.077751302348
00bbac68_4939,12228.09672367224
00bbac68_4940,12228.116607400649
00bbac68_4941,12228.126715474858
00bbac68_4942,12228.14618300724
00bbac68_4943,12228.166740015444
00bbac68_4944,12228.176862052163
00bbac68_4945,12228.19650474986
00bbac68_4946,12228.21614982353
00bbac68_4947,12228.236905847729
00bbac68_4948,12228.256461375997
00bbac68_4949,12228.26638553236
00bbac68_4950,12228.28644914012
00bbac68_4951,12228.306081257097
00bbac68_4952,12228.326614046531
00bbac68_4953,12228.337082997092
00bbac68_4954,12228.366698849017
00bbac68_4955,12228.37699561617
00bbac68_4956,12228.398386567404
00bbac68_4957,12228.416655314968
00bbac68_4958,12228.436138042483
00bbac68_4959,12228.44626235874
00bbac68_4960,12228.47642722906
00bbac68_4961,12228.486555184876
00bbac68_4962,12228.5076546596
00bbac68_4963,12228.52608130879
00bbac68_4964,12228.546619358838
00bbac68_4965,12228.55629442461
00bbac68_4966,12228.586351793278
00bbac68_4967,12228.606065622698
00bbac68_4968,12228.616776498182
00bbac68_4969,12228.646168304316
00bbac68_4970,12228.656185644177
00bbac68_4971,12228.676270806234
00bbac68_4972,12228.706230042964
00bbac68_4973,12228.716071743094
00bbac68_4974,12228.736387532676
00bbac68_4975,12228.756190311467
00bbac68_4976,12228.776343235028
00bbac68_4977,12228.796458045192
00bbac68_4978,12228.81614594578
00bbac68_4979,12228.836216864143
00bbac68_4980,12228.866436963324
00bbac68_4981,12228.876376608128
00bbac68_4982,12228.897034577143
00bbac68_4983,12228.926115165252
00bbac68_4984,12228.946150529302
00bbac68_4985,12228.956066322597
00bbac68_4986,12228.986065624618
00bbac68_4987,12229.006181757752
00bbac68_4988,12229.026707878957
00bbac68_4989,12229.046130169838
00bbac68_4990,12229.066169136217
00bbac68_4991,12229.08635669627
00bbac68_4992,12229.116182062142
00bbac68_4993,12229.12607775595
00bbac68_4994,12229.146221313234
00bbac68_4995,12229.176065947784
00bbac68_4996,12229.196080349497
00bbac68_4997,12229.216069982567
00bbac68_4998,12229.236067265429
00bbac68_4999,12229.256066769736
00bbac68_5000,12229.276201250932
00bbac68_5001,12229.306066661347
00bbac68_5002,12229.326106347607
00bbac68_5003,12229.346131034064
00bbac68_5004,12229.366110818692
00bbac68_5005,12229.38619825916
00bbac68_5006,12229.406074908264
00bbac68_5007,12229.43634258234
00bbac68_5008,12229.45612591005
00bbac68_5009,12229.476279088716
00bbac68_5010,12229.513580927862
00bbac68_5011,12229.516097884316
00bbac68_5012,12229.546079297672
00bbac68_5013,12229.566083363548
00bbac68_5014,12229.586210773392
00bbac68_5015,12229.616066625656
00bbac68_5016,12229.626393725524
00bbac68_5017,12229.646119802555
00bbac68_5018,12229.676095593572
00bbac68_5019,12229.69616213018
00bbac68_5020,12229.716340998171
00bbac68_5021,12229.746075477611
00bbac68_5022,12229.756069880425
00bbac68_5023,12229.776333181537
00bbac68_5024,12229.806066525136
00bbac68_5025,12229.826164324411
00bbac68_5026,12229.846085594558
00bbac68_5027,12229.866096713207
00bbac68_5028,12229.886356365902
00bbac68_5029,12229.906158976995
00bbac68_5030,12229.936065975022
00bbac68_5031,12229.956067545483
00bbac68_5032,12229.966072690591
00bbac68_5033,12229.99610549175
00bbac68_5034,12230.01606753372
00bbac68_5035,12230.036439569289
00bbac68_5036,12230.066098601395
00bbac68_5037,12230.076195689768
00bbac68_5038,12230.096652929566
00bbac68_5039,12230.126697162854
00bbac68_5040,12230.14613051636
00bbac68_5041,12230.156765671984
00bbac68_5042,12230.16634597456
00bbac68_5043,12230.186076970089
00bbac68_5044,12230.1965058858
00bbac68_5045,12230.21607236223
00bbac68_5046,12230.22638288496
00bbac68_5047,12230.236272326838
00bbac68_5048,12230.256252202556
00bbac68_5049,12230.266555810133
00bbac68_5050,12230.276260855557
00bbac68_5051,12230.276131664315
00bbac68_5052,12230.276293868936
00bbac68_5053,12230.286336051451
00bbac68_5054,12230.276074222387
00bbac68_5055,12230.2763561285
00bbac68_5056,12230.276444309144
00bbac68_5057,12230.276070094473
00bbac68_5058,12230.28626573078
00bbac68_5059,12230.276356128496
00bbac68_5060,12230.276660946744
00bbac68_5061,12230.276259709235
00bbac68_5062,12230.27616414069
00bbac68_5063,12230.266313323698
00bbac68_5064,12230.276070094473
00bbac68_5065,12230.276074222387
00bbac68_5066,12230.266712830837
00bbac68_5067,12230.266857876348
00bbac68_5068,12230.266518827086
00bbac68_5069,12230.276722286322
00bbac68_5070,12230.266069390676
00bbac68_5071,12230.266598582302
00bbac68_5072,12230.266142832405
00bbac68_5073,12230.266518827086
00bbac68_5074,12230.256342166002
00bbac68_5075,12230.26611045723
00bbac68_5076,12230.266313323698
00bbac68_5077,12230.26665179431
00bbac68_5078,12230.256155390492
00bbac68_5079,12230.256068258888
00bbac68_5080,12230.266300320312
00bbac68_5081,12230.256695617703
00bbac68_5082,12230.25639094453
00bbac68_5083,12230.256203766916
00bbac68_5084,12230.2562212914
00bbac68_5085,12230.256070447109
00bbac68_5086,12230.256146390531
00bbac68_5087,12230.25616916825
00bbac68_5088,12230.246444249093
00bbac68_5089,12230.24610367058
00bbac68_5090,12230.246760861492
00bbac68_5091,12230.246109964524
00bbac68_5092,12230.246787368667
00bbac68_5093,12230.24777231731
00bbac68_5094,12230.246089412492
00bbac68_5095,12230.23622510346
00bbac68_5096,12230.246151152032
00bbac68_5097,12230.246479521033
00bbac68_5098,12230.236131024954
00bbac68_5099,12230.23613124516
00bbac68_5100,12230.236066899137
00bbac68_5101,12230.226275025205
00bbac68_5102,12230.236283578186
00bbac68_5103,12230.236164912863
00bbac68_5104,12230.226134554025
00bbac68_5105,12230.23141459934
00bbac68_5106,12230.229509060016
00bbac68_5107,12230.238619639613
00bbac68_5108,12230.229552008112
00bbac68_5109,12230.226237336488
00bbac68_5110,12230.22646349511
00bbac68_5111,12230.216200147262
00bbac68_5112,12230.226406036716
00bbac68_5113,12230.226428755335
00bbac68_5114,12230.216066022507
00bbac68_5115,12230.216732096287
00bbac68_5116,12230.216125142551
00bbac68_5117,12230.206262826769
00bbac68_5118,12230.216183732058
00bbac68_5119,12230.216426483765
00bbac68_5120,12230.206098105724
00bbac68_5121,12230.206274521655
00bbac68_5122,12230.20672259503
00bbac68_5123,12230.21623872338
00bbac68_5124,12230.20634694796
00bbac68_5125,12230.206380159983
00bbac68_5126,12230.206744681296
00bbac68_5127,12230.196164058596
00bbac68_5128,12230.20639272741
00bbac68_5129,12230.206142715706
00bbac68_5130,12230.196146565322
00bbac68_5131,12230.196319850464
00bbac68_5132,12230.196118320728
00bbac68_5133,12230.186109603474
00bbac68_5134,12230.196065639222
00bbac68_5135,12230.196435921383
00bbac68_5136,12230.196164058592
00bbac68_5137,12230.186069100797
00bbac68_5138,12230.186384023538
00bbac68_5139,12230.196145525524
00bbac68_5140,12230.186302329064
00bbac68_5141,12230.186353590028
00bbac68_5142,12230.186418899591
00bbac68_5143,12230.176138803436
00bbac68_5144,12230.176453583885
00bbac68_5145,12230.186273195097
00bbac68_5146,12230.176323205724
00bbac68_5147,12230.176236175525
00bbac68_5148,12230.176157937243
00bbac68_5149,12230.176258289925
00bbac68_5150,12230.176341727803
00bbac68_5151,12230.176221191176
00bbac68_5152,12230.176306107143
00bbac68_5153,12230.166633467452
00bbac68_5154,12230.166335161755
00bbac68_5155,12230.176371238003
00bbac68_5156,12230.166899291698
00bbac68_5157,12230.166097417752
00bbac68_5158,12230.166155921766
00bbac68_5159,12230.15894844083
00bbac68_5160,12230.1685799621
00bbac68_5161,12230.171309289608
00bbac68_5162,12230.16802920353
00bbac68_5163,12230.156240483167
00bbac68_5164,12230.156376505416
00bbac68_5165,12230.156254787904
00bbac68_5166,12230.156116696236
00bbac68_5167,12230.15633884025
00bbac68_5168,12230.156254787904
00bbac68_5169,12230.146357180603
00bbac68_5170,12230.146146391944
00bbac68_5171,12230.146282553913
00bbac68_5172,12230.146365932736
00bbac68_5173,12230.146385802056
00bbac68_5174,12230.146147680443
00bbac68_5175,12230.136787899606
00bbac68_5176,12230.136667278037
00bbac68_5177,12230.14636170739
00bbac68_5178,12230.146104622896
00bbac68_5179,12230.136175012762
00bbac68_5180,12230.136519917218
00bbac68_5181,12230.13630157811
00bbac68_5182,12230.136105277565
00bbac68_5183,12230.136301578108
00bbac68_5184,12230.136782143092
00bbac68_5185,12230.12955673135
00bbac68_5186,12230.126072369134
00bbac68_5187,12230.135698417
00bbac68_5188,12230.126847771731
00bbac68_5189,12230.1262338483
00bbac68_5190,12230.127369298729
00bbac68_5191,12230.127062052154
00bbac68_5192,12230.11634070514
00bbac68_5193,12230.1260667901
00bbac68_5194,12230.116775936527
00bbac68_5195,12230.116140179163
00bbac68_5196,12230.116284449754
00bbac68_5197,12230.106377744643
00bbac68_5198,12230.116321082449
00bbac68_5199,12230.106377744642
00bbac68_5200,12230.10619455313
00bbac68_5201,12230.096066487402
00bbac68_5202,12230.096074126335
00bbac68_5203,12230.086075695455
00bbac68_5204,12230.096179606184
00bbac68_5205,12230.08657511044
00bbac68_5206,12230.076222670374
00bbac68_5207,12230.081342096304
00bbac68_5208,12230.066857435711
00bbac68_5209,12230.071151512127
00bbac68_5210,12230.066183970535
00bbac68_5211,12230.056151201494
00bbac68_5212,12230.046401505224
00bbac68_5213,12230.052166658226
00bbac68_5214,12230.042692370347
00bbac68_5215,12230.036439426429
00bbac68_5216,12230.026250183257
00bbac68_5217,12230.026067598072
00bbac68_5218,12230.016126531342
00bbac68_5219,12230.006139080551
00bbac68_5220,12230.006513393131
00bbac68_5221,12229.996906438671
00bbac68_5222,12229.986225392477
00bbac68_5223,12229.976380623537
00bbac68_5224,12229.96705955034
00bbac68_5225,12229.96620769353
00bbac68_5226,12229.966143181871
00bbac68_5227,12229.956097633954
00bbac68_5228,12229.946205870823
00bbac68_5229,12229.936137104629
00bbac68_5230,12229.926289449117
00bbac68_5231,12229.916204976911
00bbac68_5232,12229.906410195634
00bbac68_5233,12229.896193879911
00bbac68_5234,12229.88797096124
00bbac68_5235,12229.87629129131
00bbac68_5236,12229.876204302493
00bbac68_5237,12229.86617865308
00bbac68_5238,12229.85610219953
00bbac68_5239,12229.836142929104
00bbac68_5240,12229.826292431264
00bbac68_5241,12229.81687144794
00bbac68_5242,12229.816157381085
00bbac68_5243,12229.797543312116
00bbac68_5244,12229.786141751843
00bbac68_5245,12229.776158800983
00bbac68_5246,12229.76607536306
00bbac68_5247,12229.756734866707
00bbac68_5248,12229.746191057811
00bbac68_5249,12229.736203962464
00bbac68_5250,12229.716268104778
00bbac68_5251,12229.706069964212
00bbac68_5252,12229.696137315856
00bbac68_5253,12229.68615767246
00bbac68_5254,12229.66612197809
00bbac68_5255,12229.656129068184
00bbac68_5256,12229.63633582812
00bbac68_5257,12229.62620435928
00bbac68_5258,12229.616124462347
00bbac68_5259,12229.60610281042
00bbac68_5260,12229.586195381356
00bbac68_5261,12229.576136856169
00bbac68_5262,12229.556081534907
00bbac68_5263,12229.556105011385
00bbac68_5264,12229.536072820172
00bbac68_5265,12229.51610795785
00bbac68_5266,12229.506112198023
00bbac68_5267,12229.486076112687
00bbac68_5268,12229.466593017383
00bbac68_5269,12229.46015688736
00bbac68_5270,12229.452445822688
00bbac68_5271,12229.43193304814
00bbac68_5272,12229.406156463334
00bbac68_5273,12229.386354378155
00bbac68_5274,12229.3860676803
00bbac68_5275,12229.366066465802
00bbac68_5276,12229.346085699784
00bbac68_5277,12229.32615117493
00bbac68_5278,12229.306065971885
00bbac68_5279,12229.296069764936
00bbac68_5280,12229.276067337772
00bbac68_5281,12229.256076085578
00bbac68_5282,12229.236081843808
00bbac68_5283,12229.216693333015
00bbac68_5284,12229.196815452346
00bbac68_5285,12229.18682677267
00bbac68_5286,12229.166065816984
00bbac68_5287,12229.14606767855
00bbac68_5288,12229.13624434189
00bbac68_5289,12229.116353840813
00bbac68_5290,12229.106366842536
00bbac68_5291,12229.086066592798
00bbac68_5292,12229.0660690008
00bbac68_5293,12229.046065952683
00bbac68_5294,12229.02648972881
00bbac68_5295,12229.00606692928
00bbac68_5296,12228.99607433519
00bbac68_5297,12228.976240766076
00bbac68_5298,12228.956066177185
00bbac68_5299,12228.936149780417
00bbac68_5300,12228.91666217195
00bbac68_5301,12228.906065756097
00bbac68_5302,12228.896066006528
00bbac68_5303,12228.876070994507
00bbac68_5304,12228.856084827832
00bbac68_5305,12228.83627800788
00bbac68_5306,12228.826362597882
00bbac68_5307,12228.806065794935
00bbac68_5308,12228.786203391386
00bbac68_5309,12228.766081233818
00bbac68_5310,12228.756275993364
00bbac68_5311,12228.736145964556
00bbac68_5312,12228.726077600682
00bbac68_5313,12228.706066226934
00bbac68_5314,12228.68649600462
00bbac68_5315,12228.666318362317
00bbac68_5316,12228.65620693726
00bbac68_5317,12228.646213660848
00bbac68_5318,12228.626201697338
00bbac68_5319,12228.606483214478
00bbac68_5320,12228.586135733172
00bbac68_5321,12228.566214624196
00bbac68_5322,12228.556369090576
00bbac68_5323,12228.546085690848
00bbac68_5324,12228.526382504057
00bbac68_5325,12228.506336846993
00bbac68_5326,12228.49623219688
00bbac68_5327,12228.476494952722
00bbac68_5328,12228.466089772206
00bbac68_5329,12228.446069563632
00bbac68_5330,12228.42612430287
00bbac68_5331,12228.417097982963
00bbac68_5332,12228.396095624785
00bbac68_5333,12228.386139995826
00bbac68_5334,12228.366073335768
00bbac68_5335,12228.356659451369
00bbac68_5336,12228.336642396082
00bbac68_5337,12228.31710988634
00bbac68_5338,12228.307388144212
00bbac68_5339,12228.29607393307
00bbac68_5340,12228.276965409214
00bbac68_5341,12228.256099332892
00bbac68_5342,12228.246132050175
00bbac68_5343,12228.226108181429
00bbac68_5344,12228.216068749964
00bbac68_5345,12228.206276534169
00bbac68_5346,12228.186575438296
00bbac68_5347,12228.166131760694
00bbac68_5348,12228.15606717235
00bbac68_5349,12228.146080169208
00bbac68_5350,12228.12615059808
00bbac68_5351,12228.116067225916
00bbac68_5352,12228.096103559305
00bbac68_5353,12228.077221025824
00bbac68_5354,12228.06608105299
00bbac68_5355,12228.057705357996
00bbac68_5356,12228.036541702975
00bbac68_5357,12228.026443248516
00bbac68_5358,12228.006100808552
00bbac68_5359,12227.996125816078
00bbac68_5360,12227.986122683666
00bbac68_5361,12227.966132279806
00bbac68_5362,12227.956165474896
00bbac68_5363,12227.936070094513
00bbac68_5364,12227.926080527495
00bbac68_5365,12227.906082736776
00bbac68_5366,12227.896095338045
00bbac68_5367,12227.886109834975
00bbac68_5368,12227.866123239091
00bbac68_5369,12227.856311799223
00bbac68_5370,12227.83635170621
00bbac68_5371,12227.826364400114
00bbac68_5372,12227.816139858813
00bbac68_5373,12227.79613583809
00bbac68_5374,12227.78621126163
00bbac68_5375,12227.766396742363
00bbac68_5376,12227.766162074604
00bbac68_5377,12227.746092244814
00bbac68_5378,12227.73610667175
00bbac68_5379,12227.716274966426
00bbac68_5380,12227.696476577736
00bbac68_5381,12227.686104712466
00bbac68_5382,12227.676242823998
00bbac68_5383,12227.65626833591
00bbac68_5384,12227.646243145346
00bbac68_5385,12227.62608114876
00bbac68_5386,12227.606106860689
00bbac68_5387,12227.5960765638
00bbac68_5388,12227.576114222516
00bbac68_5389,12227.556691798183
00bbac68_5390,12227.536273324677
00bbac68_5391,12227.51606604171
00bbac68_5392,12227.496118361232
00bbac68_5393,12227.48639347198
00bbac68_5394,12227.466102347962
00bbac68_5395,12227.44606952977
00bbac68_5396,12227.42607492264
00bbac68_5397,12227.40608039542
00bbac68_5398,12227.386075676974
00bbac68_5399,12227.36607922435
00bbac68_5400,12227.346319347524
00bbac68_5401,12227.326589861595
00bbac68_5402,12227.296242830103
00bbac68_5403,12227.286306431924
00bbac68_5404,12227.256136512922
00bbac68_5405,12227.236724458076
00bbac68_5406,12227.206332380576
00bbac68_5407,12227.186132759696
00bbac68_5408,12227.15608190294
00bbac68_5409,12227.146103433435
00bbac68_5410,12227.11623420118
00bbac68_5411,12227.086168807176
00bbac68_5412,12227.066404640833
00bbac68_5413,12227.036272157757
00bbac68_5414,12227.016066376533
00bbac68_5415,12226.986348371507
00bbac68_5416,12226.956367480658
00bbac68_5417,12226.936648309094
00bbac68_5418,12226.90657650975
00bbac68_5419,12226.876212274838
00bbac68_5420,12226.856382171329
00bbac68_5421,12226.82637310582
00bbac68_5422,12226.796457333665
00bbac68_5423,12226.756171686144
00bbac68_5424,12226.72616536566
00bbac68_5425,12226.707034934498
00bbac68_5426,12226.676431830643
00bbac68_5427,12226.646688590374
00bbac68_5428,12226.606165619083
00bbac68_5429,12226.576087153177
00bbac68_5430,12226.55768661159
00bbac68_5431,12226.516079673862
00bbac68_5432,12226.486800939578
00bbac68_5433,12226.456143218538
00bbac68_5434,12226.416154748202
00bbac68_5435,12226.38607326429
00bbac68_5436,12226.35652438602
00bbac68_5437,12226.327247364145
00bbac68_5438,12226.287712247244
00bbac68_5439,12226.24624251236
00bbac68_5440,12226.216104854137
00bbac68_5441,12226.186097009477
00bbac68_5442,12226.14667203147
00bbac68_5443,12226.106108951397
00bbac68_5444,12226.07615208499
00bbac68_5445,12226.037729895928
00bbac68_5446,12226.00643986462
00bbac68_5447,12225.967340795316
00bbac68_5448,12225.926185934855
00bbac68_5449,12225.886396952685
00bbac68_5450,12225.84674760012
00bbac68_5451,12225.8161438077
00bbac68_5452,12225.77739346494
00bbac68_5453,12225.73746104631
00bbac68_5454,12225.69641598364
00bbac68_5455,12225.646066408886
00bbac68_5456,12225.61760421101
00bbac68_5457,12225.57757652984
00bbac68_5458,12225.53614968974
00bbac68_5459,12225.486071455
00bbac68_5460,12225.446071115945
00bbac68_5461,12225.416070364858
00bbac68_5462,12225.36684361578
00bbac68_5463,12225.32610246352
00bbac68_5464,12225.276066555569
00bbac68_5465,12225.236139101597
00bbac68_5466,12225.196166815933
00bbac68_5467,12225.146066440157
00bbac68_5468,12225.106488598629
00bbac68_5469,12225.056138733918
00bbac68_5470,12225.00991707399
00bbac68_5471,12224.97696936268
00bbac68_5472,12224.926071320677
00bbac68_5473,12224.877787984877
00bbac68_5474,12224.863185162863
00bbac68_5475,12224.814883122985
00bbac68_5476,12224.783299880244
00bbac68_5477,12224.696086772452
00bbac68_5478,12224.649294300858
00bbac68_5479,12224.608581868528
00bbac68_5480,12224.559305933506
00bbac68_5481,12224.51861658887
00bbac68_5482,12224.467354246251
00bbac68_5483,12224.418732965
00bbac68_5484,12224.378509013926
00bbac68_5485,12224.336216125144
00bbac68_5486,12224.28680555347
00bbac68_5487,12224.236563089333
00bbac68_5488,12224.19759396651
00bbac68_5489,12224.146243854062
00bbac68_5490,12224.106275479193
00bbac68_5491,12224.056094453224
00bbac68_5492,12224.006535408958
00bbac68_5493,12223.966881592114
00bbac68_5494,12223.918333424655
00bbac68_5495,12223.876724044843
00bbac68_5496,12223.826505410252
00bbac68_5497,12223.777283726396
00bbac68_5498,12223.736184701387
00bbac68_5499,12223.686264956315
00bbac68_5500,12223.6469532581
00bbac68_5501,12223.598616210596
00bbac68_5502,12223.547153925963
00bbac68_5503,12223.514514478586
00bbac68_5504,12223.464788085215
00bbac68_5505,12223.420175262054
00bbac68_5506,12223.372069534274
00bbac68_5507,12223.321945520818
00bbac68_5508,12223.287084931642
00bbac68_5509,12223.234414523642
00bbac68_5510,12223.186346688664
00bbac68_5511,12223.138937410906
00bbac68_5512,12223.097921086992
00bbac68_5513,12223.04538548997
00bbac68_5514,12223.00393474846
00bbac68_5515,12222.969154139382
00bbac68_5516,12222.91689784875
00bbac68_5517,12222.869378942836
00bbac68_5518,12222.815374139542
00bbac68_5519,12222.763282914904
00bbac68_5520,12222.731141054728
00bbac68_5521,12222.683646206831
00bbac68_5522,12222.63035168237
00bbac68_5523,12222.579401698657
00bbac68_5524,12222.542788979912
00bbac68_5525,12222.49492723228
00bbac68_5526,12222.453879289844
00bbac68_5527,12222.414021014907
00bbac68_5528,12222.357885714411
00bbac68_5529,12222.314072249952
00bbac68_5530,12222.269964474455
00bbac68_5531,12222.220431934811
00bbac68_5532,12222.165287923704
00bbac68_5533,12222.126948460042
00bbac68_5534,12222.076790244482
00bbac68_5535,12222.038757968314
00bbac68_5536,12221.990780058995
00bbac68_5537,12221.948972154752
00bbac68_5538,12221.901903647966
00bbac68_5539,12221.85236879778
00bbac68_5540,12221.82095910437
00bbac68_5541,12221.76880803888
00bbac68_5542,12221.711844375412
00bbac68_5543,12221.675529160497
00bbac68_5544,12221.625434866888
00bbac68_5545,12221.584330549118
00bbac68_5546,12221.531841541711
00bbac68_5547,12221.467639685969
00bbac68_5548,12221.429410235343
00bbac68_5549,12221.387958508856
00bbac68_5550,12221.34925614314
00bbac68_5551,12221.302382850068
00bbac68_5552,12221.24677712147
00bbac68_5553,12221.193286288686
00bbac68_5554,12221.14963840181
00bbac68_5555,12221.10496086751
00bbac68_5556,12221.056243054078
00bbac68_5557,12221.014894120246
00bbac68_5558,12220.971817911352
00bbac68_5559,12220.922734312126
00bbac68_5560,12220.876299194086
00bbac68_5561,12220.83538368335
00bbac68_5562,12220.780632412703
00bbac68_5563,12220.73537110102
00bbac68_5564,12220.67136980964
00bbac68_5565,12220.618410135545
00bbac68_5566,12220.587450291594
00bbac68_5567,12220.533212776729
00bbac68_5568,12220.496604991027
00bbac68_5569,12220.464948413057
00bbac68_5570,12220.410821169997
00bbac68_5571,12220.370562328408
00bbac68_5572,12220.314742940953
00bbac68_5573,12220.265352665036
00bbac68_5574,12220.229697101364
00bbac68_5575,12220.175551957182
00bbac68_5576,12220.120544425074
00bbac68_5577,12220.07211116733
00bbac68_5578,12220.011592294888
00bbac68_5579,12219.974306349342
00bbac68_5580,12219.92897803398
00bbac68_5581,12219.873492088973
00bbac68_5582,12219.8190344425
00bbac68_5583,12219.777707769585
00bbac68_5584,12219.737999840008
00bbac68_5585,12219.6839186549
00bbac68_5586,12219.626791314866
00bbac68_5587,12219.563709827604
00bbac68_5588,12219.513325903392
00bbac68_5589,12219.490936499076
00bbac68_5590,12219.433948678052
00bbac68_5591,12219.378316892347
00bbac68_5592,12219.329813539329
00bbac68_5593,12219.282591338824
00bbac68_5594,12219.240641281076
00bbac68_5595,12219.18022314546
00bbac68_5596,12219.132713562336
00bbac68_5597,12219.080222861045
00bbac68_5598,12219.018529837058
00bbac68_5599,12218.98088412011
00bbac68_5600,12218.92682867919
00bbac68_5601,12218.871864889268
00bbac68_5602,12218.82116108251
00bbac68_5603,12218.771018835763
00bbac68_5604,12218.723598868182
00bbac68_5605,12218.66981618737
00bbac68_5606,12218.609146258372
00bbac68_5607,12218.540157394327
00bbac68_5608,12218.509417748988
00bbac68_5609,12218.453851025906
00bbac68_5610,12218.414093815913
00bbac68_5611,12218.354829904483
00bbac68_5612,12218.302067780234
00bbac68_5613,12218.235729284164
00bbac68_5614,12218.203276744112
00bbac68_5615,12218.144284827393
00bbac68_5616,12218.08400248151
00bbac68_5617,12218.032243691232
00bbac68_5618,12217.973165907348
00bbac68_5619,12217.932965089263
00bbac68_5620,12217.871149118804
00bbac68_5621,12217.809611813953
00bbac68_5622,12217.763341758438
00bbac68_5623,12217.70071219674
00bbac68_5624,12217.662134952276
00bbac68_5625,12217.601446131994
00bbac68_5626,12217.535528429991
00bbac68_5627,12217.485556472298
00bbac68_5628,12217.435622415602
00bbac68_5629,12217.3833299689
00bbac68_5630,12217.321952606682
00bbac68_5631,12217.271692462857
00bbac68_5632,12217.206049147471
00bbac68_5633,12217.143089380932
00bbac68_5634,12217.098811041147
00bbac68_5635,12217.03595334058
00bbac68_5636,12216.985542124328
00bbac68_5637,12216.926480412203
00bbac68_5638,12216.871998110586
00bbac68_5639,12216.81489662158
00bbac68_5640,12216.761293824557
00bbac68_5641,12216.70283078691
00bbac68_5642,12216.645544657977
00bbac68_5643,12216.596065417998
00bbac68_5644,12216.54587742644
00bbac68_5645,12216.48598315323
00bbac68_5646,12216.425354414454
00bbac68_5647,12216.364688009353
00bbac68_5648,12216.3014283889
00bbac68_5649,12216.254272653112
00bbac68_5650,12216.188250312704
00bbac68_5651,12216.12947387721
00bbac68_5652,12216.069633862238
00bbac68_5653,12216.01101048048
00bbac68_5654,12215.965147603634
00bbac68_5655,12215.905976132595
00bbac68_5656,12215.845655585865
00bbac68_5657,12215.785968489632
00bbac68_5658,12215.71586545619
00bbac68_5659,12215.665821747323
00bbac68_5660,12215.605728168894
00bbac68_5661,12215.54355110722
00bbac68_5662,12215.48517754844
00bbac68_5663,12215.419098415116
00bbac68_5664,12215.374167953709
00bbac68_5665,12215.305787034478
00bbac68_5666,12215.244616094393
00bbac68_5667,12215.18478866726
00bbac68_5668,12215.125429419586
00bbac68_5669,12215.0759126876
00bbac68_5670,12215.0160120023
00bbac68_5671,12214.943516559184
00bbac68_5672,12214.88600851725
00bbac68_5673,12214.826061861711
00bbac68_5674,12214.77574380506
00bbac68_5675,12214.71544293202
00bbac68_5676,12214.642975458735
00bbac68_5677,12214.585445141916
00bbac68_5678,12214.5257672241
00bbac68_5679,12214.475577387497
00bbac68_5680,12214.415394648631
00bbac68_5681,12214.345217951291
00bbac68_5682,12214.285899527182
00bbac68_5683,12214.23603087617
00bbac68_5684,12214.17606112378
00bbac68_5685,12214.105781033442
00bbac68_5686,12214.045962194145
00bbac68_5687,12213.985997624712
00bbac68_5688,12213.93585275995
00bbac68_5689,12213.866059300226
00bbac68_5690,12213.805749377949
00bbac68_5691,12213.744224074404
00bbac68_5692,12213.674546151771
00bbac68_5693,12213.625726670847
00bbac68_5694,12213.565725496816
00bbac68_5695,12213.505776229616
00bbac68_5696,12213.435565402968
00bbac68_5697,12213.375521122194
00bbac68_5698,12213.326054140856
00bbac68_5699,12213.255972519986
00bbac68_5700,12213.196003523077
00bbac68_5701,12213.135998204263
00bbac68_5702,12213.065913163877
00bbac68_5703,12213.01594635827
00bbac68_5704,12212.952999858742
00bbac68_5705,12212.885876155568
00bbac68_5706,12212.825339695122
00bbac68_5707,12212.764065251604
00bbac68_5708,12212.705263306229
00bbac68_5709,12212.645165729944
00bbac68_5710,12212.584990065285
00bbac68_5711,12212.52327610524
00bbac68_5712,12212.465657641767
00bbac68_5713,12212.404318385838
00bbac68_5714,12212.344392861674
00bbac68_5715,12212.29529583286
00bbac68_5716,12212.23523535995
00bbac68_5717,12212.174100753937
00bbac68_5718,12212.114928905728
00bbac68_5719,12212.054887692544
00bbac68_5720,12212.003755320136
00bbac68_5721,12211.943889956983
00bbac68_5722,12211.88484945333
00bbac68_5723,12211.821861933586
00bbac68_5724,12211.774741301146
00bbac68_5725,12211.70515309234
00bbac68_5726,12211.65376039593
00bbac68_5727,12211.603574887618
00bbac68_5728,12211.534220539068
00bbac68_5729,12211.483172490318
00bbac68_5730,12211.423258330136
00bbac68_5731,12211.36486036262
00bbac68_5732,12211.303655601228
00bbac68_5733,12211.24483534244
00bbac68_5734,12211.184656802196
00bbac68_5735,12211.133793886134
00bbac68_5736,12211.064291298151
00bbac68_5737,12211.013831150964
00bbac68_5738,12210.953186097971
00bbac68_5739,12210.891670340048
00bbac68_5740,12210.83297655543
00bbac68_5741,12210.78309736364
00bbac68_5742,12210.713059764
00bbac68_5743,12210.661696727137
00bbac68_5744,12210.602709840516
00bbac68_5745,12210.542170405384
00bbac68_5746,12210.482916837553
00bbac68_5747,12210.424073440636
00bbac68_5748,12210.363174450866
00bbac68_5749,12210.302914051046
00bbac68_5750,12210.252943371674
00bbac68_5751,12210.18086321748
00bbac68_5752,12210.132176003715
00bbac68_5753,12210.070289206998
00bbac68_5754,12210.00263386495
00bbac68_5755,12209.951937955522
00bbac68_5756,12209.89166434667
00bbac68_5757,12209.829991225575
00bbac68_5758,12209.773034692498
00bbac68_5759,12209.71251710544
00bbac68_5760,12209.650604712637
00bbac68_5761,12209.602250169331
00bbac68_5762,12209.531806913194
00bbac68_5763,12209.472305067538
00bbac68_5764,12209.42237541442
00bbac68_5765,12209.351498578731
00bbac68_5766,12209.30206206227
00bbac68_5767,12209.24077767514
00bbac68_5768,12209.180387259565
00bbac68_5769,12209.121826567229
00bbac68_5770,12209.071267489997
00bbac68_5771,12209.000056074474
00bbac68_5772,12208.952985861108
00bbac68_5773,12208.902291519453
00bbac68_5774,12208.832403289483
00bbac68_5775,12208.780727521782
00bbac68_5776,12208.722553983614
00bbac68_5777,12208.66152323574
00bbac68_5778,12208.600805597747
00bbac68_5779,12208.551989097536
00bbac68_5780,12208.481030384355
00bbac68_5781,12208.435113407597
00bbac68_5782,12208.374385558318
00bbac68_5783,12208.310777701834
00bbac68_5784,12208.264969013066
00bbac68_5785,12208.191776027392
00bbac68_5786,12208.14396482408
00bbac68_5787,12208.09435255298
00bbac68_5788,12208.024737482354
00bbac68_5789,12207.972608852788
00bbac68_5790,12207.922547384196
00bbac68_5791,12207.854539202855
00bbac68_5792,12207.803998577465
00bbac68_5793,12207.754675869675
00bbac68_5794,12207.684337502127
00bbac68_5795,12207.634233925535
00bbac68_5796,12207.581847807016
00bbac68_5797,12207.511002629191
00bbac68_5798,12207.464037627346
00bbac68_5799,12207.413062091233
00bbac68_5800,12207.341251664702
00bbac68_5801,12207.292333323896
00bbac68_5802,12207.243326579057
00bbac68_5803,12207.183226210294
00bbac68_5804,12207.123438010383
00bbac68_5805,12207.073585483357
00bbac68_5806,12207.013826159737
00bbac68_5807,12206.951119870706
00bbac68_5808,12206.89140831176
00bbac68_5809,12206.841132569223
00bbac68_5810,12206.791433688046
00bbac68_5811,12206.733239323332
00bbac68_5812,12206.673274614186
00bbac68_5813,12206.622564722533
00bbac68_5814,12206.563251859465
00bbac68_5815,12206.511289246524
00bbac68_5816,12206.46203748047
00bbac68_5817,12206.392064264988
00bbac68_5818,12206.340378392302
00bbac68_5819,12206.290337131242
00bbac68_5820,12206.230077606087
00bbac68_5821,12206.181893219777
00bbac68_5822,12206.13162022996
00bbac68_5823,12206.05898239012
00bbac68_5824,12206.007731414207
00bbac68_5825,12205.961296025203
00bbac68_5826,12205.900908316216
00bbac68_5827,12205.85313989519
00bbac68_5828,12205.803167187592
00bbac68_5829,12205.741024769632
00bbac68_5830,12205.6916693417
00bbac68_5831,12205.621143454486
00bbac68_5832,12205.57043262422
00bbac68_5833,12205.517434665033
00bbac68_5834,12205.458710779729
00bbac68_5835,12205.408547836963
00bbac68_5836,12205.359461271086
00bbac68_5837,12205.302092703976
00bbac68_5838,12205.252225252896
00bbac68_5839,12205.200881449698
00bbac68_5840,12205.138745410104
00bbac68_5841,12205.087504908191
00bbac68_5842,12205.03865825731
00bbac68_5843,12204.979568635148
00bbac68_5844,12204.9322593612
00bbac68_5845,12204.880845606383
00bbac68_5846,12204.820167754942
00bbac68_5847,12204.770725337414
00bbac68_5848,12204.721792296532
00bbac68_5849,12204.663209002429
00bbac68_5850,12204.611432718631
00bbac68_5851,12204.561603980876
00bbac68_5852,12204.500715169426
00bbac68_5853,12204.451821342023
00bbac68_5854,12204.40144843749
00bbac68_5855,12204.34020122589
00bbac68_5856,12204.290893452797
00bbac68_5857,12204.243079360083
00bbac68_5858,12204.192933107444
00bbac68_5859,12204.142726426417
00bbac68_5860,12204.08080987259
00bbac68_5861,12204.03097879102
00bbac68_5862,12203.981435597272
00bbac68_5863,12203.932719111071
00bbac68_5864,12203.881308743932
00bbac68_5865,12203.830782688903
00bbac68_5866,12203.7694053398
00bbac68_5867,12203.730466253166
00bbac68_5868,12203.683817543992
00bbac68_5869,12203.62420411875
00bbac68_5870,12203.582519959393
00bbac68_5871,12203.532797597403
00bbac68_5872,12203.472631043976
00bbac68_5873,12203.432660136676
00bbac68_5874,12203.382103434256
00bbac68_5875,12203.323530347212
00bbac68_5876,12203.279500977138
00bbac68_5877,12203.22746495262
00bbac68_5878,12203.176701054726
00bbac68_5879,12203.126292154597
00bbac68_5880,12203.086871455424
00bbac68_5881,12203.027431442022
00bbac68_5882,12202.99000730068
00bbac68_5883,12202.94076762917
00bbac68_5884,12202.889658084949
00bbac68_5885,12202.836648984989
00bbac68_5886,12202.786704868246
00bbac68_5887,12202.736550461192
00bbac68_5888,12202.696185883422
00bbac68_5889,12202.646528125671
00bbac68_5890,12202.597872019744
00bbac68_5891,12202.559193008006
00bbac68_5892,12202.50615678163
00bbac68_5893,12202.45743218408
00bbac68_5894,12202.421016345736
00bbac68_5895,12202.373003245251
00bbac68_5896,12202.317313472391
00bbac68_5897,12202.276912545987
00bbac68_5898,12202.23550913
00bbac68_5899,12202.196008833504
00bbac68_5900,12202.14606556917
00bbac68_5901,12202.096056866583
00bbac68_5902,12202.056063320182
00bbac68_5903,12202.015727983584
00bbac68_5904,12201.963774577978
00bbac68_5905,12201.912152235444
00bbac68_5906,12201.871031710178
00bbac68_5907,12201.820038538
00bbac68_5908,12201.781550777609
00bbac68_5909,12201.741601080706
00bbac68_5910,12201.691633894909
00bbac68_5911,12201.653566319304
00bbac68_5912,12201.605395457727
00bbac68_5913,12201.565625383471
00bbac68_5914,12201.52586508655
00bbac68_5915,12201.47571399921
00bbac68_5916,12201.435282359078
00bbac68_5917,12201.392869926924
00bbac68_5918,12201.33885684013
00bbac68_5919,12201.302405939923
00bbac68_5920,12201.26496796066
00bbac68_5921,12201.215549736256
00bbac68_5922,12201.173389751077
00bbac68_5923,12201.130970130189
00bbac68_5924,12201.08047127335
00bbac68_5925,12201.041047300125
00bbac68_5926,12201.012949862892
00bbac68_5927,12200.960958189067
00bbac68_5928,12200.919814881165
00bbac68_5929,12200.880857959444
00bbac68_5930,12200.832527715722
00bbac68_5931,12200.803742099311
00bbac68_5932,12200.76391153774
00bbac68_5933,12200.715502882877
00bbac68_5934,12200.6759317227
00bbac68_5935,12200.645586009408
00bbac68_5936,12200.594885776149
00bbac68_5937,12200.555714448596
00bbac68_5938,12200.52484159972
00bbac68_5939,12200.475270507195
00bbac68_5940,12200.435095232528
00bbac68_5941,12200.395781611389
00bbac68_5942,12200.355908432044
00bbac68_5943,12200.31508397835
00bbac68_5944,12200.270050124527
00bbac68_5945,12200.23278167324
00bbac68_5946,12200.204986203771
00bbac68_5947,12200.1547885466
00bbac68_5948,12200.114886531625
00bbac68_5949,12200.085408835976
00bbac68_5950,12200.034834639462
00bbac68_5951,12199.99425675368
00bbac68_5952,12199.965516561211
00bbac68_5953,12199.91008730553
00bbac68_5954,12199.87258862498
00bbac68_5955,12199.842528772966
00bbac68_5956,12199.790233083782
00bbac68_5957,12199.754688926703
00bbac68_5958,12199.722823496662
00bbac68_5959,12199.674965165166
00bbac68_5960,12199.635498951448
00bbac68_5961,12199.604223853996
00bbac68_5962,12199.5496794163
00bbac68_5963,12199.513962453717
00bbac68_5964,12199.483898222245
00bbac68_5965,12199.432035984526
00bbac68_5966,12199.39470018372
00bbac68_5967,12199.357740405285
00bbac68_5968,12199.305458904211
00bbac68_5969,12199.26841738792
00bbac68_5970,12199.217957117651
00bbac68_5971,12199.186405939545
00bbac68_5972,12199.149427394375
00bbac68_5973,12199.10301693141
00bbac68_5974,12199.059816687884
00bbac68_5975,12199.028720785927
00bbac68_5976,12198.979103140198
00bbac68_5977,12198.944334948728
00bbac68_5978,12198.904482549817
00bbac68_5979,12198.864752184938
00bbac68_5980,12198.820070711954
00bbac68_5981,12198.784417698958
00bbac68_5982,12198.7335927744
00bbac68_5983,12198.6953391952
00bbac68_5984,12198.662500156694
00bbac68_5985,12198.609074280468
00bbac68_5986,12198.573120414916
00bbac68_5987,12198.533831955476
00bbac68_5988,12198.483203461416
00bbac68_5989,12198.453178907135
00bbac68_5990,12198.412675934142
00bbac68_5991,12198.359130893314
00bbac68_5992,12198.319142735065
00bbac68_5993,12198.282433013184
00bbac68_5994,12198.232911440551
00bbac68_5995,12198.192889307176
00bbac68_5996,12198.16310931048
00bbac68_5997,12198.110853431392
00bbac68_5998,12198.071424222326
00bbac68_5999,12198.024617951416
00bbac68_6000,12197.983334234086
00bbac68_6001,12197.940663320034
00bbac68_6002,12197.889750671317
00bbac68_6003,12197.853777465883
00bbac68_6004,12197.823919757067
00bbac68_6005,12197.77373748369
00bbac68_6006,12197.735306607963
00bbac68_6007,12197.693910449649
00bbac68_6008,12197.6427637334
00bbac68_6009,12197.599682100212
00bbac68_6010,12197.562589195344
00bbac68_6011,12197.5150794604
00bbac68_6012,12197.474714023803
00bbac68_6013,12197.434202847871
00bbac68_6014,12197.38374769344
00bbac68_6015,12197.343434009468
00bbac68_6016,12197.30513976756
00bbac68_6017,12197.254455649172
00bbac68_6018,12197.223888670678
00bbac68_6019,12197.183606179702
00bbac68_6020,12197.134969377736
00bbac68_6021,12197.088485329225
00bbac68_6022,12197.046271292813
00bbac68_6023,12197.00046848163
00bbac68_6024,12196.96244101182
00bbac68_6025,12196.912944659927
00bbac68_6026,12196.87333638249
00bbac68_6027,12196.83461485958
00bbac68_6028,12196.777950076064
00bbac68_6029,12196.736147751017
00bbac68_6030,12196.698433568048
00bbac68_6031,12196.651637230025
00bbac68_6032,12196.611738153071
00bbac68_6033,12196.562039487972
00bbac68_6034,12196.51120003051
00bbac68_6035,12196.47421763082
00bbac68_6036,12196.432346725564
00bbac68_6037,12196.383147250988
00bbac68_6038,12196.342560480223
00bbac68_6039,12196.303679355966
00bbac68_6040,12196.252952013792
00bbac68_6041,12196.211765040229
00bbac68_6042,12196.172060829946
00bbac68_6043,12196.12172903814
00bbac68_6044,12196.08168207797
00bbac68_6045,12196.041603462976
00bbac68_6046,12195.993242393475
00bbac68_6047,12195.951789717084
00bbac68_6048,12195.911923407244
00bbac68_6049,12195.863329125294
00bbac68_6050,12195.822489357795
00bbac68_6051,12195.777076526429
00bbac68_6052,12195.731543704818
00bbac68_6053,12195.69246758575
00bbac68_6054,12195.643125531136
00bbac68_6055,12195.602105473015
00bbac68_6056,12195.563447948998
00bbac68_6057,12195.511449369584
00bbac68_6058,12195.471482514176
00bbac68_6059,12195.43178178123
00bbac68_6060,12195.382773197383
00bbac68_6061,12195.34336249302
00bbac68_6062,12195.28949848382
00bbac68_6063,12195.237835997325
00bbac68_6064,12195.197585964042
00bbac68_6065,12195.155770774483
00bbac68_6066,12195.110538914198
00bbac68_6067,12195.071436548134
00bbac68_6068,12195.025884041865
00bbac68_6069,12194.977716562844
00bbac68_6070,12194.942743846095
00bbac68_6071,12194.903867024885
00bbac68_6072,12194.851872513656
00bbac68_6073,12194.811145790774
00bbac68_6074,12194.77107861948
00bbac68_6075,12194.720403015554
00bbac68_6076,12194.680089043552
00bbac68_6077,12194.639096366876
00bbac68_6078,12194.587050649345
00bbac68_6079,12194.545715091652
00bbac68_6080,12194.506510379382
00bbac68_6081,12194.461442479284
00bbac68_6082,12194.41690047576
00bbac68_6083,12194.375757553822
00bbac68_6084,12194.339280932212
00bbac68_6085,12194.300820330804
00bbac68_6086,12194.24546366167
00bbac68_6087,12194.20517781987
00bbac68_6088,12194.16721805956
00bbac68_6089,12194.120337055549
00bbac68_6090,12194.081926279605
00bbac68_6091,12194.04142113883
00bbac68_6092,12193.991464955365
00bbac68_6093,12193.951619344309
00bbac68_6094,12193.911489840986
00bbac68_6095,12193.860024089834
00bbac68_6096,12193.816419726954
00bbac68_6097,12193.776132076511
00bbac68_6098,12193.727111897731
00bbac68_6099,12193.688926370782
00bbac68_6100,12193.65075806901
00bbac68_6101,12193.603018661752
00bbac68_6102,12193.562739958015
00bbac68_6103,12193.521301452563
00bbac68_6104,12193.46918080056
00bbac68_6105,12193.426767832749
00bbac68_6106,12193.38823092195
00bbac68_6107,12193.341329325707
00bbac68_6108,12193.301667420386
00bbac68_6109,12193.2644194698
00bbac68_6110,12193.214359434363
00bbac68_6111,12193.18518686453
00bbac68_6112,12193.13421290311
00bbac68_6113,12193.092087131525
00bbac68_6114,12193.050202573051
00bbac68_6115,12193.00015151802
00bbac68_6116,12192.96285027777
00bbac68_6117,12192.924200104337
00bbac68_6118,12192.873231877616
00bbac68_6119,12192.833838043412
00bbac68_6120,12192.78931382379
00bbac68_6121,12192.736348553692
00bbac68_6122,12192.699229674176
00bbac68_6123,12192.656747644734
00bbac68_6124,12192.608468411156
00bbac68_6125,12192.572370421194
00bbac68_6126,12192.53968917253
00bbac68_6127,12192.486214379956
00bbac68_6128,12192.446190594304
00bbac68_6129,12192.408301234069
00bbac68_6130,12192.358945811113
00bbac68_6131,12192.320114335462
00bbac68_6132,12192.28312917185
00bbac68_6133,12192.24307928402
00bbac68_6134,12192.20065145418
00bbac68_6135,12192.149638161276
00bbac68_6136,12192.120428104356
00bbac68_6137,12192.080606956972
00bbac68_6138,12192.039193765537
00bbac68_6139,12191.999475809203
00bbac68_6140,12191.961574571891
00bbac68_6141,12191.931782412905
00bbac68_6142,12191.900197917044
00bbac68_6143,12191.87163463263
00bbac68_6144,12191.85375006901
00bbac68_6145,12191.824091162827
00bbac68_6146,12191.794299298035
00bbac68_6147,12191.773700628948
00bbac68_6148,12191.733650764128
00bbac68_6149,12191.704724724554
00bbac68_6150,12191.683672914149
00bbac68_6151,12191.651220834414
00bbac68_6152,12191.63337452334
00bbac68_6153,12191.603359314277
00bbac68_6154,12191.580658968924
00bbac68_6155,12191.542347780733
00bbac68_6156,12191.522676715878
00bbac68_6157,12191.49393173896
00bbac68_6158,12191.473401169673
00bbac68_6159,12191.443222979127
00bbac68_6160,12191.419365609518
00bbac68_6161,12191.400466096447
00bbac68_6162,12191.362124632044
00bbac68_6163,12191.341977163103
00bbac68_6164,12191.323138604244
00bbac68_6165,12191.28946387739
00bbac68_6166,12191.26869978696
00bbac68_6167,12191.2527048329
00bbac68_6168,12191.220698324563
00bbac68_6169,12191.203570979957
00bbac68_6170,12191.166656523492
00bbac68_6171,12191.14473164055
00bbac68_6172,12191.124386583282
00bbac68_6173,12191.09421844231
00bbac68_6174,12191.075263939649
00bbac68_6175,12191.059147805792
00bbac68_6176,12191.04033247418
00bbac68_6177,12191.0131394933
00bbac68_6178,12190.993906752172
00bbac68_6179,12190.97260355851
00bbac68_6180,12190.948711931114
00bbac68_6181,12190.929483808446
00bbac68_6182,12190.912529828776
00bbac68_6183,12190.892889764236
00bbac68_6184,12190.86256830322
00bbac68_6185,12190.838941749213
00bbac68_6186,12190.81883536123
00bbac68_6187,12190.799368250722
00bbac68_6188,12190.77936697527
00bbac68_6189,12190.76284736772
00bbac68_6190,12190.738153102928
00bbac68_6191,12190.73223343388
00bbac68_6192,12190.702950361188
00bbac68_6193,12190.678563625015
00bbac68_6194,12190.659115336612
00bbac68_6195,12190.638529460846
00bbac68_6196,12190.630884194848
00bbac68_6197,12190.611236809766
00bbac68_6198,12190.589627230042
00bbac68_6199,12190.558695326865
00bbac68_6200,12190.551769597809
00bbac68_6201,12190.53287067981
00bbac68_6202,12190.50831330675
00bbac68_6203,12190.494380431608
00bbac68_6204,12190.478287611964
00bbac68_6205,12190.47304925776
00bbac68_6206,12190.44096578871
00bbac68_6207,12190.419591196118
00bbac68_6208,12190.409107630045
00bbac68_6209,12190.3885718413
00bbac68_6210,12190.38157049649
00bbac68_6211,12190.36312476588
00bbac68_6212,12190.352363940052
00bbac68_6213,12190.34308534523
00bbac68_6214,12190.311261354327
00bbac68_6215,12190.303058729523
00bbac68_6216,12190.276267647749
00bbac68_6217,12190.26930573707
00bbac68_6218,12190.262788343554
00bbac68_6219,12190.24214100326
00bbac68_6220,12190.231710179178
00bbac68_6221,12190.210633801937
00bbac68_6222,12190.191351188783
00bbac68_6223,12190.181339743309
00bbac68_6224,12190.171328307675
00bbac68_6225,12190.16109190014
00bbac68_6226,12190.142842131518
00bbac68_6227,12190.132731067672
00bbac68_6228,12190.112353905764
00bbac68_6229,12190.100592038149
00bbac68_6230,12190.09295200872
00bbac68_6231,12190.080880599391
00bbac68_6232,12190.069113219271
00bbac68_6233,12190.06365257004
00bbac68_6234,12190.05384358331
00bbac68_6235,12190.035811492984
00bbac68_6236,12190.023916891105
00bbac68_6237,12190.00548274196
00bbac68_6238,12189.99812229456
00bbac68_6239,12189.989893517088
00bbac68_6240,12189.983386573416
00bbac68_6241,12189.983552721009
00bbac68_6242,12189.972736555448
00bbac68_6243,12189.953768950958
00bbac68_6244,12189.950766672957
00bbac68_6245,12189.943262767232
00bbac68_6246,12189.93390634135
00bbac68_6247,12189.934285590263
00bbac68_6248,12189.922823416377
00bbac68_6249,12189.923409330686
00bbac68_6250,12189.914224323737
00bbac68_6251,12189.903144170466
00bbac68_6252,12189.893574664648
00bbac68_6253,12189.889120393676
00bbac68_6254,12189.880994323636
00bbac68_6255,12189.883141719927
00bbac68_6256,12189.883141719933
00bbac68_6257,12189.873111278715
00bbac68_6258,12189.863098806543
00bbac68_6259,12189.863175512191
00bbac68_6260,12189.863752703415
00bbac68_6261,12189.85316302899
00bbac68_6262,12189.85308633681
00bbac68_6263,12189.85320364105
00bbac68_6264,12189.853518233293
00bbac68_6265,12189.853316199647
00bbac68_6266,12189.843546873688
00bbac68_6267,12189.84348547018
00bbac68_6268,12189.838940796582
00bbac68_6269,12189.83952307824
00bbac68_6270,12189.840648964851
00bbac68_6271,12189.843358522176
00bbac68_6272,12189.843303701791
00bbac68_6273,12189.83064042301
00bbac68_6274,12189.833831884547
00bbac68_6275,12189.83482872592
00bbac68_6276,12189.837764516027
00bbac68_6277,12189.843091822642
00bbac68_6278,12189.843732547508
00bbac68_6279,12189.850391366148
00bbac68_6280,12189.837772787714
00bbac68_6281,12189.844833272098
00bbac68_6282,12189.8463236549
00bbac68_6283,12189.849083744906
00bbac68_6284,12189.863571850196
00bbac68_6285,12189.859893388466
00bbac68_6286,12189.863634437444
00bbac68_6287,12189.86850927041
00bbac68_6288,12189.869540516318
00bbac68_6289,12189.874546600544
00bbac68_6290,12189.883267849074
00bbac68_6291,12189.891365901669
00bbac68_6292,12189.901377369575
00bbac68_6293,12189.903433520894
00bbac68_6294,12189.913582822985
00bbac68_6295,12189.910724831536
00bbac68_6296,12189.919347184765
00bbac68_6297,12189.930206356908
00bbac68_6298,12189.940382599065
00bbac68_6299,12189.942524884682
00bbac68_6300,12189.952146186888
00bbac68_6301,12189.962196111028
00bbac68_6302,12189.97360534274
00bbac68_6303,12189.972276974124
00bbac68_6304,12189.98361216823
00bbac68_6305,12190.000806859023
00bbac68_6306,12190.008207024504
00bbac68_6307,12190.01884846896
00bbac68_6308,12190.034172201396
00bbac68_6309,12190.044800085669
00bbac68_6310,12190.045045154036
00bbac68_6311,12190.064921887448
00bbac68_6312,12190.074642475493
00bbac68_6313,12190.083832156464
00bbac68_6314,12190.099712875142
00bbac68_6315,12190.108844345155
00bbac68_6316,12190.124654626245
00bbac68_6317,12190.144890241389
00bbac68_6318,12190.14381145454
00bbac68_6319,12190.16384191942
00bbac68_6320,12190.174293481306
00bbac68_6321,12190.19535362796
00bbac68_6322,12190.205238141789
00bbac68_6323,12190.224402311274
00bbac68_6324,12190.233846878702
00bbac68_6325,12190.23942888347
00bbac68_6326,12190.244742483044
00bbac68_6327,12190.264209630845
00bbac68_6328,12190.278980836098
00bbac68_6329,12190.30332066961
00bbac68_6330,12190.313498144757
00bbac68_6331,12190.319094247734
00bbac68_6332,12190.339007565475
00bbac68_6333,12190.340875511592
00bbac68_6334,12190.364750039886
00bbac68_6335,12190.37488552506
00bbac68_6336,12190.385415026843
00bbac68_6337,12190.402784981936
00bbac68_6338,12190.412954276537
00bbac68_6339,12190.422966714685
00bbac68_6340,12190.422720288125
00bbac68_6341,12190.442745009912
00bbac68_6342,12190.454854925065
00bbac68_6343,12190.4593105966
00bbac68_6344,12190.469590001503
00bbac68_6345,12190.489144561709
00bbac68_6346,12190.501326568732
00bbac68_6347,12190.504685236963
00bbac68_6348,12190.5157435992
00bbac68_6349,12190.52309126898
00bbac68_6350,12190.542958731345
00bbac68_6351,12190.55577243008
00bbac68_6352,12190.562893726088
00bbac68_6353,12190.575482068482
00bbac68_6354,12190.584276913043
00bbac68_6355,12190.58487117693
00bbac68_6356,12190.59540001464
00bbac68_6357,12190.60369535376
00bbac68_6358,12190.604865409434
00bbac68_6359,12190.61478430434
00bbac68_6360,12190.628155432443
00bbac68_6361,12190.639818208114
00bbac68_6362,12190.641487535748
00bbac68_6363,12190.65485667821
00bbac68_6364,12190.665756394388
00bbac68_6365,12190.675763585466
00bbac68_6366,12190.683043003435
00bbac68_6367,12190.693303530248
00bbac68_6368,12190.70520970474
00bbac68_6369,12190.715791678234
00bbac68_6370,12190.715791678227
00bbac68_6371,12190.725235468431
00bbac68_6372,12190.732584260562
00bbac68_6373,12190.740103108714
00bbac68_6374,12190.733364374486
00bbac68_6375,12190.74263324974
00bbac68_6376,12190.759666936348
00bbac68_6377,12190.765022957108
00bbac68_6378,12190.77552976077
00bbac68_6379,12190.770722084146
00bbac68_6380,12190.778986741116
00bbac68_6381,12190.78990577982
00bbac68_6382,12190.805022632589
00bbac68_6383,12190.805365800554
00bbac68_6384,12190.809023056616
00bbac68_6385,12190.80514113304
00bbac68_6386,12190.819032136034
00bbac68_6387,12190.821957594208
00bbac68_6388,12190.83509821106
00bbac68_6389,12190.842719856666
00bbac68_6390,12190.845304812856
00bbac68_6391,12190.851765567322
00bbac68_6392,12190.83965145172
00bbac68_6393,12190.845557217468
00bbac68_6394,12190.860465247037
00bbac68_6395,12190.865423060368
00bbac68_6396,12190.87418170366
00bbac68_6397,12190.875140522276
00bbac68_6398,12190.880312201578
00bbac68_6399,12190.880544351525
00bbac68_6400,12190.884193907532
00bbac68_6401,12190.885441791648
00bbac68_6402,12190.893553476397
00bbac68_6403,12190.895274837494
00bbac68_6404,12190.900009221075
00bbac68_6405,12190.905284863224
00bbac68_6406,12190.915623454764
00bbac68_6407,12190.90005573198
00bbac68_6408,12190.8967793318
00bbac68_6409,12190.905106383085
00bbac68_6410,12190.914705112307
00bbac68_6411,12190.923261937643
00bbac68_6412,12190.925631695734
00bbac68_6413,12190.92195969699
00bbac68_6414,12190.930841968053
00bbac68_6415,12190.920529149227
00bbac68_6416,12190.92562108674
00bbac68_6417,12190.92971482245
00bbac68_6418,12190.925126341068
00bbac68_6419,12190.92389374506
00bbac68_6420,12190.93414858537
00bbac68_6421,12190.936721813634
00bbac68_6422,12190.931091125396
00bbac68_6423,12190.941818788377
00bbac68_6424,12190.942367760565
00bbac68_6425,12190.941818788378
00bbac68_6426,12190.951113586169
00bbac68_6427,12190.951720719551
00bbac68_6428,12190.952812295523
00bbac68_6429,12190.962789655076
00bbac68_6430,12190.953300662422
00bbac68_6431,12190.952311512252
00bbac68_6432,12190.96181926641
00bbac68_6433,12190.962361847904
00bbac68_6434,12190.971224617797
00bbac68_6435,12190.972334628834
00bbac68_6436,12190.970946601206
00bbac68_6437,12190.969291707552
00bbac68_6438,12190.96606955472
00bbac68_6439,12190.970412093448
00bbac68_6440,12190.982120761324
00bbac68_6441,12190.980191328374
00bbac68_6442,12190.986576840209
00bbac68_6443,12190.986097202593
00bbac68_6444,12190.989193872863
00bbac68_6445,12190.990455310855
00bbac68_6446,12190.99260352582
00bbac68_6447,12191.00186664128
00bbac68_6448,12191.0029684586
00bbac68_6449,12191.010314684869
00bbac68_6450,12191.004885245848
00bbac68_6451,12191.011004021637
00bbac68_6452,12191.015410202914
00bbac68_6453,12191.01519868442
00bbac68_6454,12191.015126313414
00bbac68_6455,12191.019889523348
00bbac68_6456,12191.03545735348
00bbac68_6457,12191.025078458397
00bbac68_6458,12191.035640064552
00bbac68_6459,12191.045552979624
00bbac68_6460,12191.031313534544
00bbac68_6461,12191.044314799645
00bbac68_6462,12191.044851426264
00bbac68_6463,12191.055423590187
00bbac68_6464,12191.05262272506
00bbac68_6465,12191.063044391976
00bbac68_6466,12191.061231536552
00bbac68_6467,12191.065645354289
00bbac68_6468,12191.063044391976
00bbac68_6469,12191.071665909809
00bbac68_6470,12191.073304923057
00bbac68_6471,12191.082492256104
00bbac68_6472,12191.085871297377
00bbac68_6473,12191.095226398456
00bbac68_6474,12191.090824857403
00bbac68_6475,12191.089659188236
00bbac68_6476,12191.09256104796
00bbac68_6477,12191.102573336591
00bbac68_6478,12191.101686992057
00bbac68_6479,12191.11439909943
00bbac68_6480,12191.113560542222
00bbac68_6481,12191.122885549765
00bbac68_6482,12191.115241523335
00bbac68_6483,12191.125251674055
00bbac68_6484,12191.118570725195
00bbac68_6485,12191.132610237037
00bbac68_6486,12191.1308910525
00bbac68_6487,12191.141387008973
00bbac68_6488,12191.152128217303
00bbac68_6489,12191.151169450715
00bbac68_6490,12191.155819169326
00bbac68_6491,12191.15598940809
00bbac68_6492,12191.163703810324
00bbac68_6493,12191.16296377176
00bbac68_6494,12191.175172414474
00bbac68_6495,12191.183984757943
00bbac68_6496,12191.180602383132
00bbac68_6497,12191.183399587297
00bbac68_6498,12191.181180564834
00bbac68_6499,12191.19206597398
00bbac68_6500,12191.192052815086
00bbac68_6501,12191.200633785877
00bbac68_6502,12191.211597821855
00bbac68_6503,12191.215497095838
00bbac68_6504,12191.225819458368
00bbac68_6505,12191.211907184212
00bbac68_6506,12191.225207766156
00bbac68_6507,12191.23511839128
00bbac68_6508,12191.234589561334
00bbac68_6509,12191.245130246796
00bbac68_6510,12191.253358356338
00bbac68_6511,12191.254810356844
00bbac68_6512,12191.255387231791
00bbac68_6513,12191.255636237798
00bbac68_6514,12191.259419017531
00bbac68_6515,12191.2755975902
00bbac68_6516,12191.27577771633
00bbac68_6517,12191.285311667289
00bbac68_6518,12191.29542519094
00bbac68_6519,12191.29340835601
00bbac68_6520,12191.29577034238
00bbac68_6521,12191.305415568357
00bbac68_6522,12191.30588242206
00bbac68_6523,12191.313105242092
00bbac68_6524,12191.324889260864
00bbac68_6525,12191.32885001212
00bbac68_6526,12191.324671345115
00bbac68_6527,12191.33534335818
00bbac68_6528,12191.342814484797
00bbac68_6529,12191.345232737016
00bbac68_6530,12191.356033335058
00bbac68_6531,12191.36592933061
00bbac68_6532,12191.376018604436
00bbac68_6533,12191.375968853336
00bbac68_6534,12191.385848688542
00bbac68_6535,12191.38495856916
00bbac68_6536,12191.384958569151
00bbac68_6537,12191.396057986043
00bbac68_6538,12191.405720062208
00bbac68_6539,12191.415791937265
00bbac68_6540,12191.425735018276
00bbac68_6541,12191.421375293616
00bbac68_6542,12191.421586367802
00bbac68_6543,12191.43574240028
00bbac68_6544,12191.44604600416
00bbac68_6545,12191.44596184866
00bbac68_6546,12191.455437777831
00bbac68_6547,12191.461633026627
00bbac68_6548,12191.470906527413
00bbac68_6549,12191.481656411685
00bbac68_6550,12191.475224465468
00bbac68_6551,12191.485234677915
00bbac68_6552,12191.493579964292
00bbac68_6553,12191.50272636082
00bbac68_6554,12191.51599161067
00bbac68_6555,12191.526017498889
00bbac68_6556,12191.523941813151
00bbac68_6557,12191.524323511012
00bbac68_6558,12191.53346743243
00bbac68_6559,12191.545453520754
00bbac68_6560,12191.55342161156
00bbac68_6561,12191.56606522243
00bbac68_6562,12191.563877533215
00bbac68_6563,12191.57645760986
00bbac68_6564,12191.580670779987
00bbac68_6565,12191.581948394609
00bbac68_6566,12191.589646825174
00bbac68_6567,12191.5992044011
00bbac68_6568,12191.609849810826
00bbac68_6569,12191.622092626769
00bbac68_6570,12191.634828216283
00bbac68_6571,12191.646030438476
00bbac68_6572,12191.64574891837
00bbac68_6573,12191.65494095976
00bbac68_6574,12191.66399091329
00bbac68_6575,12191.663588885996
00bbac68_6576,12191.675120775371
00bbac68_6577,12191.684935220428
00bbac68_6578,12191.69602597049
00bbac68_6579,12191.7058899465
00bbac68_6580,12191.699505985436
00bbac68_6581,12191.7096881914
00bbac68_6582,12191.726023662508
00bbac68_6583,12191.73176214605
00bbac68_6584,12191.741083390289
00bbac68_6585,12191.755971157709
00bbac68_6586,12191.76599033574
00bbac68_6587,12191.765438738275
00bbac68_6588,12191.774908594916
00bbac68_6589,12191.784628230987
00bbac68_6590,12191.795655487487
00bbac68_6591,12191.80512456174
00bbac68_6592,12191.815671458326
00bbac68_6593,12191.825646874697
00bbac68_6594,12191.836000827248
00bbac68_6595,12191.83605999513
00bbac68_6596,12191.8455514031
00bbac68_6597,12191.851175545524
00bbac68_6598,12191.864527892918
00bbac68_6599,12191.876039192262
00bbac68_6600,12191.895825913329
00bbac68_6601,12191.905740317634
00bbac68_6602,12191.905825597927
00bbac68_6603,12191.915623035804
00bbac68_6604,12191.92581973453
00bbac68_6605,12191.935499310805
00bbac68_6606,12191.944825593186
00bbac68_6607,12191.954843218173
00bbac68_6608,12191.962063364816
00bbac68_6609,12191.975556831838
00bbac68_6610,12191.97509709432
00bbac68_6611,12191.985282008423
00bbac68_6612,12192.004510026483
00bbac68_6613,12192.014556404616
00bbac68_6614,12192.025277234196
00bbac68_6615,12192.034545718949
00bbac68_6616,12192.045023178713
00bbac68_6617,12192.04538632893
00bbac68_6618,12192.05568795419
00bbac68_6619,12192.075011338446
00bbac68_6620,12192.085299334674
00bbac68_6621,12192.089347709336
00bbac68_6622,12192.105718658371
00bbac68_6623,12192.109681706675
00bbac68_6624,12192.125885321348
00bbac68_6625,12192.13496623701
00bbac68_6626,12192.14483213782
00bbac68_6627,12192.155081377476
00bbac68_6628,12192.164999121347
00bbac68_6629,12192.175161693094
00bbac68_6630,12192.185516022862
00bbac68_6631,12192.20541292099
00bbac68_6632,12192.20125919168
00bbac68_6633,12192.208302750014
00bbac68_6634,12192.221304382225
00bbac68_6635,12192.245712312906
00bbac68_6636,12192.251474886649
00bbac68_6637,12192.258081313368
00bbac68_6638,12192.267913590344
00bbac68_6639,12192.29473252475
00bbac68_6640,12192.295198798474
00bbac68_6641,12192.3059910405
00bbac68_6642,12192.316060606
00bbac68_6643,12192.331024366373
00bbac68_6644,12192.34092884485
00bbac68_6645,12192.346331890998
00bbac68_6646,12192.36164060272
00bbac68_6647,12192.371652296622
00bbac68_6648,12192.376994643637
00bbac68_6649,12192.39558661116
00bbac68_6650,12192.415089538104
00bbac68_6651,12192.425372053734
00bbac68_6652,12192.435942717431
00bbac68_6653,12192.445769508073
00bbac68_6654,12192.465322027298
00bbac68_6655,12192.465918358095
00bbac68_6656,12192.475990910812
00bbac68_6657,12192.495476291238
00bbac68_6658,12192.505297530412
00bbac68_6659,12192.507790028523
00bbac68_6660,12192.528957178552
00bbac68_6661,12192.543225329866
00bbac68_6662,12192.545170676523
00bbac68_6663,12192.564734940925
00bbac68_6664,12192.567472375718
00bbac68_6665,12192.584681755032
00bbac68_6666,12192.595489364276
00bbac68_6667,12192.61529337103
00bbac68_6668,12192.634898343964
00bbac68_6669,12192.643390627743
00bbac68_6670,12192.639397428908
00bbac68_6671,12192.65959523294
00bbac68_6672,12192.673353514543
00bbac68_6673,12192.68704143016
00bbac68_6674,12192.700822425646
00bbac68_6675,12192.72583973286
00bbac68_6676,12192.7347586754
00bbac68_6677,12192.734438671332
00bbac68_6678,12192.750322668617
00bbac68_6679,12192.764596271183
00bbac68_6680,12192.784913419491
00bbac68_6681,12192.78950261686
00bbac68_6682,12192.807360168292
00bbac68_6683,12192.82069883737
00bbac68_6684,12192.834841359376
00bbac68_6685,12192.84465253922
00bbac68_6686,12192.855734504845
00bbac68_6687,12192.875764328885
00bbac68_6688,12192.884708108752
00bbac68_6689,12192.904731166798
00bbac68_6690,12192.915589531349
00bbac68_6691,12192.945812718965
00bbac68_6692,12192.96556631491
00bbac68_6693,12192.995629821458
00bbac68_6694,12193.025674443064
00bbac68_6695,12193.0556781357
00bbac68_6696,12193.075705919891
00bbac68_6697,12193.105968861311
00bbac68_6698,12193.125410533214
00bbac68_6699,12193.160768591832
00bbac68_6700,12193.1914738708
00bbac68_6701,12193.210815744858
00bbac68_6702,12193.25461446176
00bbac68_6703,12193.275544957356
00bbac68_6704,12193.305250978558
00bbac68_6705,12193.33604936537
00bbac68_6706,12193.366039965473
00bbac68_6707,12193.385657648754
00bbac68_6708,12193.425898664373
00bbac68_6709,12193.455413888973
00bbac68_6710,12193.47605156277
00bbac68_6711,12193.51586492918
00bbac68_6712,12193.536008449444
00bbac68_6713,12193.56551508882
00bbac68_6714,12193.602024285989
00bbac68_6715,12193.617464231542
00bbac68_6716,12193.658362754377
00bbac68_6717,12193.695036525552
00bbac68_6718,12193.716065615532
00bbac68_6719,12193.75601378308
00bbac68_6720,12193.785787566869
00bbac68_6721,12193.806030753478
00bbac68_6722,12193.845571946267
00bbac68_6723,12193.875814919158
00bbac68_6724,12193.892188598818
00bbac68_6725,12193.932794942188
00bbac68_6726,12193.965984046616
00bbac68_6727,12193.992496947216
00bbac68_6728,12194.02048725476
00bbac68_6729,12194.055989402592
00bbac68_6730,12194.085516025829
00bbac68_6731,12194.11325420197
00bbac68_6732,12194.13957187225
00bbac68_6733,12194.178903262662
00bbac68_6734,12194.209116700038
00bbac68_6735,12194.236044179148
00bbac68_6736,12194.276060731569
00bbac68_6737,12194.305860197052
00bbac68_6738,12194.334389055792
00bbac68_6739,12194.375794524953
00bbac68_6740,12194.396001384986
00bbac68_6741,12194.422051204992
00bbac68_6742,12194.458367490137
00bbac68_6743,12194.486010182509
00bbac68_6744,12194.519085640664
00bbac68_6745,12194.562633724425
00bbac68_6746,12194.57907675638
00bbac68_6747,12194.616587459255
00bbac68_6748,12194.64852765
00bbac68_6749,12194.675977829813
00bbac68_6750,12194.71594727419
00bbac68_6751,12194.746017938502
00bbac68_6752,12194.783518299875
00bbac68_6753,12194.806075538489
00bbac68_6754,12194.83565232836
00bbac68_6755,12194.866260978784
00bbac68_6756,12194.906353273564
00bbac68_6757,12194.938117297448
00bbac68_6758,12194.968921770023
00bbac68_6759,12195.006207525252
00bbac68_6760,12195.036106385918
00bbac68_6761,12195.085475987276
00bbac68_6762,12195.112630628882
00bbac68_6763,12195.139344311006
00bbac68_6764,12195.17952805441
00bbac68_6765,12195.21073925305
00bbac68_6766,12195.23902755178
00bbac68_6767,12195.279553212353
00bbac68_6768,12195.309795265444
00bbac68_6769,12195.336407436782
00bbac68_6770,12195.381300100582
00bbac68_6771,12195.41275661328
00bbac68_6772,12195.446027025222
00bbac68_6773,12195.483710132934
00bbac68_6774,12195.515278253886
00bbac68_6775,12195.552781268249
00bbac68_6776,12195.579742937363
00bbac68_6777,12195.610091890174
00bbac68_6778,12195.653319520608
00bbac68_6779,12195.682953190648
00bbac68_6780,12195.713196971165
00bbac68_6781,12195.75008677837
00bbac68_6782,12195.780123249811
00bbac68_6783,12195.815416534955
00bbac68_6784,12195.85593521509
00bbac68_6785,12195.885639593598
00bbac68_6786,12195.914691246542
00bbac68_6787,12195.964727136929
00bbac68_6788,12195.994725529506
00bbac68_6789,12196.026010466312
00bbac68_6790,12196.065698355573
00bbac68_6791,12196.09539425574
00bbac68_6792,12196.135115791629
00bbac68_6793,12196.164282793698
00bbac68_6794,12196.2041060569
00bbac68_6795,12196.245376223002
00bbac68_6796,12196.275325970106
00bbac68_6797,12196.30415318452
00bbac68_6798,12196.343767956496
00bbac68_6799,12196.375373814182
00bbac68_6800,12196.413834467732
00bbac68_6801,12196.456042255735
00bbac68_6802,12196.482391079888
00bbac68_6803,12196.512720984663
00bbac68_6804,12196.555904743416
00bbac68_6805,12196.585746024306
00bbac68_6806,12196.625743681028
00bbac68_6807,12196.665687494393
00bbac68_6808,12196.695058774543
00bbac68_6809,12196.73373705318
00bbac68_6810,12196.760705271288
00bbac68_6811,12196.790967975116
00bbac68_6812,12196.833459005791
00bbac68_6813,12196.875229914796
00bbac68_6814,12196.905028845802
00bbac68_6815,12196.94158136505
00bbac68_6816,12196.974256769436
00bbac68_6817,12197.004446206318
00bbac68_6818,12197.044542245323
00bbac68_6819,12197.08401466808
00bbac68_6820,12197.117261508349
00bbac68_6821,12197.147032694416
00bbac68_6822,12197.182031938137
00bbac68_6823,12197.225443636353
00bbac68_6824,12197.25494485704
00bbac68_6825,12197.2952554718
00bbac68_6826,12197.335513347038
00bbac68_6827,12197.36215288462
00bbac68_6828,12197.39446508848
00bbac68_6829,12197.436064461705
00bbac68_6830,12197.465943599906
00bbac68_6831,12197.505708240673
00bbac68_6832,12197.54606469946
00bbac68_6833,12197.569998265177
00bbac68_6834,12197.61311356888
00bbac68_6835,12197.638400577016
00bbac68_6836,12197.66818796686
00bbac68_6837,12197.72051483488
00bbac68_6838,12197.754490868538
00bbac68_6839,12197.784010200348
00bbac68_6840,12197.825974298754
00bbac68_6841,12197.854013655997
00bbac68_6842,12197.875426047623
00bbac68_6843,12197.922479110104
00bbac68_6844,12197.963181312442
00bbac68_6845,12197.985728394324
00bbac68_6846,12198.03300433943
00bbac68_6847,12198.055146121183
00bbac68_6848,12198.092317192186
00bbac68_6849,12198.13394086964
00bbac68_6850,12198.171992948575
00bbac68_6851,12198.21562435054
00bbac68_6852,12198.242734552505
00bbac68_6853,12198.265058523952
00bbac68_6854,12198.314027654553
00bbac68_6855,12198.33887915941
00bbac68_6856,12198.378481758538
00bbac68_6857,12198.426033183458
00bbac68_6858,12198.45412093143
00bbac68_6859,12198.478360042647
00bbac68_6860,12198.52067713132
00bbac68_6861,12198.54657650976
00bbac68_6862,12198.590187741338
00bbac68_6863,12198.63272674868
00bbac68_6864,12198.662024389972
00bbac68_6865,12198.699770091984
00bbac68_6866,12198.731075917813
00bbac68_6867,12198.762534876296
00bbac68_6868,12198.815407732023
00bbac68_6869,12198.843000160288
00bbac68_6870,12198.870276269956
00bbac68_6871,12198.91066671997
00bbac68_6872,12198.937207878613
00bbac68_6873,12198.969691126493
00bbac68_6874,12199.019369615578
00bbac68_6875,12199.051674502824
00bbac68_6876,12199.076512651827
00bbac68_6877,12199.11267813351
00bbac68_6878,12199.155864697514
00bbac68_6879,12199.194436225212
00bbac68_6880,12199.225339976569
00bbac68_6881,12199.26602799698
00bbac68_6882,12199.301722139027
00bbac68_6883,12199.33011055352
00bbac68_6884,12199.358816550315
00bbac68_6885,12199.392636489743
00bbac68_6886,12199.435346278136
00bbac68_6887,12199.475984720986
00bbac68_6888,12199.50567446814
00bbac68_6889,12199.53889403194
00bbac68_6890,12199.568076273952
00bbac68_6891,12199.59303730965
00bbac68_6892,12199.635516610502
00bbac68_6893,12199.676249988386
00bbac68_6894,12199.714843748076
00bbac68_6895,12199.733231867376
00bbac68_6896,12199.777491628543
00bbac68_6897,12199.80100352797
00bbac68_6898,12199.83733792019
00bbac68_6899,12199.871864881025
00bbac68_6900,12199.906960215996
00bbac68_6901,12199.930495140276
00bbac68_6902,12199.96878303466
00bbac68_6903,12200.02447183116
00bbac68_6904,12200.053873089892
00bbac68_6905,12200.087657062446
00bbac68_6906,12200.11602006928
00bbac68_6907,12200.1377444485
00bbac68_6908,12200.184798408472
00bbac68_6909,12200.21871167515
00bbac68_6910,12200.263133428902
00bbac68_6911,12200.27960520338
00bbac68_6912,12200.313426552702
00bbac68_6913,12200.363536929784
00bbac68_6914,12200.395665510096
00bbac68_6915,12200.414787730222
00bbac68_6916,12200.465256529533
00bbac68_6917,12200.49569549871
00bbac68_6918,12200.50171287245
00bbac68_6919,12200.546218601488
00bbac68_6920,12200.576560109472
00bbac68_6921,12200.602398660289
00bbac68_6922,12200.6648697833
00bbac68_6923,12200.671189499972
00bbac68_6924,12200.718894644364
00bbac68_6925,12200.74074547124
00bbac68_6926,12200.77494563526
00bbac68_6927,12200.819599124936
00bbac68_6928,12200.850548457183
00bbac68_6929,12200.874739182258
00bbac68_6930,12200.889136256588
00bbac68_6931,12200.920335248007
00bbac68_6932,12200.960235911103
00bbac68_6933,12200.999847819645
00bbac68_6934,12201.0194079729
00bbac68_6935,12201.049359607216
00bbac68_6936,12201.100772345728
00bbac68_6937,12201.116242013311
00bbac68_6938,12201.15336809645
00bbac68_6939,12201.180226269587
00bbac68_6940,12201.219832739012
00bbac68_6941,12201.264382661811
00bbac68_6942,12201.2740402264
00bbac68_6943,12201.287028039094
00bbac68_6944,12201.332821340524
00bbac68_6945,12201.357900392344
00bbac68_6946,12201.384941313365
00bbac68_6947,12201.424504134982
00bbac68_6948,12201.475872201385
00bbac68_6949,12201.496004950348
00bbac68_6950,12201.50726862879
00bbac68_6951,12201.541392393594
00bbac68_6952,12201.575056284928
00bbac68_6953,12201.600574213102
00bbac68_6954,12201.652386981928
00bbac68_6955,12201.694219633882
00bbac68_6956,12201.7160582643
00bbac68_6957,12201.723360396434
00bbac68_6958,12201.7661118047
00bbac68_6959,12201.788234064796
00bbac68_6960,12201.812477260904
00bbac68_6961,12201.85431928148
00bbac68_6962,12201.876881833225
00bbac68_6963,12201.900383921644
00bbac68_6964,12201.937460811589
00bbac68_6965,12201.951125643373
00bbac68_6966,12201.997620220454
00bbac68_6967,12202.035799434072
00bbac68_6968,12202.065144402088
00bbac68_6969,12202.089234473364
00bbac68_6970,12202.103689651303
00bbac68_6971,12202.119532182487
00bbac68_6972,12202.163097729892
00bbac68_6973,12202.196266827756
00bbac68_6974,12202.219007692203
00bbac68_6975,12202.25064268928
00bbac68_6976,12202.276721524944
00bbac68_6977,12202.30668251742
00bbac68_6978,12202.350339034503
00bbac68_6979,12202.36724818882
00bbac68_6980,12202.404251980244
00bbac68_6981,12202.435085014566
00bbac68_6982,12202.45538690182
00bbac68_6983,12202.491126653063
00bbac68_6984,12202.50858158009
00bbac68_6985,12202.5458421701
00bbac68_6986,12202.573707520798
00bbac68_6987,12202.595503103585
00bbac68_6988,12202.626040228231
00bbac68_6989,12202.653070568407
00bbac68_6990,12202.67543145756
00bbac68_6991,12202.705842991643
00bbac68_6992,12202.733628641932
00bbac68_6993,12202.753017410829
00bbac68_6994,12202.784460940473
00bbac68_6995,12202.815686389942
00bbac68_6996,12202.835575246576
00bbac68_6997,12202.875918132491
00bbac68_6998,12202.895887297627
00bbac68_6999,12202.913779402666
00bbac68_7000,12202.9537871777
00bbac68_7001,12202.975848173655
00bbac68_7002,12202.993094340294
00bbac68_7003,12203.03466392149
00bbac68_7004,12203.054833045808
00bbac68_7005,12203.075364851798
00bbac68_7006,12203.10345443525
00bbac68_7007,12203.13057129392
00bbac68_7008,12203.154148608528
00bbac68_7009,12203.183408344124
00bbac68_7010,12203.210575430074
00bbac68_7011,12203.24323610951
00bbac68_7012,12203.263207255794
00bbac68_7013,12203.282804756183
00bbac68_7014,12203.325872962623
00bbac68_7015,12203.342934835951
00bbac68_7016,12203.36261643322
00bbac68_7017,12203.395463989978
00bbac68_7018,12203.415669193872
00bbac68_7019,12203.4336166625
00bbac68_7020,12203.46157712075
00bbac68_7021,12203.490066232916
00bbac68_7022,12203.516057408417
00bbac68_7023,12203.544273762533
00bbac68_7024,12203.575418012124
00bbac68_7025,12203.595366392896
00bbac68_7026,12203.626037990942
00bbac68_7027,12203.645723315887
00bbac68_7028,12203.659204561338
00bbac68_7029,12203.693558501178
00bbac68_7030,12203.70194587622
00bbac68_7031,12203.75366470766
00bbac68_7032,12203.760691309786
00bbac68_7033,12203.781550150452
00bbac68_7034,12203.798557999997
00bbac68_7035,12203.830015593816
00bbac68_7036,12203.87118457264
00bbac68_7037,12203.886715158742
00bbac68_7038,12203.926007593738
00bbac68_7039,12203.94333737083
00bbac68_7040,12203.976001772467
00bbac68_7041,12203.978552755983
00bbac68_7042,12203.995693892592
00bbac68_7043,12204.01648011995
00bbac68_7044,12204.047704075138
00bbac68_7045,12204.097213916712
00bbac68_7046,12204.122854211037
00bbac68_7047,12204.13720902573
00bbac68_7048,12204.162227316225
00bbac68_7049,12204.196044736587
00bbac68_7050,12204.21159842904
00bbac68_7051,12204.235964788635
00bbac68_7052,12204.2642207291
00bbac68_7053,12204.28025965584
00bbac68_7054,12204.300903024909
00bbac68_7055,12204.31374063186
00bbac68_7056,12204.344364304505
00bbac68_7057,12204.36453341486
00bbac68_7058,12204.373654446088
00bbac68_7059,12204.413327630858
00bbac68_7060,12204.423028206847
00bbac68_7061,12204.454941552056
00bbac68_7062,12204.498205150272
00bbac68_7063,12204.499325592751
00bbac68_7064,12204.528805828157
00bbac68_7065,12204.550488675482
00bbac68_7066,12204.57382359668
00bbac68_7067,12204.613732229407
00bbac68_7068,12204.639550498328
00bbac68_7069,12204.6391299228
00bbac68_7070,12204.651291357011
00bbac68_7071,12204.681123740673
00bbac68_7072,12204.712446627433
00bbac68_7073,12204.744030917249
00bbac68_7074,12204.758507638888
00bbac68_7075,12204.77793879439
00bbac68_7076,12204.803541043791
00bbac68_7077,12204.82248331414
00bbac68_7078,12204.844858639271
00bbac68_7079,12204.87476952934
00bbac68_7080,12204.881052500035
00bbac68_7081,12204.905738083597
00bbac68_7082,12204.9311165517
00bbac68_7083,12204.959560441635
00bbac68_7084,12204.98606525531
00bbac68_7085,12205.020669815614
00bbac68_7086,12205.051554058728
00bbac68_7087,12205.078428995712
00bbac68_7088,12205.096765318796
00bbac68_7089,12205.104497323884
00bbac68_7090,12205.136367903162
00bbac68_7091,12205.167591567177
00bbac68_7092,12205.189434838234
00bbac68_7093,12205.2019213881
00bbac68_7094,12205.242879628637
00bbac68_7095,12205.26579075344
00bbac68_7096,12205.29576101042
00bbac68_7097,12205.30546892704
00bbac68_7098,12205.329966266432
00bbac68_7099,12205.34058298635
00bbac68_7100,12205.362299253216
00bbac68_7101,12205.393692811596
00bbac68_7102,12205.428592521735
00bbac68_7103,12205.44741345415
00bbac68_7104,12205.484494034448
00bbac68_7105,12205.505528247684
00bbac68_7106,12205.525210770704
00bbac68_7107,12205.55490463196
00bbac68_7108,12205.574979498844
00bbac68_7109,12205.595973191088
00bbac68_7110,12205.62503399164
00bbac68_7111,12205.645003911872
00bbac68_7112,12205.665923607066
00bbac68_7113,12205.695393642309
00bbac68_7114,12205.71494818293
00bbac68_7115,12205.705724590953
00bbac68_7116,12205.76463272927
00bbac68_7117,12205.785595537573
00bbac68_7118,12205.813787503415
00bbac68_7119,12205.832427502177
00bbac68_7120,12205.853434842602
00bbac68_7121,12205.893352761796
00bbac68_7122,12205.915400848182
00bbac68_7123,12205.93525113075
00bbac68_7124,12205.965955883572
00bbac68_7125,12205.985878551111
00bbac68_7126,12206.004508778242
00bbac68_7127,12206.035816955478
00bbac68_7128,12206.05580298012
00bbac68_7129,12206.074973369516
00bbac68_7130,12206.104227338315
00bbac68_7131,12206.119923338088
00bbac68_7132,12206.142124364012
00bbac68_7133,12206.181621946063
00bbac68_7134,12206.203121292936
00bbac68_7135,12206.22865568326
00bbac68_7136,12206.24908602681
00bbac68_7137,12206.276065472206
00bbac68_7138,12206.305867250316
00bbac68_7139,12206.32606234214
00bbac68_7140,12206.345942094298
00bbac68_7141,12206.385906045803
00bbac68_7142,12206.405923690932
00bbac68_7143,12206.426047695131
00bbac68_7144,12206.456040612398
00bbac68_7145,12206.469986052503
00bbac68_7146,12206.491825333273
00bbac68_7147,12206.522547247074
00bbac68_7148,12206.55241259047
00bbac68_7149,12206.579684369828
00bbac68_7150,12206.606045054772
00bbac68_7151,12206.623145310772
00bbac68_7152,12206.64974878568
00bbac68_7153,12206.675959437742
00bbac68_7154,12206.70592719108
00bbac68_7155,12206.732250782605
00bbac68_7156,12206.755069847044
00bbac68_7157,12206.776026409654
00bbac68_7158,12206.79876208739
00bbac68_7159,12206.800932778311
00bbac68_7160,12206.816102348655
00bbac68_7161,12206.846656645988
00bbac68_7162,12206.866235201876
00bbac68_7163,12206.896737060237
00bbac68_7164,12206.926314844235
00bbac68_7165,12206.946606480667
00bbac68_7166,12206.976473623448
00bbac68_7167,12206.997646956606
00bbac68_7168,12207.016231823454
00bbac68_7169,12207.056066378038
00bbac68_7170,12207.07733037172
00bbac68_7171,12207.097030311032
00bbac68_7172,12207.127045339046
00bbac68_7173,12207.15613265026
00bbac68_7174,12207.18016722708
00bbac68_7175,12207.209447874957
00bbac68_7176,12207.226151330344
00bbac68_7177,12207.25628417968
00bbac68_7178,12207.286617904429
00bbac68_7179,12207.306589557908
00bbac68_7180,12207.346085288738
00bbac68_7181,12207.36879811656
00bbac68_7182,12207.425955657784
00bbac68_7183,12207.455071846152
00bbac68_7184,12207.485837962411
00bbac68_7185,12207.49876903976
00bbac68_7186,12207.535693274009
00bbac68_7187,12207.565714469063
00bbac68_7188,12207.58575625771
00bbac68_7189,12207.615839929877
00bbac68_7190,12207.629766077183
00bbac68_7191,12207.627164401803
00bbac68_7192,12207.695986963638
00bbac68_7193,12207.723341817074
00bbac68_7194,12207.734528060771
00bbac68_7195,12207.73637642464
00bbac68_7196,12207.80602704485
00bbac68_7197,12207.829360624466
00bbac68_7198,12207.848944861433
00bbac68_7199,12207.88604592214
00bbac68_7200,12207.912929562266
00bbac68_7201,12207.929407686788
00bbac68_7202,12207.952229405002
00bbac68_7203,12207.99605044407
00bbac68_7204,12208.0248383275
00bbac68_7205,12208.03381430525
00bbac68_7206,12208.037198511642
00bbac68_7207,12208.10287766278
00bbac68_7208,12208.09674302933
00bbac68_7209,12208.126087758705
00bbac68_7210,12208.14659208998
00bbac68_7211,12208.186293397668
00bbac68_7212,12208.217154196149
00bbac68_7213,12208.22644872953
00bbac68_7214,12208.29122523125
00bbac68_7215,12208.313405858698
00bbac68_7216,12208.328721367723
00bbac68_7217,12208.346917692032
00bbac68_7218,12208.376270375473
00bbac68_7219,12208.396115694257
00bbac68_7220,12208.436605683888
00bbac68_7221,12208.456651492848
00bbac68_7222,12208.48651541412
00bbac68_7223,12208.51636937187
00bbac68_7224,12208.536846048792
00bbac68_7225,12208.576080693529
00bbac68_7226,12208.596160800356
00bbac68_7227,12208.626171616295
00bbac68_7228,12208.65615921794
00bbac68_7229,12208.688217304649
00bbac68_7230,12208.73234908143
00bbac68_7231,12208.75968473428
00bbac68_7232,12208.778013806672
00bbac68_7233,12208.796179825558
00bbac68_7234,12208.836072985718
00bbac68_7235,12208.858677853295
00bbac68_7236,12208.8938736966
00bbac68_7237,12208.929779573436
00bbac68_7238,12208.95119171084
00bbac68_7239,12208.991607915195
00bbac68_7240,12209.030410017567
00bbac68_7241,12209.075479319888
00bbac68_7242,12209.105940544936
00bbac68_7243,12209.136041950327
00bbac68_7244,12209.155054599814
00bbac68_7245,12209.167080218209
00bbac68_7246,12209.18080299504
00bbac68_7247,12209.206519833906
00bbac68_7248,12209.247416541515
00bbac68_7249,12209.269027360788
00bbac68_7250,12209.305269303792
00bbac68_7251,12209.33457208526
00bbac68_7252,12209.3599033424
00bbac68_7253,12209.398518429509
00bbac68_7254,12209.455291326984
00bbac68_7255,12209.485205142684
00bbac68_7256,12209.522013764334
00bbac68_7257,12209.54576922782
00bbac68_7258,12209.575062945598
00bbac68_7259,12209.601697794158
00bbac68_7260,12209.596919694704
00bbac68_7261,12209.626151370509
00bbac68_7262,12209.70525353736
00bbac68_7263,12209.721956088906
00bbac68_7264,12209.754668236816
00bbac68_7265,12209.794966888365
00bbac68_7266,12209.8160580614
00bbac68_7267,12209.856016391144
00bbac68_7268,12209.885462617882
00bbac68_7269,12209.90470005838
00bbac68_7270,12209.94392501954
00bbac68_7271,12209.97280797982
00bbac68_7272,12209.994257873082
00bbac68_7273,12210.011020468011
00bbac68_7274,12210.064627660868
00bbac68_7275,12210.09573949176
00bbac68_7276,12210.123850289148
00bbac68_7277,12210.11731113491
00bbac68_7278,12210.149494430048
00bbac68_7279,12210.20641288724
00bbac68_7280,12210.24458201914
00bbac68_7281,12210.275992867157
00bbac68_7282,12210.30312538586
00bbac68_7283,12210.33604592379
00bbac68_7284,12210.374490942932
00bbac68_7285,12210.39472701487
00bbac68_7286,12210.421410878504
00bbac68_7287,12210.464779029277
00bbac68_7288,12210.462932572094
00bbac68_7289,12210.47694842439
00bbac68_7290,12210.516096604902
00bbac68_7291,12210.552335835431
00bbac68_7292,12210.60379198506
00bbac68_7293,12210.632572281853
00bbac68_7294,12210.648158953063
00bbac68_7295,12210.65029534903
00bbac68_7296,12210.715787443383
00bbac68_7297,12210.74556003355
00bbac68_7298,12210.75319296765
00bbac68_7299,12210.75704113819
00bbac68_7300,12210.787279966213
00bbac68_7301,12210.79876010687
00bbac68_7302,12210.81924550368
00bbac68_7303,12210.846156804686
00bbac68_7304,12210.87665633367
00bbac68_7305,12210.9001004963
00bbac68_7306,12210.898784272084
00bbac68_7307,12210.91631097265
00bbac68_7308,12210.9362932915
00bbac68_7309,12210.959751282882
00bbac68_7310,12210.981164271514
00bbac68_7311,12210.988483289972
00bbac68_7312,12211.019166208587
00bbac68_7313,12211.038571309113
00bbac68_7314,12211.048640868848
00bbac68_7315,12211.068336606742
00bbac68_7316,12211.117599594894
00bbac68_7317,12211.139129992407
00bbac68_7318,12211.147714289818
00bbac68_7319,12211.18073989268
00bbac68_7320,12211.20179765069
00bbac68_7321,12211.205768340023
00bbac68_7322,12211.206173815895
00bbac68_7323,12211.228715201914
00bbac68_7324,12211.238555524147
00bbac68_7325,12211.2578045211
00bbac68_7326,12211.28627042402
00bbac68_7327,12211.298128302073
00bbac68_7328,12211.331332894624
00bbac68_7329,12211.37094013783
00bbac68_7330,12211.389893953508
00bbac68_7331,12211.414766395834
00bbac68_7332,12211.434839571142
00bbac68_7333,12211.444208363691
00bbac68_7334,12211.433943801978
00bbac68_7335,12211.456111395057
00bbac68_7336,12211.479027486665
00bbac68_7337,12211.488085122652
00bbac68_7338,12211.506243228412
00bbac68_7339,12211.527162601336
00bbac68_7340,12211.548971988384
00bbac68_7341,12211.56883478918
00bbac68_7342,12211.59047994101
00bbac68_7343,12211.600623190823
00bbac68_7344,12211.630593122887
00bbac68_7345,12211.649388444524
00bbac68_7346,12211.66909255713
00bbac68_7347,12211.679335228844
00bbac68_7348,12211.69787193605
00bbac68_7349,12211.726485296207
00bbac68_7350,12211.749908058848
00bbac68_7351,12211.786659639163
00bbac68_7352,12211.804777298368
00bbac68_7353,12211.828435595016
00bbac68_7354,12211.84913831952
00bbac68_7355,12211.852007239751
00bbac68_7356,12211.882135236292
00bbac68_7357,12211.903240451637
00bbac68_7358,12211.896967646728
00bbac68_7359,12211.922007244966
00bbac68_7360,12211.95521822148
00bbac68_7361,12211.973942045675
00bbac68_7362,12212.007575257488
00bbac68_7363,12212.007834069069
00bbac68_7364,12212.03464742645
00bbac68_7365,12212.041903128422
00bbac68_7366,12212.040145276316
00bbac68_7367,12212.06671714536
00bbac68_7368,12212.086085192714
00bbac68_7369,12212.107803139344
00bbac68_7370,12212.11838941589
00bbac68_7371,12212.17626277638
00bbac68_7372,12212.190511586878
00bbac68_7373,12212.180547700851
00bbac68_7374,12212.196529751023
00bbac68_7375,12212.21667099182
00bbac68_7376,12212.24691691579
00bbac68_7377,12212.256501409249
00bbac68_7378,12212.279844124369
00bbac68_7379,12212.300178615722
00bbac68_7380,12212.330048191432
00bbac68_7381,12212.336216228268
00bbac68_7382,12212.375760473957
00bbac68_7383,12212.39921531802
00bbac68_7384,12212.423754902302
00bbac68_7385,12212.4421353645
00bbac68_7386,12212.463813934184
00bbac68_7387,12212.474266832438
00bbac68_7388,12212.503476933598
00bbac68_7389,12212.524655968577
00bbac68_7390,12212.537933942152
00bbac68_7391,12212.54575844488
00bbac68_7392,12212.55625478415
00bbac68_7393,12212.576113211646
00bbac68_7394,12212.632291852176
00bbac68_7395,12212.632465062296
00bbac68_7396,12212.660036454125
00bbac68_7397,12212.671211222823
00bbac68_7398,12212.71888959619
00bbac68_7399,12212.73085937978
00bbac68_7400,12212.739261298171
00bbac68_7401,12212.744233815502
00bbac68_7402,12212.756145396714
00bbac68_7403,12212.78607961187
00bbac68_7404,12212.80798564377
00bbac68_7405,12212.85776589299
00bbac68_7406,12212.870292152147
00bbac68_7407,12212.895031737697
00bbac68_7408,12212.910439385803
00bbac68_7409,12212.944740495568
00bbac68_7410,12212.95270936926
00bbac68_7411,12212.977395018685
00bbac68_7412,12213.009110657142
00bbac68_7413,12213.019777855252
00bbac68_7414,12213.03196901029
00bbac68_7415,12213.061424033072
00bbac68_7416,12213.09434463342
00bbac68_7417,12213.104998210018
00bbac68_7418,12213.12452385442
00bbac68_7419,12213.145720416953
00bbac68_7420,12213.151645657475
00bbac68_7421,12213.176319428332
00bbac68_7422,12213.203249818387
00bbac68_7423,12213.227461920796
00bbac68_7424,12213.242887010796
00bbac68_7425,12213.25424676465
00bbac68_7426,12213.288967375827
00bbac68_7427,12213.31418824966
00bbac68_7428,12213.333902270617
00bbac68_7429,12213.343912640285
00bbac68_7430,12213.36040975435
00bbac68_7431,12213.38357619959
00bbac68_7432,12213.402608184311
00bbac68_7433,12213.415096831504
00bbac68_7434,12213.453034446988
00bbac68_7435,12213.481494348329
00bbac68_7436,12213.504128847606
00bbac68_7437,12213.524271785063
00bbac68_7438,12213.538456340331
00bbac68_7439,12213.570729370073
00bbac68_7440,12213.603343679142
00bbac68_7441,12213.614408018388
00bbac68_7442,12213.633421678678
00bbac68_7443,12213.66595596528
00bbac68_7444,12213.672852782996
00bbac68_7445,12213.679495756369
00bbac68_7446,12213.703016197564
00bbac68_7447,12213.729471611823
00bbac68_7448,12213.761107398172
00bbac68_7449,12213.776660570777
00bbac68_7450,12213.7864198185
00bbac68_7451,12213.80710921479
00bbac68_7452,12213.831955792792
00bbac68_7453,12213.85650130164
00bbac68_7454,12213.878743951796
00bbac68_7455,12213.916188523455
00bbac68_7456,12213.955598108256
00bbac68_7457,12213.95012913944
00bbac68_7458,12213.968948604055
00bbac68_7459,12213.991799946649
00bbac68_7460,12214.01331938436
00bbac68_7461,12214.032088034668
00bbac68_7462,12214.06007670913
00bbac68_7463,12214.07904374127
00bbac68_7464,12214.098389254234
00bbac68_7465,12214.12018342219
00bbac68_7466,12214.150957652537
00bbac68_7467,12214.179293762403
00bbac68_7468,12214.197850520071
00bbac68_7469,12214.221036466372
00bbac68_7470,12214.240559997406
00bbac68_7471,12214.272173251771
00bbac68_7472,12214.292410066222
00bbac68_7473,12214.317376036235
00bbac68_7474,12214.343623532965
00bbac68_7475,12214.372196565626
00bbac68_7476,12214.39221067016
00bbac68_7477,12214.413530488006
00bbac68_7478,12214.443045197304
00bbac68_7479,12214.462224896766
00bbac68_7480,12214.492470864876
00bbac68_7481,12214.522504276025
00bbac68_7482,12214.542217247594
00bbac68_7483,12214.563598726802
00bbac68_7484,12214.597814432796
00bbac68_7485,12214.61659586426
00bbac68_7486,12214.637028307096
00bbac68_7487,12214.666438872468
00bbac68_7488,12214.687448422515
00bbac68_7489,12214.752168419063
00bbac68_7490,12214.784550189484
00bbac68_7491,12214.768263036618
00bbac68_7492,12214.798123906588
00bbac68_7493,12214.826280541702
00bbac68_7494,12214.882803530303
00bbac68_7495,12214.913465265843
00bbac68_7496,12214.90386123186
00bbac68_7497,12214.930848375065
00bbac68_7498,12214.966026848746
00bbac68_7499,12214.994121351256
00bbac68_7500,12215.006406190369
00bbac68_7501,12215.043585338157
00bbac68_7502,12215.073323792489
00bbac68_7503,12215.09848617712
00bbac68_7504,12215.11811834303
00bbac68_7505,12215.153856934325
00bbac68_7506,12215.173873437983
00bbac68_7507,12215.208925431009
00bbac68_7508,12215.245278723703
00bbac68_7509,12215.264093020887
00bbac68_7510,12215.32399825021
00bbac68_7511,12215.32615345101
00bbac68_7512,12215.346076542966
00bbac68_7513,12215.383535696968
00bbac68_7514,12215.40406149212
00bbac68_7515,12215.433365286812
00bbac68_7516,12215.473310172998
00bbac68_7517,12215.502372563104
00bbac68_7518,12215.523489108038
00bbac68_7519,12215.553256806024
00bbac68_7520,12215.594697241835
00bbac68_7521,12215.613254008817
00bbac68_7522,12215.643301357792
00bbac68_7523,12215.674361738242
00bbac68_7524,12215.704563416451
00bbac68_7525,12215.73436162599
00bbac68_7526,12215.763632942617
00bbac68_7527,12215.790975277529
00bbac68_7528,12215.823171823831
00bbac68_7529,12215.864361126572
00bbac68_7530,12215.894956488308
00bbac68_7531,12215.913516896664
00bbac68_7532,12215.94356270441
00bbac68_7533,12215.972987149333
00bbac68_7534,12216.01277978586
00bbac68_7535,12216.04141796691
00bbac68_7536,12216.073058407816
00bbac68_7537,12216.103707883723
00bbac68_7538,12216.140479091408
00bbac68_7539,12216.16773466286
00bbac68_7540,12216.19650123831
00bbac68_7541,12216.226449457605
00bbac68_7542,12216.258884472736
00bbac68_7543,12216.30169683829
00bbac68_7544,12216.3304386951
00bbac68_7545,12216.358780160876
00bbac68_7546,12216.38939356954
00bbac68_7547,12216.419423777785
00bbac68_7548,12216.45948084119
00bbac68_7549,12216.491896062898
00bbac68_7550,12216.521738350317
00bbac68_7551,12216.54608344823
00bbac68_7552,12216.589774275477
00bbac68_7553,12216.61781047824
00bbac68_7554,12216.647031232198
00bbac68_7555,12216.68345150334
00bbac68_7556,12216.731489878212
00bbac68_7557,12216.772332656908
00bbac68_7558,12216.77702587901
00e12e8b_2083,11604.874189838716
00e12e8b_2084,11604.922200309737
00e12e8b_2085,11604.963223135986
00e12e8b_2086,11605.00644153566
00e12e8b_2087,11605.0434522821
00e12e8b_2088,11605.092446973487
00e12e8b_2089,11605.127287107234
00e12e8b_2090,11605.176930849855
00e12e8b_2091,11605.21020760042
00e12e8b_2092,11605.241475059152
00e12e8b_2093,11605.291733388618
00e12e8b_2094,11605.329296866932
00e12e8b_2095,11605.370567326228
00e12e8b_2096,11605.416469358564
00e12e8b_2097,11605.456336972788
00e12e8b_2098,11605.495885424602
00e12e8b_2099,11605.536846322802
00e12e8b_2100,11605.57581147826
00e12e8b_2101,11605.61568459029
00e12e8b_2102,11605.657039409278
00e12e8b_2103,11605.69687226696
00e12e8b_2104,11605.735698874796
00e12e8b_2105,11605.777162259265
00e12e8b_2106,11605.81674423576
00e12e8b_2107,11605.846411714843
00e12e8b_2108,11605.896366063987
00e12e8b_2109,11605.903364587328
00e12e8b_2110,11605.972370779928
00e12e8b_2111,11605.979003110851
00e12e8b_2112,11606.009902705158
00e12e8b_2113,11606.06055076254
00e12e8b_2114,11606.090191253854
00e12e8b_2115,11606.128624709454
00e12e8b_2116,11606.168628162932
00e12e8b_2117,11606.208663630743
00e12e8b_2118,11606.23967986122
00e12e8b_2119,11606.29975216444
00e12e8b_2120,11606.333731007326
00e12e8b_2121,11606.370335201116
00e12e8b_2122,11606.414542755278
00e12e8b_2123,11606.460572405307
00e12e8b_2124,11606.503989334902
00e12e8b_2125,11606.555557918937
00e12e8b_2126,11606.585715359824
00e12e8b_2127,11606.625290319174
00e12e8b_2128,11606.665623575063
00e12e8b_2129,11606.673265794292
00e12e8b_2130,11606.723019349887
00e12e8b_2131,11606.739570024984
00e12e8b_2132,11606.779192257793
00e12e8b_2133,11606.819254573196
00e12e8b_2134,11606.894941838354
00e12e8b_2135,11606.901078602696
00e12e8b_2136,11606.945692689902
00e12e8b_2137,11607.004066948231
00e12e8b_2138,11607.0304356111
00e12e8b_2139,11607.082922444431
00e12e8b_2140,11607.112777200748
00e12e8b_2141,11607.140109545562
00e12e8b_2142,11607.19345458142
00e12e8b_2143,11607.225365190505
00e12e8b_2144,11607.261792294114
00e12e8b_2145,11607.302399365042
00e12e8b_2146,11607.333898783569
00e12e8b_2147,11607.3822327117
00e12e8b_2148,11607.41203930788
00e12e8b_2149,11607.44249632501
00e12e8b_2150,11607.493664593409
00e12e8b_2151,11607.521629186287
00e12e8b_2152,11607.55468612677
00e12e8b_2153,11607.60304342824
00e12e8b_2154,11607.63189302663
00e12e8b_2155,11607.662449513567
00e12e8b_2156,11607.703280235046
00e12e8b_2157,11607.739279786254
00e12e8b_2158,11607.766197881276
00e12e8b_2159,11607.809178262574
00e12e8b_2160,11607.835848150924
00e12e8b_2161,11607.878445158436
00e12e8b_2162,11607.919481929874
00e12e8b_2163,11607.953730213449
00e12e8b_2164,11607.983035441524
00e12e8b_2165,11608.022876816513
00e12e8b_2166,11608.05668235038
00e12e8b_2167,11608.102571948004
00e12e8b_2168,11608.124957905018
00e12e8b_2169,11608.162305776805
00e12e8b_2170,11608.202211953192
00e12e8b_2171,11608.230937663526
00e12e8b_2172,11608.262633442604
00e12e8b_2173,11608.299616443026
00e12e8b_2174,11608.341470843494
00e12e8b_2175,11608.37128118212
00e12e8b_2176,11608.409922516095
00e12e8b_2177,11608.440059238425
00e12e8b_2178,11608.46929682726
00e12e8b_2179,11608.509884538153
00e12e8b_2180,11608.53859279034
00e12e8b_2181,11608.5698399824
00e12e8b_2182,11608.610667090614
00e12e8b_2183,11608.644250488973
00e12e8b_2184,11608.68015704544
00e12e8b_2185,11608.703023914735
00e12e8b_2186,11608.733813928442
00e12e8b_2187,11608.780364397702
00e12e8b_2188,11608.803749379813
00e12e8b_2189,11608.83934033134
00e12e8b_2190,11608.871668782283
00e12e8b_2191,11608.898691574635
00e12e8b_2192,11608.9283886515
00e12e8b_2193,11608.960780601195
00e12e8b_2194,11608.98936052535
00e12e8b_2195,11609.036565829423
00e12e8b_2196,11609.06727965942
00e12e8b_2197,11609.106488613455
00e12e8b_2198,11609.135679523832
00e12e8b_2199,11609.155502961949
00e12e8b_2200,11609.190980409612
00e12e8b_2201,11609.226963522671
00e12e8b_2202,11609.280343694145
00e12e8b_2203,11609.300694034731
00e12e8b_2204,11609.342550014497
00e12e8b_2205,11609.372724303255
00e12e8b_2206,11609.419285256045
00e12e8b_2207,11609.443739575658
00e12e8b_2208,11609.48153732988
00e12e8b_2209,11609.512036281936
00e12e8b_2210,11609.562360793623
00e12e8b_2211,11609.59182173301
00e12e8b_2212,11609.621307858532
00e12e8b_2213,11609.658374337563
00e12e8b_2214,11609.691147446736
00e12e8b_2215,11609.720606170067
00e12e8b_2216,11609.75822201512
00e12e8b_2217,11609.80054729635
00e12e8b_2218,11609.81982343098
00e12e8b_2219,11609.857384426254
00e12e8b_2220,11609.899871969374
00e12e8b_2221,11609.933314034146
00e12e8b_2222,11609.96134304798
00e12e8b_2223,11609.992246146152
00e12e8b_2224,11610.032348224577
00e12e8b_2225,11610.062940752394
00e12e8b_2226,11610.09141535766
00e12e8b_2227,11610.130815101107
00e12e8b_2228,11610.158168792996
00e12e8b_2229,11610.187535874513
00e12e8b_2230,11610.218771484408
00e12e8b_2231,11610.257771894449
00e12e8b_2232,11610.288679686104
00e12e8b_2233,11610.317263192575
00e12e8b_2234,11610.327812371395
00e12e8b_2235,11610.387045305524
00e12e8b_2236,11610.387352906166
00e12e8b_2237,11610.449726808763
00e12e8b_2238,11610.47228875016
00e12e8b_2239,11610.508605844692
00e12e8b_2240,11610.538977101847
00e12e8b_2241,11610.567743633826
00e12e8b_2242,11610.607339086437
00e12e8b_2243,11610.64004847404
00e12e8b_2244,11610.660245142251
00e12e8b_2245,11610.696631142617
00e12e8b_2246,11610.729363430391
00e12e8b_2247,11610.759491311022
00e12e8b_2248,11610.791464736054
00e12e8b_2249,11610.821520883212
00e12e8b_2250,11610.860011388566
00e12e8b_2251,11610.878210677583
00e12e8b_2252,11610.909580817675
00e12e8b_2253,11610.947967928752
00e12e8b_2254,11610.964167603768
00e12e8b_2255,11610.995676186974
00e12e8b_2256,11611.033508357874
00e12e8b_2257,11611.06659351746
00e12e8b_2258,11611.088719853178
00e12e8b_2259,11611.12781470921
00e12e8b_2260,11611.15648355587
00e12e8b_2261,11611.177734629337
00e12e8b_2262,11611.208527267396
00e12e8b_2263,11611.247264432928
00e12e8b_2264,11611.276272350868
00e12e8b_2265,11611.293919036563
00e12e8b_2266,11611.325825133665
00e12e8b_2267,11611.368772591444
00e12e8b_2268,11611.394540481526
00e12e8b_2269,11611.415201403475
00e12e8b_2270,11611.444232794787
00e12e8b_2271,11611.478721034224
00e12e8b_2272,11611.513809205158
00e12e8b_2273,11611.531898389583
00e12e8b_2274,11611.562581399445
00e12e8b_2275,11611.587850215054
00e12e8b_2276,11611.610937078607
00e12e8b_2277,11611.637465663656
00e12e8b_2278,11611.669444017636
00e12e8b_2279,11611.70069987182
00e12e8b_2280,11611.726794916163
00e12e8b_2281,11611.75958584918
00e12e8b_2282,11611.793189719192
00e12e8b_2283,11611.818170011533
00e12e8b_2284,11611.83914618969
00e12e8b_2285,11611.868674732055
00e12e8b_2286,11611.898432803737
00e12e8b_2287,11611.931259171324
00e12e8b_2288,11611.960990942807
00e12e8b_2289,11611.987724558438
00e12e8b_2290,11612.01652242439
00e12e8b_2291,11612.035694939272
00e12e8b_2292,11612.065494310724
00e12e8b_2293,11612.095296930707
00e12e8b_2294,11612.1304846518
00e12e8b_2295,11612.156461384382
00e12e8b_2296,11612.187299048472
00e12e8b_2297,11612.214540065195
00e12e8b_2298,11612.236091516852
00e12e8b_2299,11612.262104056184
00e12e8b_2300,11612.294656351069
00e12e8b_2301,11612.327968324664
00e12e8b_2302,11612.346640441458
00e12e8b_2303,11612.37815733739
00e12e8b_2304,11612.400462796815
00e12e8b_2305,11612.438834349125
00e12e8b_2306,11612.456979486948
00e12e8b_2307,11612.487516364996
00e12e8b_2308,11612.516965782785
00e12e8b_2309,11612.536935489408
00e12e8b_2310,11612.5657922885
00e12e8b_2311,11612.59559010648
00e12e8b_2312,11612.626286889366
00e12e8b_2313,11612.649472365014
00e12e8b_2314,11612.67958492462
00e12e8b_2315,11612.708973232971
00e12e8b_2316,11612.73409593643
00e12e8b_2317,11612.754566799258
00e12e8b_2318,11612.78520495134
00e12e8b_2319,11612.813642186233
00e12e8b_2320,11612.844534718795
00e12e8b_2321,11612.8731658149
00e12e8b_2322,11612.907511428668
00e12e8b_2323,11612.931523368825
00e12e8b_2324,11612.95134281608
00e12e8b_2325,11612.983194177325
00e12e8b_2326,11613.010886350236
00e12e8b_2327,11613.039837593593
00e12e8b_2328,11613.052389986144
00e12e8b_2329,11613.080194558734
00e12e8b_2330,11613.111983158768
00e12e8b_2331,11613.13165545862
00e12e8b_2332,11613.165620094824
00e12e8b_2333,11613.191114632886
00e12e8b_2334,11613.221234359562
00e12e8b_2335,11613.230250185912
00e12e8b_2336,11613.260877525368
00e12e8b_2337,11613.29037218963
00e12e8b_2338,11613.31457829851
00e12e8b_2339,11613.340680404348
00e12e8b_2340,11613.373971774188
00e12e8b_2341,11613.400772599764
00e12e8b_2342,11613.416795026858
00e12e8b_2343,11613.447880448142
00e12e8b_2344,11613.47758087108
00e12e8b_2345,11613.50898622198
00e12e8b_2346,11613.526379940622
00e12e8b_2347,11613.546770180368
00e12e8b_2348,11613.578286277989
00e12e8b_2349,11613.588879092256
00e12e8b_2350,11613.616652402809
00e12e8b_2351,11613.651203217689
00e12e8b_2352,11613.684932033098
00e12e8b_2353,11613.697586704797
00e12e8b_2354,11613.728950126104
00e12e8b_2355,11613.73781292994
00e12e8b_2356,11613.778562333582
00e12e8b_2357,11613.797251223346
00e12e8b_2358,11613.805997288257
00e12e8b_2359,11613.84342701844
00e12e8b_2360,11613.857641550354
00e12e8b_2361,11613.87376680551
00e12e8b_2362,11613.915360049095
00e12e8b_2363,11613.930204032047
00e12e8b_2364,11613.957320857133
00e12e8b_2365,11613.973895391166
00e12e8b_2366,11613.99483278115
00e12e8b_2367,11614.024341750002
00e12e8b_2368,11614.046540166702
00e12e8b_2369,11614.06054311835
00e12e8b_2370,11614.085007771946
00e12e8b_2371,11614.093866845147
00e12e8b_2372,11614.125294091577
00e12e8b_2373,11614.145523164769
00e12e8b_2374,11614.177707087643
00e12e8b_2375,11614.185131194265
00e12e8b_2376,11614.211709058549
00e12e8b_2377,11614.234644126524
00e12e8b_2378,11614.253370693905
00e12e8b_2379,11614.265049632471
00e12e8b_2380,11614.302348463189
00e12e8b_2381,11614.314144293978
00e12e8b_2382,11614.332281008084
00e12e8b_2383,11614.351950610971
00e12e8b_2384,11614.371241784862
00e12e8b_2385,11614.392726923108
00e12e8b_2386,11614.413190205678
00e12e8b_2387,11614.440006714383
00e12e8b_2388,11614.453823211865
00e12e8b_2389,11614.472626856788
00e12e8b_2390,11614.504088659389
00e12e8b_2391,11614.5201796508
00e12e8b_2392,11614.53207113771
00e12e8b_2393,11614.549880816903
00e12e8b_2394,11614.572101977255
00e12e8b_2395,11614.601973363173
00e12e8b_2396,11614.61834471708
00e12e8b_2397,11614.623985970917
00e12e8b_2398,11614.654525858052
00e12e8b_2399,11614.673214481994
00e12e8b_2400,11614.695641756953
00e12e8b_2401,11614.710879831711
00e12e8b_2402,11614.732635712811
00e12e8b_2403,11614.74642447571
00e12e8b_2404,11614.760383750545
00e12e8b_2405,11614.77601286295
00e12e8b_2406,11614.80395696304
00e12e8b_2407,11614.824429383129
00e12e8b_2408,11614.830655511898
00e12e8b_2409,11614.855000901527
00e12e8b_2410,11614.869528389218
00e12e8b_2411,11614.883194487433
00e12e8b_2412,11614.8992287403
00e12e8b_2413,11614.924330489426
00e12e8b_2414,11614.943066511216
00e12e8b_2415,11614.950473688798
00e12e8b_2416,11614.97647446276
00e12e8b_2417,11614.993339533388
00e12e8b_2418,11615.010322314818
00e12e8b_2419,11615.024763892105
00e12e8b_2420,11615.043064272111
00e12e8b_2421,11615.063931935849
00e12e8b_2422,11615.064719624695
00e12e8b_2423,11615.086450601531
00e12e8b_2424,11615.103687428033
00e12e8b_2425,11615.12410338354
00e12e8b_2426,11615.13373051942
00e12e8b_2427,11615.157712740072
00e12e8b_2428,11615.175645694406
00e12e8b_2429,11615.175998450051
00e12e8b_2430,11615.198118571205
00e12e8b_2431,11615.218389963506
00e12e8b_2432,11615.232771557385
00e12e8b_2433,11615.241111509024
00e12e8b_2434,11615.256278739884
00e12e8b_2435,11615.27081467588
00e12e8b_2436,11615.291850942678
00e12e8b_2437,11615.295899066989
00e12e8b_2438,11615.314226815515
00e12e8b_2439,11615.3303119031
00e12e8b_2440,11615.34394389733
00e12e8b_2441,11615.350112887883
00e12e8b_2442,11615.371646058542
00e12e8b_2443,11615.386048761608
00e12e8b_2444,11615.394988158734
00e12e8b_2445,11615.413961227114
00e12e8b_2446,11615.415130594802
00e12e8b_2447,11615.443676682497
00e12e8b_2448,11615.454086776426
00e12e8b_2449,11615.462795781694
00e12e8b_2450,11615.484129039423
00e12e8b_2451,11615.484417207796
00e12e8b_2452,11615.5042725551
00e12e8b_2453,11615.507779838832
00e12e8b_2454,11615.532098618223
00e12e8b_2455,11615.532617336556
00e12e8b_2456,11615.536219224778
00e12e8b_2457,11615.55513724076
00e12e8b_2458,11615.57515425856
00e12e8b_2459,11615.578251778205
00e12e8b_2460,11615.594739561053
00e12e8b_2461,11615.605125110977
00e12e8b_2462,11615.61560808228
00e12e8b_2463,11615.630865326128
00e12e8b_2464,11615.64531361772
00e12e8b_2465,11615.653082627045
00e12e8b_2466,11615.658566025182
00e12e8b_2467,11615.67642116608
00e12e8b_2468,11615.683878441969
00e12e8b_2469,11615.696223103874
00e12e8b_2470,11615.702833806305
00e12e8b_2471,11615.720318553063
00e12e8b_2472,11615.731905228928
00e12e8b_2473,11615.728596168745
00e12e8b_2474,11615.747650229208
00e12e8b_2475,11615.759572116796
00e12e8b_2476,11615.778586165276
00e12e8b_2477,11615.780637403444
00e12e8b_2478,11615.791174174074
00e12e8b_2479,11615.812316617195
00e12e8b_2480,11615.808836907723
00e12e8b_2481,11615.819128401528
00e12e8b_2482,11615.830124199534
00e12e8b_2483,11615.840694900391
00e12e8b_2484,11615.848436919148
00e12e8b_2485,11615.858728495748
00e12e8b_2486,11615.869741820865
00e12e8b_2487,11615.870397051054
00e12e8b_2488,11615.881631711727
00e12e8b_2489,11615.895494212004
00e12e8b_2490,11615.907837187182
00e12e8b_2491,11615.905664639346
00e12e8b_2492,11615.917737309195
00e12e8b_2493,11615.921900494535
00e12e8b_2494,11615.939699885455
00e12e8b_2495,11615.941384789769
00e12e8b_2496,11615.947828776849
00e12e8b_2497,11615.957338155204
00e12e8b_2498,11615.9614787359
00e12e8b_2499,11615.974990998531
00e12e8b_2500,11615.97982368074
00e12e8b_2501,11615.993334000692
00e12e8b_2502,11616.003253804758
00e12e8b_2503,11616.014620198985
00e12e8b_2504,11616.005863526854
00e12e8b_2505,11616.016479981152
00e12e8b_2506,11616.015315835057
00e12e8b_2507,11616.02932460236
00e12e8b_2508,11616.03665618239
00e12e8b_2509,11616.030626400488
00e12e8b_2510,11616.045079814025
00e12e8b_2511,11616.050451089455
00e12e8b_2512,11616.06892482414
00e12e8b_2513,11616.060721013004
00e12e8b_2514,11616.070547657531
00e12e8b_2515,11616.088724845486
00e12e8b_2516,11616.07321284235
00e12e8b_2517,11616.085284096787
00e12e8b_2518,11616.090532402548
00e12e8b_2519,11616.08899538722
00e12e8b_2520,11616.108456446003
00e12e8b_2521,11616.115797016517
00e12e8b_2522,11616.118356452713
00e12e8b_2523,11616.124180195477
00e12e8b_2524,11616.120034969674
00e12e8b_2525,11616.129865949222
00e12e8b_2526,11616.129602132503
00e12e8b_2527,11616.119892103034
00e12e8b_2528,11616.147991200634
00e12e8b_2529,11616.15795660584
00e12e8b_2530,11616.155346358477
00e12e8b_2531,11616.15795660584
00e12e8b_2532,11616.16517433184
00e12e8b_2533,11616.174138944209
00e12e8b_2534,11616.173700608057
00e12e8b_2535,11616.177756810612
00e12e8b_2536,11616.18767747452
00e12e8b_2537,11616.199743640102
00e12e8b_2538,11616.200488999824
00e12e8b_2539,11616.206269852592
00e12e8b_2540,11616.206650939112
00e12e8b_2541,11616.217343700218
00e12e8b_2542,11616.212363880708
00e12e8b_2543,11616.225233629346
00e12e8b_2544,11616.23452102965
00e12e8b_2545,11616.228007518625
00e12e8b_2546,11616.24633645592
00e12e8b_2547,11616.233840348716
00e12e8b_2548,11616.258235931831
00e12e8b_2549,11616.245299432256
00e12e8b_2550,11616.257673840935
00e12e8b_2551,11616.267714281608
00e12e8b_2552,11616.265245624149
00e12e8b_2553,11616.27608518287
00e12e8b_2554,11616.2875606302
00e12e8b_2555,11616.293864870886
00e12e8b_2556,11616.294977641255
00e12e8b_2557,11616.29407290212
00e12e8b_2558,11616.30285008103
00e12e8b_2559,11616.313996663934
00e12e8b_2560,11616.31904853536
00e12e8b_2561,11616.327409489371
00e12e8b_2562,11616.334473684316
00e12e8b_2563,11616.329635287748
00e12e8b_2564,11616.343874836406
00e12e8b_2565,11616.353864064044
00e12e8b_2566,11616.36506235814
00e12e8b_2567,11616.367427107258
00e12e8b_2568,11616.371364888182
00e12e8b_2569,11616.38369558274
00e12e8b_2570,11616.394117295802
00e12e8b_2571,11616.393335964094
00e12e8b_2572,11616.403780973404
00e12e8b_2573,11616.418238769418
00e12e8b_2574,11616.415792214071
00e12e8b_2575,11616.425645401208
00e12e8b_2576,11616.4338869824
00e12e8b_2577,11616.4433252129
00e12e8b_2578,11616.443559191152
00e12e8b_2579,11616.465422101448
00e12e8b_2580,11616.476412663083
00e12e8b_2581,11616.47652149612
00e12e8b_2582,11616.470409594913
00e12e8b_2583,11616.462636582071
00e12e8b_2584,11616.452809698168
00e12e8b_2585,11616.4523679724
00e12e8b_2586,11616.445995733704
00e12e8b_2587,11616.43562154905
00e12e8b_2588,11616.422775655106
00e12e8b_2589,11616.436670946448
00e12e8b_2590,11616.42295999975
00e12e8b_2591,11616.410455950914
00e12e8b_2592,11616.403729816464
00e12e8b_2593,11616.406919042673
00e12e8b_2594,11616.395449852114
00e12e8b_2595,11616.392691579142
00e12e8b_2596,11616.383165395797
00e12e8b_2597,11616.380687084296
00e12e8b_2598,11616.369039808327
00e12e8b_2599,11616.364784562706
00e12e8b_2600,11616.356424365364
00e12e8b_2601,11616.364931887629
00e12e8b_2602,11616.35241343081
00e12e8b_2603,11616.344909958649
00e12e8b_2604,11616.34229658291
00e12e8b_2605,11616.3425633183
00e12e8b_2606,11616.332342543028
00e12e8b_2607,11616.32650109933
00e12e8b_2608,11616.32265958101
00e12e8b_2609,11616.32503680903
00e12e8b_2610,11616.315970903726
00e12e8b_2611,11616.304468810484
00e12e8b_2612,11616.306673824707
00e12e8b_2613,11616.306735138727
00e12e8b_2614,11616.292699745833
00e12e8b_2615,11616.282497686863
00e12e8b_2616,11616.289673767737
00e12e8b_2617,11616.281499178524
00e12e8b_2618,11616.27179700912
00e12e8b_2619,11616.274374613611
00e12e8b_2620,11616.273951123612
00e12e8b_2621,11616.263118494302
00e12e8b_2622,11616.25188144352
00e12e8b_2623,11616.262505942268
00e12e8b_2624,11616.25123776641
00e12e8b_2625,11616.243937037472
00e12e8b_2626,11616.240593943803
00e12e8b_2627,11616.240566867586
00e12e8b_2628,11616.232876219525
00e12e8b_2629,11616.219606286786
00e12e8b_2630,11616.222036993911
00e12e8b_2631,11616.221422325014
00e12e8b_2632,11616.213804211366
00e12e8b_2633,11616.201359693425
00e12e8b_2634,11616.203019914845
00e12e8b_2635,11616.201359693425
00e12e8b_2636,11616.191540151667
00e12e8b_2637,11616.180975071851
00e12e8b_2638,11616.181580089544
00e12e8b_2639,11616.169642177763
00e12e8b_2640,11616.159083801787
00e12e8b_2641,11616.16053544141
00e12e8b_2642,11616.160738127894
00e12e8b_2643,11616.150274321706
00e12e8b_2644,11616.138808996928
00e12e8b_2645,11616.129491838296
00e12e8b_2646,11616.130368922606
00e12e8b_2647,11616.120359976792
00e12e8b_2648,11616.109188605087
00e12e8b_2649,11616.099281299814
00e12e8b_2650,11616.098853017029
00e12e8b_2651,11616.089104111112
00e12e8b_2652,11616.07982880414
00e12e8b_2653,11616.07968480328
00e12e8b_2654,11616.0692505663
00e12e8b_2655,11616.059402156025
00e12e8b_2656,11616.04889211812
00e12e8b_2657,11616.049338569512
00e12e8b_2658,11616.03938379702
00e12e8b_2659,11616.019671054672
00e12e8b_2660,11616.01073810204
00e12e8b_2661,11616.01073810204
00e12e8b_2662,11616.000653083984
00e12e8b_2663,11615.98966432035
00e12e8b_2664,11615.980837517294
00e12e8b_2665,11615.982087872915
00e12e8b_2666,11615.960529375578
00e12e8b_2667,11615.95027058732
00e12e8b_2668,11615.940918731176
00e12e8b_2669,11615.942730915196
00e12e8b_2670,11615.920988061922
00e12e8b_2671,11615.912405619554
00e12e8b_2672,11615.916285089976
00e12e8b_2673,11615.906248161147
00e12e8b_2674,11615.880700102914
00e12e8b_2675,11615.874139635553
00e12e8b_2676,11615.872028599557
00e12e8b_2677,11615.860159327109
00e12e8b_2678,11615.845002624896
00e12e8b_2679,11615.836339468646
00e12e8b_2680,11615.82573419812
00e12e8b_2681,11615.817007412952
00e12e8b_2682,11615.802965220852
00e12e8b_2683,11615.78468038979
00e12e8b_2684,11615.782505552075
00e12e8b_2685,11615.76981296514
00e12e8b_2686,11615.748595026607
00e12e8b_2687,11615.741119214748
00e12e8b_2688,11615.731582157172
00e12e8b_2689,11615.720659648045
00e12e8b_2690,11615.6997954381
00e12e8b_2691,11615.699624517369
00e12e8b_2692,11615.679019106768
00e12e8b_2693,11615.668614407898
00e12e8b_2694,11615.65063379092
00e12e8b_2695,11615.650472764964
00e12e8b_2696,11615.633175753874
00e12e8b_2697,11615.62025012256
00e12e8b_2698,11615.599124811644
00e12e8b_2699,11615.599834093227
00e12e8b_2700,11615.58173940168
00e12e8b_2701,11615.56231307586
00e12e8b_2702,11615.57269885704
00e12e8b_2703,11615.580203115358
00e12e8b_2704,11615.591698157436
00e12e8b_2705,11615.591755848369
00e12e8b_2706,11615.599520799698
00e12e8b_2707,11615.610595623712
00e12e8b_2708,11615.610217603706
00e12e8b_2709,11615.620938104325
00e12e8b_2710,11615.619097102484
00e12e8b_2711,11615.6300697742
00e12e8b_2712,11615.640136300824
00e12e8b_2713,11615.639882957035
00e12e8b_2714,11615.652784644662
00e12e8b_2715,11615.65972949293
00e12e8b_2716,11615.661418790609
00e12e8b_2717,11615.658933113227
00e12e8b_2718,11615.67144736908
00e12e8b_2719,11615.679803571373
00e12e8b_2720,11615.681408540864
00e12e8b_2721,11615.691665061917
00e12e8b_2722,11615.689780707113
00e12e8b_2723,11615.689780707113
00e12e8b_2724,11615.711294022847
00e12e8b_2725,11615.71236104328
00e12e8b_2726,11615.710537773071
00e12e8b_2727,11615.710894081118
00e12e8b_2728,11615.720587908088
00e12e8b_2729,11615.72001778227
00e12e8b_2730,11615.722276248953
00e12e8b_2731,11615.740793110244
00e12e8b_2732,11615.73980844469
00e12e8b_2733,11615.742167731858
00e12e8b_2734,11615.750760074176
00e12e8b_2735,11615.749575937898
00e12e8b_2736,11615.748593376473
00e12e8b_2737,11615.761714069677
00e12e8b_2738,11615.76021096285
00e12e8b_2739,11615.760875547228
00e12e8b_2740,11615.771378026611
00e12e8b_2741,11615.77990799097
00e12e8b_2742,11615.780341584756
00e12e8b_2743,11615.792067533386
00e12e8b_2744,11615.792872951346
00e12e8b_2745,11615.789883940794
00e12e8b_2746,11615.799789553925
00e12e8b_2747,11615.800103400794
00e12e8b_2748,11615.801212334924
00e12e8b_2749,11615.80896607414
00e12e8b_2750,11615.808894098973
00e12e8b_2751,11615.808606327391
00e12e8b_2752,11615.80938978398
00e12e8b_2753,11615.819007057284
00e12e8b_2754,11615.81880753554
00e12e8b_2755,11615.81862433529
00e12e8b_2756,11615.828669729608
00e12e8b_2757,11615.828994996282
00e12e8b_2758,11615.829259082606
00e12e8b_2759,11615.838665062462
00e12e8b_2760,11615.838618753663
00e12e8b_2761,11615.838878103425
00e12e8b_2762,11615.838861546345
00e12e8b_2763,11615.83886457577
00e12e8b_2764,11615.838667326612
00e12e8b_2765,11615.84862242526
00e12e8b_2766,11615.849334586286
00e12e8b_2767,11615.848618522596
00e12e8b_2768,11615.858738674082
00e12e8b_2769,11615.85930338816
00e12e8b_2770,11615.858715357204
00e12e8b_2771,11615.868627665375
00e12e8b_2772,11615.868660676706
00e12e8b_2773,11615.858625720884
00e12e8b_2774,11615.86905728424
00e12e8b_2775,11615.869312178344
00e12e8b_2776,11615.868709318838
00e12e8b_2777,11615.868763050456
00e12e8b_2778,11615.87923847876
00e12e8b_2779,11615.8694213672
00e12e8b_2780,11615.869232243618
00e12e8b_2781,11615.879095116768
00e12e8b_2782,11615.878862844584
00e12e8b_2783,11615.87978869704
00e12e8b_2784,11615.879923266011
00e12e8b_2785,11615.878803750393
00e12e8b_2786,11615.879960719938
00e12e8b_2787,11615.889558407638
00e12e8b_2788,11615.888748713189
00e12e8b_2789,11615.879216676867
00e12e8b_2790,11615.888764331536
00e12e8b_2791,11615.88872511647
00e12e8b_2792,11615.889558407638
00e12e8b_2793,11615.888748713189
00e12e8b_2794,11615.889899045182
00e12e8b_2795,11615.888596632349
00e12e8b_2796,11615.899911720046
00e12e8b_2797,11615.888999284256
00e12e8b_2798,11615.889126520784
00e12e8b_2799,11615.899222149566
00e12e8b_2800,11615.88862604006
00e12e8b_2801,11615.889264812287
00e12e8b_2802,11615.89897103905
00e12e8b_2803,11615.888594178905
00e12e8b_2804,11615.889264812287
00e12e8b_2805,11615.88903025475
00e12e8b_2806,11615.888657267484
00e12e8b_2807,11615.889126520784
00e12e8b_2808,11615.888643015483
00e12e8b_2809,11615.888965303577
00e12e8b_2810,11615.88861485419
00e12e8b_2811,11615.888658191636
00e12e8b_2812,11615.88861485419
00e12e8b_2813,11615.889074652394
00e12e8b_2814,11615.889076514582
00e12e8b_2815,11615.888607180406
00e12e8b_2816,11615.889021521276
00e12e8b_2817,11615.889494138142
00e12e8b_2818,11615.888655974748
00e12e8b_2819,11615.88885911094
00e12e8b_2820,11615.88885911094
00e12e8b_2821,11615.89900921675
00e12e8b_2822,11615.88963976219
00e12e8b_2823,11615.888655974748
00e12e8b_2824,11615.89942927952
00e12e8b_2825,11615.89900933988
00e12e8b_2826,11615.888754841106
00e12e8b_2827,11615.899301335608
00e12e8b_2828,11615.898934010394
00e12e8b_2829,11615.89928981354
00e12e8b_2830,11615.909248887649
00e12e8b_2831,11615.908617352206
00e12e8b_2832,11615.89871460534
00e12e8b_2833,11615.89871460534
00e12e8b_2834,11615.908617352205
00e12e8b_2835,11615.909248887649
00e12e8b_2836,11615.90953241148
00e12e8b_2837,11615.91941293384
00e12e8b_2838,11615.91891456703
00e12e8b_2839,11615.91941293384
00e12e8b_2840,11615.928654105111
00e12e8b_2841,11615.928793391831
00e12e8b_2842,11615.928596084776
00e12e8b_2843,11615.939481961545
00e12e8b_2844,11615.938802999175
00e12e8b_2845,11615.93869095542
00e12e8b_2846,11615.94866028402
00e12e8b_2847,11615.94863985928
00e12e8b_2848,11615.948794826993
00e12e8b_2849,11615.958786836069
00e12e8b_2850,11615.95880722837
00e12e8b_2851,11615.958925149023
00e12e8b_2852,11615.969363371463
00e12e8b_2853,11615.969425814272
00e12e8b_2854,11615.969363371463
00e12e8b_2855,11615.989756889028
00e12e8b_2856,11615.989192909983
00e12e8b_2857,11615.989020026023
00e12e8b_2858,11615.998764774631
00e12e8b_2859,11615.999542309954
00e12e8b_2860,11615.99917791816
00e12e8b_2861,11616.02019016959
00e12e8b_2862,11616.02003935188
00e12e8b_2863,11616.019160642296
00e12e8b_2864,11616.018926457213
00e12e8b_2865,11616.038688767796
00e12e8b_2866,11616.039375083492
00e12e8b_2867,11616.039131842395
00e12e8b_2868,11616.048780612966
00e12e8b_2869,11616.058594930102
00e12e8b_2870,11616.05861180864
00e12e8b_2871,11616.068765453923
00e12e8b_2872,11616.078642794177
00e12e8b_2873,11616.078593918915
00e12e8b_2874,11616.088604680815
00e12e8b_2875,11616.098914992672
00e12e8b_2876,11616.09859634278
00e12e8b_2877,11616.108813304336
00e12e8b_2878,11616.11860586575
00e12e8b_2879,11616.118639393891
00e12e8b_2880,11616.13894484873
00e12e8b_2881,11616.13860067707
00e12e8b_2882,11616.14859341324
00e12e8b_2883,11616.158593586511
00e12e8b_2884,11616.16859777276
00e12e8b_2885,11616.168593409806
00e12e8b_2886,11616.188881734615
00e12e8b_2887,11616.189056461051
00e12e8b_2888,11616.198656040478
00e12e8b_2889,11616.198748059653
00e12e8b_2890,11616.21901831083
00e12e8b_2891,11616.218664175816
00e12e8b_2892,11616.229299638706
00e12e8b_2893,11616.23872153013
00e12e8b_2894,11616.248594118852
00e12e8b_2895,11616.25867751521
00e12e8b_2896,11616.268931930324
00e12e8b_2897,11616.27861003685
00e12e8b_2898,11616.278609781892
00e12e8b_2899,11616.298844963278
00e12e8b_2900,11616.308890148042
00e12e8b_2901,11616.308628097244
00e12e8b_2902,11616.328638112778
00e12e8b_2903,11616.3388608506
00e12e8b_2904,11616.34868992589
00e12e8b_2905,11616.35862697534
00e12e8b_2906,11616.368646115645
00e12e8b_2907,11616.379007020678
00e12e8b_2908,11616.37862214359
00e12e8b_2909,11616.398597171072
00e12e8b_2910,11616.408755365825
00e12e8b_2911,11616.408799090948
00e12e8b_2912,11616.42861870262
00e12e8b_2913,11616.43868260072
00e12e8b_2914,11616.438685487805
00e12e8b_2915,11616.458634841165
00e12e8b_2916,11616.458975023312
00e12e8b_2917,11616.468637987757
00e12e8b_2918,11616.478990805885
00e12e8b_2919,11616.488600702954
00e12e8b_2920,11616.488603915845
00e12e8b_2921,11616.509014922727
00e12e8b_2922,11616.508660977084
00e12e8b_2923,11616.508599343948
00e12e8b_2924,11616.528706531068
00e12e8b_2925,11616.528668708215
00e12e8b_2926,11616.528757384887
00e12e8b_2927,11616.538693165812
00e12e8b_2928,11616.548603067917
00e12e8b_2929,11616.549047882432
00e12e8b_2930,11616.560267578465
00e12e8b_2931,11616.568633065432
00e12e8b_2932,11616.56880541715
00e12e8b_2933,11616.569081573729
00e12e8b_2934,11616.57912405794
00e12e8b_2935,11616.578724764267
00e12e8b_2936,11616.579627878724
00e12e8b_2937,11616.598735067562
00e12e8b_2938,11616.599649605
00e12e8b_2939,11616.598618321716
00e12e8b_2940,11616.608778050671
00e12e8b_2941,11616.6102252298
00e12e8b_2942,11616.61016787664
00e12e8b_2943,11616.618612047272
00e12e8b_2944,11616.609117351984
00e12e8b_2945,11616.6102252298
00e12e8b_2946,11616.618745704358
00e12e8b_2947,11616.618616328497
00e12e8b_2948,11616.618745704358
00e12e8b_2949,11616.62950028962
00e12e8b_2950,11616.628603541974
00e12e8b_2951,11616.620179767411
00e12e8b_2952,11616.618708749042
00e12e8b_2953,11616.629196600334
00e12e8b_2954,11616.629102362158
00e12e8b_2955,11616.618614345123
00e12e8b_2956,11616.629102362158
00e12e8b_2957,11616.62861598434
00e12e8b_2958,11616.618673941895
00e12e8b_2959,11616.629060510608
00e12e8b_2960,11616.619401174808
00e12e8b_2961,11616.619188917131
00e12e8b_2962,11616.618634653643
00e12e8b_2963,11616.620320408929
00e12e8b_2964,11616.608714701562
00e12e8b_2965,11616.618696799898
00e12e8b_2966,11616.608774430451
00e12e8b_2967,11616.608640407563
00e12e8b_2968,11616.608610861244
00e12e8b_2969,11616.609257909158
00e12e8b_2970,11616.598741336393
00e12e8b_2971,11616.599444026586
00e12e8b_2972,11616.59868002603
00e12e8b_2973,11616.589196145404
00e12e8b_2974,11616.588617582143
00e12e8b_2975,11616.57920118478
00e12e8b_2976,11616.579048208228
00e12e8b_2977,11616.568703260742
00e12e8b_2978,11616.56861311914
00e12e8b_2979,11616.558698618352
00e12e8b_2980,11616.548737826584
00e12e8b_2981,11616.548719234635
00e12e8b_2982,11616.54859757997
00e12e8b_2983,11616.538696711264
00e12e8b_2984,11616.538602987592
00e12e8b_2985,11616.528685226558
00e12e8b_2986,11616.518644643833
00e12e8b_2987,11616.518680943564
00e12e8b_2988,11616.50860236696
00e12e8b_2989,11616.499115177125
00e12e8b_2990,11616.498625963832
00e12e8b_2991,11616.48859690927
00e12e8b_2992,11616.468970825345
00e12e8b_2993,11616.469089155946
00e12e8b_2994,11616.458671714689
00e12e8b_2995,11616.448594017676
00e12e8b_2996,11616.448594694726
00e12e8b_2997,11616.43859526116
00e12e8b_2998,11616.419531588528
00e12e8b_2999,11616.41904674926
00e12e8b_3000,11616.408640195425
00e12e8b_3001,11616.388599301536
00e12e8b_3002,11616.378903162926
00e12e8b_3003,11616.379001337464
00e12e8b_3004,11616.369005730843
00e12e8b_3005,11616.348690891606
00e12e8b_3006,11616.348595170744
00e12e8b_3007,11616.338952906002
00e12e8b_3008,11616.318641992497
00e12e8b_3009,11616.318641992497
00e12e8b_3010,11616.308610230875
00e12e8b_3011,11616.29872395491
00e12e8b_3012,11616.28893151868
00e12e8b_3013,11616.278597897826
00e12e8b_3014,11616.268606089508
00e12e8b_3015,11616.258593362938
00e12e8b_3016,11616.248612697833
00e12e8b_3017,11616.238604001011
00e12e8b_3018,11616.238593638718
00e12e8b_3019,11616.218670034928
00e12e8b_3020,11616.208637490792
00e12e8b_3021,11616.208701965928
00e12e8b_3022,11616.19921026216
00e12e8b_3023,11616.17868837984
00e12e8b_3024,11616.169182615518
00e12e8b_3025,11616.168778598496
00e12e8b_3026,11616.158679773342
00e12e8b_3027,11616.138761349986
00e12e8b_3028,11616.1387421074
00e12e8b_3029,11616.12901904818
00e12e8b_3030,11616.119869742884
00e12e8b_3031,11616.109643194795
00e12e8b_3032,11616.098969149569
00e12e8b_3033,11616.08901618312
00e12e8b_3034,11616.08993961672
00e12e8b_3035,11616.06996465517
00e12e8b_3036,11616.06004136612
00e12e8b_3037,11616.059852201808
00e12e8b_3038,11616.048979494017
00e12e8b_3039,11616.028845972278
00e12e8b_3040,11616.028797152783
00e12e8b_3041,11616.01906983315
00e12e8b_3042,11616.008948518049
00e12e8b_3043,11616.008688815304
00e12e8b_3044,11615.988732906855
00e12e8b_3045,11615.978883054526
00e12e8b_3046,11615.968922862823
00e12e8b_3047,11615.968796736335
00e12e8b_3048,11615.948806757218
00e12e8b_3049,11615.938800571485
00e12e8b_3050,11615.939393729685
00e12e8b_3051,11615.928707510997
00e12e8b_3052,11615.918721521206
00e12e8b_3053,11615.909653691346
00e12e8b_3054,11615.89878732848
00e12e8b_3055,11615.889631943228
00e12e8b_3056,11615.888863682098
00e12e8b_3057,11615.878721401335
00e12e8b_3058,11615.859266963407
00e12e8b_3059,11615.85959954249
00e12e8b_3060,11615.850146354134
00e12e8b_3061,11615.839409822282
00e12e8b_3062,11615.839268627438
00e12e8b_3063,11615.818611931409
00e12e8b_3064,11615.810042551886
00e12e8b_3065,11615.80890674487
00e12e8b_3066,11615.799535573244
00e12e8b_3067,11615.788788182948
00e12e8b_3068,11615.77951450739
00e12e8b_3069,11615.768671606302
00e12e8b_3070,11615.759716501983
00e12e8b_3071,11615.75058942432
00e12e8b_3072,11615.749999524272
00e12e8b_3073,11615.72959880178
00e12e8b_3074,11615.719622905835
00e12e8b_3075,11615.7205525864
00e12e8b_3076,11615.7094759981
00e12e8b_3077,11615.699941605304
00e12e8b_3078,11615.69906248598
00e12e8b_3079,11615.679445034437
00e12e8b_3080,11615.668932544371
00e12e8b_3081,11615.668948717215
00e12e8b_3082,11615.65902913647
00e12e8b_3083,11615.649513784272
00e12e8b_3084,11615.649020939403
00e12e8b_3085,11615.62878126378
00e12e8b_3086,11615.61897356416
00e12e8b_3087,11615.599112776885
00e12e8b_3088,11615.568747269825
00e12e8b_3089,11615.539507293435
00e12e8b_3090,11615.50950975218
00e12e8b_3091,11615.489415582766
00e12e8b_3092,11615.448800931628
00e12e8b_3093,11615.418839491567
00e12e8b_3094,11615.398774382464
00e12e8b_3095,11615.36905658066
00e12e8b_3096,11615.338789060314
00e12e8b_3097,11615.31939951179
00e12e8b_3098,11615.289168966798
00e12e8b_3099,11615.248696432878
00e12e8b_3100,11615.219087683488
00e12e8b_3101,11615.198712842845
00e12e8b_3102,11615.169063723415
00e12e8b_3103,11615.139531455188
00e12e8b_3104,11615.108736134522
00e12e8b_3105,11615.078632009478
00e12e8b_3106,11615.048966328211
00e12e8b_3107,11615.019449582114
00e12e8b_3108,11614.988904830618
00e12e8b_3109,11614.95876441211
00e12e8b_3110,11614.928798080124
00e12e8b_3111,11614.89928852067
00e12e8b_3112,11614.869259756566
00e12e8b_3113,11614.838615958624
00e12e8b_3114,11614.809015036562
00e12e8b_3115,11614.778641039617
00e12e8b_3116,11614.748716365715
00e12e8b_3117,11614.709086521823
00e12e8b_3118,11614.68889181317
00e12e8b_3119,11614.659096345436
00e12e8b_3120,11614.619099152398
00e12e8b_3121,11614.599045350911
00e12e8b_3122,11614.55901392729
00e12e8b_3123,11614.528609369634
00e12e8b_3124,11614.498650231848
00e12e8b_3125,11614.468975183285
00e12e8b_3126,11614.438593646746
00e12e8b_3127,11614.399290394842
00e12e8b_3128,11614.3786224547
00e12e8b_3129,11614.338878670716
00e12e8b_3130,11614.308593933383
00e12e8b_3131,11614.278656675073
00e12e8b_3132,11614.248622810976
00e12e8b_3133,11614.208766193537
00e12e8b_3134,11614.16862711942
00e12e8b_3135,11614.14861754672
00e12e8b_3136,11614.10867762203
00e12e8b_3137,11614.078675610732
00e12e8b_3138,11614.048599666394
00e12e8b_3139,11614.018675248322
00e12e8b_3140,11613.978595494482
00e12e8b_3141,11613.948713738811
00e12e8b_3142,11613.918638870466
00e12e8b_3143,11613.878760465324
00e12e8b_3144,11613.839045591156
00e12e8b_3145,11613.81860397354
00e12e8b_3146,11613.77860479629
00e12e8b_3147,11613.738595801651
00e12e8b_3148,11613.718600126072
00e12e8b_3149,11613.678828927572
00e12e8b_3150,11613.638745948809
00e12e8b_3151,11613.61861225953
00e12e8b_3152,11613.578621962732
00e12e8b_3153,11613.538635021252
00e12e8b_3154,11613.49886044697
00e12e8b_3155,11613.46931921259
00e12e8b_3156,11613.440037787295
00e12e8b_3157,11613.39859511552
00e12e8b_3158,11613.3689003413
00e12e8b_3159,11613.328593531807
00e12e8b_3160,11613.28900777388
00e12e8b_3161,11613.268901446663
00e12e8b_3162,11613.230164366476
00e12e8b_3163,11613.1885944624
00e12e8b_3164,11613.14869476796
00e12e8b_3165,11613.11907815602
00e12e8b_3166,11613.07876690478
00e12e8b_3167,11613.039309059754
00e12e8b_3168,11613.008608411124
00e12e8b_3169,11612.9795166792
00e12e8b_3170,11612.938948479385
00e12e8b_3171,11612.898696064649
00e12e8b_3172,11612.86874097424
00e12e8b_3173,11612.829081004857
00e12e8b_3174,11612.78976102654
00e12e8b_3175,11612.759829723884
00e12e8b_3176,11612.72178908493
00e12e8b_3177,11612.679309558916
00e12e8b_3178,11612.649357789447
00e12e8b_3179,11612.608604723424
00e12e8b_3180,11612.570322072055
00e12e8b_3181,11612.533090891033
00e12e8b_3182,11612.49906302381
00e12e8b_3183,11612.459117106884
00e12e8b_3184,11612.408767502991
00e12e8b_3185,11612.37923578658
00e12e8b_3186,11612.34105949133
00e12e8b_3187,11612.300122645847
00e12e8b_3188,11612.264258720434
00e12e8b_3189,11612.232692304382
00e12e8b_3190,11612.190243901809
00e12e8b_3191,11612.153482931628
00e12e8b_3192,11612.121086805902
00e12e8b_3193,11612.070598608934
00e12e8b_3194,11612.029582156876
00e12e8b_3195,11612.0102793519
00e12e8b_3196,11611.9704515716
00e12e8b_3197,11611.930710903784
00e12e8b_3198,11611.890638559084
00e12e8b_3199,11611.862155922076
00e12e8b_3200,11611.821126278885
00e12e8b_3201,11611.791195349137
00e12e8b_3202,11611.751387711043
00e12e8b_3203,11611.701371093925
00e12e8b_3204,11611.671653405758
00e12e8b_3205,11611.621688417785
00e12e8b_3206,11611.595213161976
00e12e8b_3207,11611.541978997666
00e12e8b_3208,11611.511071205976
00e12e8b_3209,11611.462259273458
00e12e8b_3210,11611.430860550743
00e12e8b_3211,11611.39021545227
00e12e8b_3212,11611.339882531718
00e12e8b_3213,11611.299058651854
00e12e8b_3214,11611.252642067311
00e12e8b_3215,11611.21035708957
00e12e8b_3216,11611.171068993272
00e12e8b_3217,11611.131495047204
00e12e8b_3218,11611.081981218387
00e12e8b_3219,11611.042195204043
00e12e8b_3220,11611.004325318316
00e12e8b_3221,11610.95381919863
00e12e8b_3222,11610.914027069046
00e12e8b_3223,11610.875105065996
00e12e8b_3224,11610.825979313966
00e12e8b_3225,11610.79284356762
00e12e8b_3226,11610.753045653182
00e12e8b_3227,11610.71525467287
00e12e8b_3228,11610.671965011688
00e12e8b_3229,11610.63213646945
00e12e8b_3230,11610.604181930184
00e12e8b_3231,11610.556660318956
00e12e8b_3232,11610.522411124748
00e12e8b_3233,11610.483975007395
00e12e8b_3234,11610.44385807808
00e12e8b_3235,11610.412855757062
00e12e8b_3236,11610.372958635977
00e12e8b_3237,11610.339625128488
00e12e8b_3238,11610.298877163772
00e12e8b_3239,11610.273248029474
00e12e8b_3240,11610.24270581769
00e12e8b_3241,11610.204621768557
00e12e8b_3242,11610.17349372115
00e12e8b_3243,11610.144618700411
00e12e8b_3244,11610.115476304603
00e12e8b_3245,11610.07716566106
00e12e8b_3246,11610.046105536663
00e12e8b_3247,11610.018495851582
00e12e8b_3248,11609.976582942742
00e12e8b_3249,11609.959054344465
00e12e8b_3250,11609.921292782325
00e12e8b_3251,11609.88726798435
00e12e8b_3252,11609.871900230452
00e12e8b_3253,11609.840321782542
00e12e8b_3254,11609.81750243553
00e12e8b_3255,11609.77850075174
00e12e8b_3256,11609.76035503336
00e12e8b_3257,11609.724358599846
00e12e8b_3258,11609.692820949813
00e12e8b_3259,11609.679320838955
00e12e8b_3260,11609.648326342302
00e12e8b_3261,11609.619780179444
00e12e8b_3262,11609.600722576111
00e12e8b_3263,11609.577472827425
00e12e8b_3264,11609.55493674033
00e12e8b_3265,11609.530558326687
00e12e8b_3266,11609.505762039962
00e12e8b_3267,11609.490691601904
00e12e8b_3268,11609.461663320635
00e12e8b_3269,11609.440069868357
00e12e8b_3270,11609.416772594346
00e12e8b_3271,11609.397064215726
00e12e8b_3272,11609.371063607628
00e12e8b_3273,11609.354648331464
00e12e8b_3274,11609.34282273514
00e12e8b_3275,11609.31169767638
00e12e8b_3276,11609.287710774008
00e12e8b_3277,11609.27617176828
00e12e8b_3278,11609.25362110057
00e12e8b_3279,11609.238139661702
00e12e8b_3280,11609.219312185016
00e12e8b_3281,11609.208338547454
00e12e8b_3282,11609.191490911691
00e12e8b_3283,11609.168860542311
00e12e8b_3284,11609.15703595174
00e12e8b_3285,11609.141611131488
00e12e8b_3286,11609.123221159683
00e12e8b_3287,11609.110347008162
00e12e8b_3288,11609.1040050882
00e12e8b_3289,11609.078044192698
00e12e8b_3290,11609.068083962746
00e12e8b_3291,11609.05394085939
00e12e8b_3292,11609.028599296753
00e12e8b_3293,11609.01852147524
00e12e8b_3294,11609.008761580928
00e12e8b_3295,11608.984616268466
00e12e8b_3296,11608.971591892669
00e12e8b_3297,11608.963750404177
00e12e8b_3298,11608.947720785083
00e12e8b_3299,11608.918147118457
00e12e8b_3300,11608.913686481596
00e12e8b_3301,11608.902352358116
00e12e8b_3302,11608.878465709626
00e12e8b_3303,11608.862226165504
00e12e8b_3304,11608.848509193249
00e12e8b_3305,11608.82887116202
00e12e8b_3306,11608.816987505392
00e12e8b_3307,11608.80555914477
00e12e8b_3308,11608.789201165197
00e12e8b_3309,11608.775594302344
00e12e8b_3310,11608.749370965506
00e12e8b_3311,11608.74527786844
00e12e8b_3312,11608.72608716738
00e12e8b_3313,11608.699480785532
00e12e8b_3314,11608.696384032448
00e12e8b_3315,11608.683394794594
00e12e8b_3316,11608.666681637776
00e12e8b_3317,11608.646262737908
00e12e8b_3318,11608.633199150998
00e12e8b_3319,11608.618606012697
00e12e8b_3320,11608.597642020686
00e12e8b_3321,11608.580792657229
00e12e8b_3322,11608.564546192036
00e12e8b_3323,11608.547311649972
00e12e8b_3324,11608.537977397147
00e12e8b_3325,11608.526003497032
00e12e8b_3326,11608.508541482037
00e12e8b_3327,11608.487910530386
00e12e8b_3328,11608.477892649653
00e12e8b_3329,11608.45555921417
00e12e8b_3330,11608.440716555728
00e12e8b_3331,11608.42901486712
00e12e8b_3332,11608.41250274174
00e12e8b_3333,11608.3821068689
00e12e8b_3334,11608.369004218375
00e12e8b_3335,11608.363119911928
00e12e8b_3336,11608.334889148817
00e12e8b_3337,11608.323248184606
00e12e8b_3338,11608.308184685202
00e12e8b_3339,11608.283038177971
00e12e8b_3340,11608.266462197753
00e12e8b_3341,11608.245753399866
00e12e8b_3342,11608.2369878739
00e12e8b_3343,11608.215391851903
00e12e8b_3344,11608.194209399731
00e12e8b_3345,11608.187059984451
00e12e8b_3346,11608.169471509153
00e12e8b_3347,11608.14818529838
00e12e8b_3348,11608.140764379024
00e12e8b_3349,11608.116080150903
00e12e8b_3350,11608.10144583174
00e12e8b_3351,11608.091209406182
00e12e8b_3352,11608.069582237493
00e12e8b_3353,11608.051570023905
00e12e8b_3354,11608.035209750167
00e12e8b_3355,11608.016792175127
00e12e8b_3356,11607.997898879172
00e12e8b_3357,11607.99211822051
00e12e8b_3358,11607.968308814923
00e12e8b_3359,11607.961465514802
00e12e8b_3360,11607.932659533491
00e12e8b_3361,11607.917539030936
00e12e8b_3362,11607.909523466642
00e12e8b_3363,11607.876636484358
00e12e8b_3364,11607.868939788228
00e12e8b_3365,11607.846854686884
00e12e8b_3366,11607.829960850628
00e12e8b_3367,11607.821781535184
00e12e8b_3368,11607.798849646922
00e12e8b_3369,11607.789542912382
00e12e8b_3370,11607.759775458157
00e12e8b_3371,11607.747238369431
00e12e8b_3372,11607.738770777269
00e12e8b_3373,11607.709086186796
00e12e8b_3374,11607.700572175292
00e12e8b_3375,11607.684695100814
00e12e8b_3376,11607.67552012167
00e12e8b_3377,11607.679466520243
00e12e8b_3378,11607.699895809785
00e12e8b_3379,11607.722565889277
00e12e8b_3380,11607.732478738952
00e12e8b_3381,11607.752693692986
00e12e8b_3382,11607.762141347455
00e12e8b_3383,11607.783220642012
00e12e8b_3384,11607.79808067567
00e12e8b_3385,11607.821651468965
00e12e8b_3386,11607.831953263303
00e12e8b_3387,11607.850848068709
00e12e8b_3388,11607.858364823123
00e12e8b_3389,11607.875784107411
00e12e8b_3390,11607.887131049158
00e12e8b_3391,11607.90558205538
00e12e8b_3392,11607.92641491183
00e12e8b_3393,11607.936856716242
00e12e8b_3394,11607.96123604617
00e12e8b_3395,11607.966545736936
00e12e8b_3396,11607.97594150721
00e12e8b_3397,11607.995925747602
00e12e8b_3398,11608.006080008035
00e12e8b_3399,11608.029657788613
00e12e8b_3400,11608.04605716321
00e12e8b_3401,11608.055520406557
00e12e8b_3402,11608.065669856378
00e12e8b_3403,11608.08443816602
00e12e8b_3404,11608.095469630498
00e12e8b_3405,11608.10554267891
00e12e8b_3406,11608.117232966655
00e12e8b_3407,11608.13491810535
00e12e8b_3408,11608.156184829251
00e12e8b_3409,11608.163776605985
00e12e8b_3410,11608.176789059176
00e12e8b_3411,11608.19620858969
00e12e8b_3412,11608.205577289023
00e12e8b_3413,11608.215359845708
00e12e8b_3414,11608.226428712138
00e12e8b_3415,11608.234305218724
00e12e8b_3416,11608.256303118987
00e12e8b_3417,11608.265183081076
00e12e8b_3418,11608.275659311645
00e12e8b_3419,11608.29498497632
00e12e8b_3420,11608.3069278467
00e12e8b_3421,11608.31411773614
00e12e8b_3422,11608.32344742144
00e12e8b_3423,11608.334019108275
00e12e8b_3424,11608.355747008098
00e12e8b_3425,11608.362243387934
00e12e8b_3426,11608.374563346848
00e12e8b_3427,11608.380713204426
00e12e8b_3428,11608.391594754365
00e12e8b_3429,11608.401787939049
00e12e8b_3430,11608.413449147314
00e12e8b_3431,11608.422933920952
00e12e8b_3432,11608.433918356124
00e12e8b_3433,11608.4431502506
00e12e8b_3434,11608.451949778311
00e12e8b_3435,11608.463183699272
00e12e8b_3436,11608.47043352566
00e12e8b_3437,11608.482637608991
00e12e8b_3438,11608.492589461495
00e12e8b_3439,11608.502977800856
00e12e8b_3440,11608.510816750164
00e12e8b_3441,11608.522447127914
00e12e8b_3442,11608.530750547938
00e12e8b_3443,11608.541235309644
00e12e8b_3444,11608.553526955073
00e12e8b_3445,11608.552728449666
00e12e8b_3446,11608.560219599563
00e12e8b_3447,11608.582672264123
00e12e8b_3448,11608.580630621544
00e12e8b_3449,11608.591554235849
00e12e8b_3450,11608.601767205671
00e12e8b_3451,11608.611836043365
00e12e8b_3452,11608.611475120488
00e12e8b_3453,11608.62090194022
00e12e8b_3454,11608.63141880508
00e12e8b_3455,11608.639656778836
00e12e8b_3456,11608.652340843451
00e12e8b_3457,11608.652115329502
00e12e8b_3458,11608.65968881703
00e12e8b_3459,11608.671266420137
00e12e8b_3460,11608.671483946804
00e12e8b_3461,11608.679856063916
00e12e8b_3462,11608.679093370083
00e12e8b_3463,11608.699809401758
00e12e8b_3464,11608.700433478254
00e12e8b_3465,11608.710039451396
00e12e8b_3466,11608.708819557482
00e12e8b_3467,11608.719762761042
00e12e8b_3468,11608.719141575571
00e12e8b_3469,11608.729470888362
00e12e8b_3470,11608.72936741499
00e12e8b_3471,11608.748701764562
00e12e8b_3472,11608.749332746578
00e12e8b_3473,11608.749696372735
00e12e8b_3474,11608.758735357018
00e12e8b_3475,11608.759415166583
00e12e8b_3476,11608.768867962106
00e12e8b_3477,11608.769094574816
00e12e8b_3478,11608.769289814712
00e12e8b_3479,11608.789717866232
00e12e8b_3480,11608.788677627184
00e12e8b_3481,11608.788936432798
00e12e8b_3482,11608.798928940045
00e12e8b_3483,11608.7995908979
00e12e8b_3484,11608.799344241364
00e12e8b_3485,11608.798672701883
00e12e8b_3486,11608.80886910448
00e12e8b_3487,11608.818859556532
00e12e8b_3488,11608.818647478223
00e12e8b_3489,11608.819293359507
00e12e8b_3490,11608.828944302975
00e12e8b_3491,11608.828850198615
00e12e8b_3492,11608.829631962642
00e12e8b_3493,11608.828764440434
00e12e8b_3494,11608.829338084195
00e12e8b_3495,11608.848922571662
00e12e8b_3496,11608.84862975743
00e12e8b_3497,11608.848681272815
00e12e8b_3498,11608.848628195065
00e12e8b_3499,11608.848870534895
00e12e8b_3500,11608.848894916671
00e12e8b_3501,11608.848922571662
00e12e8b_3502,11608.848628195065
00e12e8b_3503,11608.85862514488
00e12e8b_3504,11608.86905919635
00e12e8b_3505,11608.8686296446
00e12e8b_3506,11608.868614390623
00e12e8b_3507,11608.868605821302
00e12e8b_3508,11608.86859391386
00e12e8b_3509,11608.868682491791
00e12e8b_3510,11608.868634020664
00e12e8b_3511,11608.878621486498
00e12e8b_3512,11608.878616759524
00e12e8b_3513,11608.878622740376
00e12e8b_3514,11608.878633862269
00e12e8b_3515,11608.868620230684
00e12e8b_3516,11608.868619029152
00e12e8b_3517,11608.868682491791
00e12e8b_3518,11608.868774992005
00e12e8b_3519,11608.878637055106
00e12e8b_3520,11608.878677412606
00e12e8b_3521,11608.878593602183
00e12e8b_3522,11608.878616445832
00e12e8b_3523,11608.87860105866
00e12e8b_3524,11608.868619029152
00e12e8b_3525,11608.868614512234
00e12e8b_3526,11608.868619029152
00e12e8b_3527,11608.868774992005
00e12e8b_3528,11608.878708367767
00e12e8b_3529,11608.878616759524
00e12e8b_3530,11608.868634020664
00e12e8b_3531,11608.868614512234
00e12e8b_3532,11608.868914673783
00e12e8b_3533,11608.868714235692
00e12e8b_3534,11608.85861208903
00e12e8b_3535,11608.858631088133
00e12e8b_3536,11608.868614512234
00e12e8b_3537,11608.858594353344
00e12e8b_3538,11608.858617827093
00e12e8b_3539,11608.85861237312
00e12e8b_3540,11608.858628110847
00e12e8b_3541,11608.848646433447
00e12e8b_3542,11608.848790604785
00e12e8b_3543,11608.83859561955
00e12e8b_3544,11608.848708527225
00e12e8b_3545,11608.848694499678
00e12e8b_3546,11608.838692506106
00e12e8b_3547,11608.838617524158
00e12e8b_3548,11608.838673444854
00e12e8b_3549,11608.828696867547
00e12e8b_3550,11608.828692462335
00e12e8b_3551,11608.818996432494
00e12e8b_3552,11608.818840801883
00e12e8b_3553,11608.808641353817
00e12e8b_3554,11608.809008660608
00e12e8b_3555,11608.798723979276
00e12e8b_3556,11608.788635181749
00e12e8b_3557,11608.778814935302
00e12e8b_3558,11608.778964938943
00e12e8b_3559,11608.768629340102
00e12e8b_3560,11608.768629370175
00e12e8b_3561,11608.748699784845
00e12e8b_3562,11608.718616557004
00e12e8b_3563,11608.678641467804
00e12e8b_3564,11608.638797535696
00e12e8b_3565,11608.608593359297
00e12e8b_3566,11608.558594227836
00e12e8b_3567,11608.528630134988
00e12e8b_3568,11608.488647502876
00e12e8b_3569,11608.448695903671
00e12e8b_3570,11608.40862347348
00e12e8b_3571,11608.36866951588
00e12e8b_3572,11608.328725526044
00e12e8b_3573,11608.298594038502
00e12e8b_3574,11608.25861021902
00e12e8b_3575,11608.208614268153
00e12e8b_3576,11608.178598518592
00e12e8b_3577,11608.138681515282
00e12e8b_3578,11608.098650846883
00e12e8b_3579,11608.068805302111
00e12e8b_3580,11608.018940833412
00e12e8b_3581,11607.97873381406
00e12e8b_3582,11607.948809431926
00e12e8b_3583,11607.908982667295
00e12e8b_3584,11607.8691849467
00e12e8b_3585,11607.828617727546
00e12e8b_3586,11607.78964224366
00e12e8b_3587,11607.749950958758
00e12e8b_3588,11607.709272011702
00e12e8b_3589,11607.679080711408
00e12e8b_3590,11607.628886412043
00e12e8b_3591,11607.589704604115
00e12e8b_3592,11607.55942327723
00e12e8b_3593,11607.518827785309
00e12e8b_3594,11607.479577663704
00e12e8b_3595,11607.438854362406
00e12e8b_3596,11607.399661550353
00e12e8b_3597,11607.359864815808
00e12e8b_3598,11607.326295580244
00e12e8b_3599,11607.28671066062
00e12e8b_3600,11607.246871060855
00e12e8b_3601,11607.20197194228
00e12e8b_3602,11607.169786295712
00e12e8b_3603,11607.12955425803
00e12e8b_3604,11607.080200052256
00e12e8b_3605,11607.044689607834
00e12e8b_3606,11607.016211139851
00e12e8b_3607,11606.975866688568
00e12e8b_3608,11606.935227667418
00e12e8b_3609,11606.884424025431
00e12e8b_3610,11606.853454527993
00e12e8b_3611,11606.814638036423
00e12e8b_3612,11606.794570184287
00e12e8b_3613,11606.763693899113
00e12e8b_3614,11606.75083799003
00e12e8b_3615,11606.733678337736
00e12e8b_3616,11606.711406075116
00e12e8b_3617,11606.683622616352
00e12e8b_3618,11606.673806457133
00e12e8b_3619,11606.654367510238
00e12e8b_3620,11606.623265537626
00e12e8b_3621,11606.604422310444
00e12e8b_3622,11606.59425252229
00e12e8b_3623,11606.569051006953
00e12e8b_3624,11606.553389298975
00e12e8b_3625,11606.53404497736
00e12e8b_3626,11606.524755084189
00e12e8b_3627,11606.496241707246
00e12e8b_3628,11606.475047685148
00e12e8b_3629,11606.45628401465
00e12e8b_3630,11606.437694549411
00e12e8b_3631,11606.42766297987
00e12e8b_3632,11606.407472544335
00e12e8b_3633,11606.389097286608
00e12e8b_3634,11606.367898972863
00e12e8b_3635,11606.347430303163
00e12e8b_3636,11606.327938339566
00e12e8b_3637,11606.307919816403
00e12e8b_3638,11606.28685318174
00e12e8b_3639,11606.267031025604
00e12e8b_3640,11606.249022881868
00e12e8b_3641,11606.237879508222
00e12e8b_3642,11606.218954488908
00e12e8b_3643,11606.196386601228
00e12e8b_3644,11606.17913823212
00e12e8b_3645,11606.146345321817
00e12e8b_3646,11606.137140593688
00e12e8b_3647,11606.117916708268
00e12e8b_3648,11606.097660644302
00e12e8b_3649,11606.077638172885
00e12e8b_3650,11606.057435099829
00e12e8b_3651,11606.034761121353
00e12e8b_3652,11606.024295319889
00e12e8b_3653,11606.008552954943
00e12e8b_3654,11605.977639132583
00e12e8b_3655,11605.959122789116
00e12e8b_3656,11605.930102828464
00e12e8b_3657,11605.909184902728
00e12e8b_3658,11605.899433088856
00e12e8b_3659,11605.879230867
00e12e8b_3660,11605.859592235072
00e12e8b_3661,11605.838871341872
00e12e8b_3662,11605.819620922932
00e12e8b_3663,11605.78912414662
00e12e8b_3664,11605.777806733013
00e12e8b_3665,11605.769257285836
00e12e8b_3666,11605.739687378076
00e12e8b_3667,11605.72414881332
00e12e8b_3668,11605.704197590536
00e12e8b_3669,11605.679335781437
00e12e8b_3670,11605.658849082589
00e12e8b_3671,11605.639734057626
00e12e8b_3672,11605.609698799251
00e12e8b_3673,11605.579789462974
00e12e8b_3674,11605.559594606022
00e12e8b_3675,11605.529892704191
00e12e8b_3676,11605.499390879788
00e12e8b_3677,11605.480171296716
00e12e8b_3678,11605.458971530485
00e12e8b_3679,11605.429736178654
00e12e8b_3680,11605.399309211196
00e12e8b_3681,11605.378945423634
00e12e8b_3682,11605.349396018282
00e12e8b_3683,11605.319560357471
00e12e8b_3684,11605.288815201742
00e12e8b_3685,11605.258814186323
00e12e8b_3686,11605.218845150335
00e12e8b_3687,11605.18971488836
00e12e8b_3688,11605.150167422162
00e12e8b_3689,11605.120014437993
00e12e8b_3690,11605.09191209841
00e12e8b_3691,11605.059734395578
00e12e8b_3692,11605.030485845447
00e12e8b_3693,11605.001576366432
00e12e8b_3694,11604.970200034806
00e12e8b_3695,11604.939775406296
00e12e8b_3696,11604.910516819651
00e12e8b_3697,11604.881417628963
00e12e8b_3698,11604.83991440838
00e12e8b_3699,11604.8100929068
00e12e8b_3700,11604.78222284038
00e12e8b_3701,11604.752968793931
00e12e8b_3702,11604.720648511702
00e12e8b_3703,11604.693495681187
00e12e8b_3704,11604.651338183994
00e12e8b_3705,11604.620216234682
00e12e8b_3706,11604.589656115191
00e12e8b_3707,11604.55961738548
00e12e8b_3708,11604.53047562624
00e12e8b_3709,11604.489769180776
00e12e8b_3710,11604.45147958325
00e12e8b_3711,11604.420323027342
00e12e8b_3712,11604.3999416652
00e12e8b_3713,11604.370622301783
00e12e8b_3714,11604.331130012926
00e12e8b_3715,11604.301409356236
00e12e8b_3716,11604.286283820453
00e12e8b_3717,11604.258470605058
00e12e8b_3718,11604.209299421793
00e12e8b_3719,11604.18310475817
00e12e8b_3720,11604.153031049806
00e12e8b_3721,11604.120280965424
00e12e8b_3722,11604.092369117649
00e12e8b_3723,11604.062925564627
00e12e8b_3724,11604.023419047197
00e12e8b_3725,11603.999870530975
00e12e8b_3726,11603.963547986312
00e12e8b_3727,11603.95240716819
00e12e8b_3728,11603.89891879401
00e12e8b_3729,11603.868863339922
00e12e8b_3730,11603.842453273228
00e12e8b_3731,11603.80965836118
00e12e8b_3732,11603.768798442436
00e12e8b_3733,11603.771473131084
00e12e8b_3734,11603.733685301537
00e12e8b_3735,11603.689266792751
00e12e8b_3736,11603.662297146304
00e12e8b_3737,11603.618600554197
00e12e8b_3738,11603.612782475877
00e12e8b_3739,11603.573587944707
00e12e8b_3740,11603.530638085476
00e12e8b_3741,11603.513686907198
00e12e8b_3742,11603.481440667008
00e12e8b_3743,11603.442010071927
00e12e8b_3744,11603.389278675377
00e12e8b_3745,11603.359250051491
00e12e8b_3746,11603.33216368215
00e12e8b_3747,11603.300086812736
00e12e8b_3748,11603.2642075803
00e12e8b_3749,11603.237381579049
00e12e8b_3750,11603.197168301906
00e12e8b_3751,11603.168058356248
00e12e8b_3752,11603.124843281152
00e12e8b_3753,11603.106353978732
00e12e8b_3754,11603.06816828078
00e12e8b_3755,11603.03503194842
00e12e8b_3756,11602.999293077211
00e12e8b_3757,11602.9683065864
00e12e8b_3758,11602.935798180137
00e12e8b_3759,11602.902339922091
00e12e8b_3760,11602.86953549131
00e12e8b_3761,11602.840503574798
00e12e8b_3762,11602.799586849513
00e12e8b_3763,11602.765854108497
00e12e8b_3764,11602.73068055438
00e12e8b_3765,11602.696522895234
00e12e8b_3766,11602.666878142552
00e12e8b_3767,11602.631064562396
00e12e8b_3768,11602.607077219587
00e12e8b_3769,11602.56693645916
00e12e8b_3770,11602.539397115284
00e12e8b_3771,11602.495533589545
00e12e8b_3772,11602.469991188676
00e12e8b_3773,11602.439011411523
00e12e8b_3774,11602.400599319546
00e12e8b_3775,11602.370864062366
00e12e8b_3776,11602.34098388622
00e12e8b_3777,11602.315461911236
00e12e8b_3778,11602.263323393903
00e12e8b_3779,11602.224783713064
00e12e8b_3780,11602.208588150375
00e12e8b_3781,11602.16762490002
00e12e8b_3782,11602.134768573816
00e12e8b_3783,11602.095597534384
00e12e8b_3784,11602.075239416552
00e12e8b_3785,11602.036005367305
00e12e8b_3786,11602.003601525788
00e12e8b_3787,11601.96382442645
00e12e8b_3788,11601.945769186552
00e12e8b_3789,11601.904169670035
00e12e8b_3790,11601.874467285586
00e12e8b_3791,11601.83458901507
00e12e8b_3792,11601.818672169418
00e12e8b_3793,11601.77509001053
00e12e8b_3794,11601.738801433958
00e12e8b_3795,11601.705415099674
00e12e8b_3796,11601.686145683434
00e12e8b_3797,11601.638965994713
00e12e8b_3798,11601.612492844271
00e12e8b_3799,11601.56908081862
00e12e8b_3800,11601.548595105713
00e12e8b_3801,11601.526881004977
00e12e8b_3802,11601.478727439708
00e12e8b_3803,11601.45433470352
00e12e8b_3804,11601.427479210495
00e12e8b_3805,11601.393137125937
00e12e8b_3806,11601.349450794096
00e12e8b_3807,11601.323509020363
00e12e8b_3808,11601.28939321518
00e12e8b_3809,11601.2655336816
00e12e8b_3810,11601.240999471787
00e12e8b_3811,11601.204326743307
00e12e8b_3812,11601.179653399877
00e12e8b_3813,11601.1299229978
00e12e8b_3814,11601.104793438675
00e12e8b_3815,11601.084072331054
00e12e8b_3816,11601.055790954895
00e12e8b_3817,11601.023195854355
00e12e8b_3818,11600.985795135162
00e12e8b_3819,11600.964247594562
00e12e8b_3820,11600.9362890044
00e12e8b_3821,11600.893243839684
00e12e8b_3822,11600.866983919614
00e12e8b_3823,11600.841862353787
00e12e8b_3824,11600.8022298884
00e12e8b_3825,11600.760493242404
00e12e8b_3826,11600.742787863126
00e12e8b_3827,11600.719207878674
00e12e8b_3828,11600.68482620109
00e12e8b_3829,11600.65507050382
00e12e8b_3830,11600.617695504105
00e12e8b_3831,11600.595020114024
00e12e8b_3832,11600.564697643262
00e12e8b_3833,11600.530377740424
00e12e8b_3834,11600.49518523796
00e12e8b_3835,11600.48087384453
00e12e8b_3836,11600.43760470612
00e12e8b_3837,11600.403718654945
00e12e8b_3838,11600.373118294836
00e12e8b_3839,11600.34013524396
00e12e8b_3840,11600.314585100896
00e12e8b_3841,11600.284682304278
00e12e8b_3842,11600.252895517462
00e12e8b_3843,11600.225937450925
00e12e8b_3844,11600.179163020235
00e12e8b_3845,11600.166054336849
00e12e8b_3846,11600.12728838462
00e12e8b_3847,11600.106648642077
00e12e8b_3848,11600.076748124837
00e12e8b_3849,11600.029408493068
00e12e8b_3850,11600.003219571976
00e12e8b_3851,11599.987644715444
00e12e8b_3852,11599.951963503132
00e12e8b_3853,11599.913195855846
00e12e8b_3854,11599.883857422645
00e12e8b_3855,11599.873999089628
00e12e8b_3856,11599.820241277706
00e12e8b_3857,11599.80339100562
00e12e8b_3858,11599.771605449052
00e12e8b_3859,11599.74396363838
00e12e8b_3860,11599.714252268226
00e12e8b_3861,11599.682007251497
00e12e8b_3862,11599.648191679298
00e12e8b_3863,11599.62299242338
00e12e8b_3864,11599.59542012283
00e12e8b_3865,11599.563976830705
00e12e8b_3866,11599.539082077594
00e12e8b_3867,11599.50630741203
00e12e8b_3868,11599.476604835883
00e12e8b_3869,11599.440564504514
00e12e8b_3870,11599.424463301648
00e12e8b_3871,11599.385300697502
00e12e8b_3872,11599.357800209127
00e12e8b_3873,11599.32543818658
00e12e8b_3874,11599.306087985426
00e12e8b_3875,11599.26551357375
00e12e8b_3876,11599.229731722418
00e12e8b_3877,11599.206104803936
00e12e8b_3878,11599.174226599464
00e12e8b_3879,11599.140385394194
00e12e8b_3880,11599.115232900902
00e12e8b_3881,11599.095002688104
00e12e8b_3882,11599.055394011912
00e12e8b_3883,11599.025237466429
00e12e8b_3884,11599.008095173833
00e12e8b_3885,11598.96433005416
00e12e8b_3886,11598.945995352971
00e12e8b_3887,11598.914007402682
00e12e8b_3888,11598.886589355272
00e12e8b_3889,11598.857452149934
00e12e8b_3890,11598.84092455213
00e12e8b_3891,11598.810373019478
00e12e8b_3892,11598.777645897357
00e12e8b_3893,11598.748724867486
00e12e8b_3894,11598.713319216546
00e12e8b_3895,11598.685233375096
00e12e8b_3896,11598.654664432868
00e12e8b_3897,11598.645664463676
00e12e8b_3898,11598.591844538238
00e12e8b_3899,11598.575445517945
00e12e8b_3900,11598.549007038517
00e12e8b_3901,11598.513220637586
00e12e8b_3902,11598.481973720618
00e12e8b_3903,11598.461483109108
00e12e8b_3904,11598.424079053875
00e12e8b_3905,11598.399369362643
00e12e8b_3906,11598.375022611945
00e12e8b_3907,11598.339968027498
00e12e8b_3908,11598.315610469288
00e12e8b_3909,11598.280564842353
00e12e8b_3910,11598.256560328597
00e12e8b_3911,11598.229283195333
00e12e8b_3912,11598.201356344547
00e12e8b_3913,11598.17165156639
00e12e8b_3914,11598.145206397949
00e12e8b_3915,11598.11145515269
00e12e8b_3916,11598.090582293058
00e12e8b_3917,11598.058725773632
00e12e8b_3918,11598.029664207155
00e12e8b_3919,11598.00130336214
00e12e8b_3920,11597.96199775742
00e12e8b_3921,11597.944971038238
00e12e8b_3922,11597.916080099909
00e12e8b_3923,11597.889471592824
00e12e8b_3924,11597.858446433936
00e12e8b_3925,11597.826061722166
00e12e8b_3926,11597.7961382722
00e12e8b_3927,11597.780120200196
00e12e8b_3928,11597.734936035587
00e12e8b_3929,11597.707149639924
00e12e8b_3930,11597.677342852565
00e12e8b_3931,11597.64762718435
00e12e8b_3932,11597.621426284082
00e12e8b_3933,11597.585254233743
00e12e8b_3934,11597.560206789884
00e12e8b_3935,11597.53043610524
00e12e8b_3936,11597.502457801384
00e12e8b_3937,11597.47109950761
00e12e8b_3938,11597.452547311768
00e12e8b_3939,11597.418779987463
00e12e8b_3940,11597.383903961763
00e12e8b_3941,11597.362807853997
00e12e8b_3942,11597.322344014745
00e12e8b_3943,11597.301412866196
00e12e8b_3944,11597.264117892391
00e12e8b_3945,11597.242078008136
00e12e8b_3946,11597.214039906512
00e12e8b_3947,11597.184775848513
00e12e8b_3948,11597.153389893128
00e12e8b_3949,11597.128536975064
00e12e8b_3950,11597.097189739365
00e12e8b_3951,11597.06388168741
00e12e8b_3952,11597.035067006093
00e12e8b_3953,11596.993989726549
00e12e8b_3954,11596.974869936232
00e12e8b_3955,11596.934432695967
00e12e8b_3956,11596.915114725736
00e12e8b_3957,11596.875578512452
00e12e8b_3958,11596.855136858085
00e12e8b_3959,11596.809409193203
00e12e8b_3960,11596.791307165497
00e12e8b_3961,11596.75213773912
00e12e8b_3962,11596.725562067715
00e12e8b_3963,11596.68673259049
00e12e8b_3964,11596.64874007186
00e12e8b_3965,11596.630585207597
00e12e8b_3966,11596.58759237578
00e12e8b_3967,11596.559448827253
00e12e8b_3968,11596.53128792921
00e12e8b_3969,11596.499906343544
00e12e8b_3970,11596.468848241171
00e12e8b_3971,11596.436875454612
00e12e8b_3972,11596.402145594317
00e12e8b_3973,11596.370852571536
00e12e8b_3974,11596.34120162234
00e12e8b_3975,11596.282731165742
00e12e8b_3976,11596.271728813206
00e12e8b_3977,11596.238393707115
00e12e8b_3978,11596.214119258286
00e12e8b_3979,11596.171197680973
00e12e8b_3980,11596.04893721946
00e12e8b_3981,11595.97354945528
00e12e8b_3982,11595.892987044686
00e12e8b_3983,11595.803785755525
00e12e8b_3984,11595.722871706414
00e12e8b_3985,11595.64486487086
00e12e8b_3986,11595.566461712271
00e12e8b_3987,11595.4856299188
00e12e8b_3988,11595.408256519078
00e12e8b_3989,11595.31626122815
00e12e8b_3990,11595.23841256255
00e12e8b_3991,11595.158391292733
00e12e8b_3992,11595.06830119514
00e12e8b_3993,11594.998498386212
00e12e8b_3994,11594.918346216247
00e12e8b_3995,11594.828593253756
00e12e8b_3996,11594.74856931677
00e12e8b_3997,11594.658581032303
00e12e8b_3998,11594.578588198105
00e12e8b_3999,11594.498590557549
00e12e8b_4000,11594.40858156698
00e12e8b_4001,11594.32856253461
00e12e8b_4002,11594.248584820758
00e12e8b_4003,11594.158553270652
00e12e8b_4004,11594.07852181264
00e12e8b_4005,11593.998551064184
00e12e8b_4006,11593.908413851514
00e12e8b_4007,11593.82838778261
00e12e8b_4008,11593.74828057403
00e12e8b_4009,11593.655332439248
00e12e8b_4010,11593.57484694547
00e12e8b_4011,11593.485105764134
00e12e8b_4012,11593.405976430164
00e12e8b_4013,11593.328593331731
00e12e8b_4014,11593.227279916631
00e12e8b_4015,11593.14801385706
00e12e8b_4016,11593.0680860539
00e12e8b_4017,11592.97809946302
00e12e8b_4018,11592.893950180678
00e12e8b_4019,11592.814463225051
00e12e8b_4020,11592.726735902548
00e12e8b_4021,11592.635923754922
00e12e8b_4022,11592.554156502309
00e12e8b_4023,11592.464259626136
00e12e8b_4024,11592.387082402449
00e12e8b_4025,11592.297406371988
00e12e8b_4026,11592.20821930254
00e12e8b_4027,11592.128473232691
00e12e8b_4028,11592.038480949315
00e12e8b_4029,11591.958391856097
00e12e8b_4030,11591.868225152692
00e12e8b_4031,11591.777938587837
00e12e8b_4032,11591.698273946684
00e12e8b_4033,11591.617367930778
00e12e8b_4034,11591.527689117236
00e12e8b_4035,11591.448011668164
00e12e8b_4036,11591.368187551872
00e12e8b_4037,11591.277911295743
00e12e8b_4038,11591.207601805658
00e12e8b_4039,11591.1274526221
00e12e8b_4040,11591.037894316369
00e12e8b_4041,11590.957325196949
00e12e8b_4042,11590.897563838049
00e12e8b_4043,11590.857713817164
00e12e8b_4044,11590.807465295677
00e12e8b_4045,11590.75739451118
00e12e8b_4046,11590.707353280844
00e12e8b_4047,11590.667281696167
00e12e8b_4048,11590.607434353724
00e12e8b_4049,11590.567305830906
00e12e8b_4050,11590.5170751433
00e12e8b_4051,11590.477202189271
00e12e8b_4052,11590.416956285024
00e12e8b_4053,11590.376941208888
00e12e8b_4054,11590.327152909798
00e12e8b_4055,11590.28679965146
00e12e8b_4056,11590.236127950357
00e12e8b_4057,11590.196690046349
00e12e8b_4058,11590.146809954294
00e12e8b_4059,11590.105854715604
00e12e8b_4060,11590.056312532424
00e12e8b_4061,11590.016663303555
00e12e8b_4062,11589.966328888277
00e12e8b_4063,11589.926445072451
00e12e8b_4064,11589.876987235952
00e12e8b_4065,11589.838133526013
00e12e8b_4066,11589.796816002076
00e12e8b_4067,11589.756490811262
00e12e8b_4068,11589.706118323433
00e12e8b_4069,11589.666733887883
00e12e8b_4070,11589.626608536244
00e12e8b_4071,11589.588052177563
00e12e8b_4072,11589.53595923323
00e12e8b_4073,11589.507841273658
00e12e8b_4074,11589.457791318006
00e12e8b_4075,11589.42803855031
00e12e8b_4076,11589.376701007395
00e12e8b_4077,11589.346518838393
00e12e8b_4078,11589.297764025132
00e12e8b_4079,11589.265777685565
00e12e8b_4080,11589.227691826864
00e12e8b_4081,11589.187920747174
00e12e8b_4082,11589.148109929936
00e12e8b_4083,11589.115615394405
00e12e8b_4084,11589.067760396922
00e12e8b_4085,11589.03605577003
00e12e8b_4086,11588.997456448677
00e12e8b_4087,11588.96604630956
00e12e8b_4088,11588.91752710872
00e12e8b_4089,11588.887319628007
00e12e8b_4090,11588.845818307922
00e12e8b_4091,11588.81521819046
00e12e8b_4092,11588.787382879009
00e12e8b_4093,11588.747158051448
00e12e8b_4094,11588.715846322306
00e12e8b_4095,11588.675683950343
00e12e8b_4096,11588.644762890928
00e12e8b_4097,11588.605518877755
00e12e8b_4098,11588.574923581504
00e12e8b_4099,11588.544642185603
00e12e8b_4100,11588.514969405534
00e12e8b_4101,11588.475010855846
00e12e8b_4102,11588.444753297965
00e12e8b_4103,11588.414937487536
00e12e8b_4104,11588.384631623943
00e12e8b_4105,11588.34463628514
00e12e8b_4106,11588.324362114168
00e12e8b_4107,11588.283873640228
00e12e8b_4108,11588.2542204041
00e12e8b_4109,11588.223863711724
00e12e8b_4110,11588.192567058752
00e12e8b_4111,11588.162908376344
00e12e8b_4112,11588.132398458883
00e12e8b_4113,11588.102231637
00e12e8b_4114,11588.072124352742
00e12e8b_4115,11588.052667009102
00e12e8b_4116,11588.022232522377
00e12e8b_4117,11587.992041403668
00e12e8b_4118,11587.96184163995
00e12e8b_4119,11587.942214453127
00e12e8b_4120,11587.911964814532
00e12e8b_4121,11587.88191539004
00e12e8b_4122,11587.862625926811
00e12e8b_4123,11587.831974464953
00e12e8b_4124,11587.812127703835
00e12e8b_4125,11587.782095647432
00e12e8b_4126,11587.760792063293
00e12e8b_4127,11587.732037722828
00e12e8b_4128,11587.71198777482
00e12e8b_4129,11587.692192732757
00e12e8b_4130,11587.66328203724
00e12e8b_4131,11587.641921131974
00e12e8b_4132,11587.611549584724
00e12e8b_4133,11587.592204422845
00e12e8b_4134,11587.562275892446
00e12e8b_4135,11587.542518622398
00e12e8b_4136,11587.532051808284
00e12e8b_4137,11587.502373789446
00e12e8b_4138,11587.481804051731
00e12e8b_4139,11587.462053743711
00e12e8b_4140,11587.441828696015
00e12e8b_4141,11587.41186076046
00e12e8b_4142,11587.40190140112
00e12e8b_4143,11587.381908582396
00e12e8b_4144,11587.36168775558
00e12e8b_4145,11587.34194187264
00e12e8b_4146,11587.321826035117
00e12e8b_4147,11587.311815546183
00e12e8b_4148,11587.291648968545
00e12e8b_4149,11587.28178860046
00e12e8b_4150,11587.261863255018
00e12e8b_4151,11587.241751330734
00e12e8b_4152,11587.23208034288
00e12e8b_4153,11587.212887551968
00e12e8b_4154,11587.211810618508
00e12e8b_4155,11587.19176618352
00e12e8b_4156,11587.181213832871
00e12e8b_4157,11587.17126164483
00e12e8b_4158,11587.161831250209
00e12e8b_4159,11587.1516712682
00e12e8b_4160,11587.131836244009
00e12e8b_4161,11587.13195963684
00e12e8b_4162,11587.13181468096
00e12e8b_4163,11587.112212529497
00e12e8b_4164,11587.111739752054
00e12e8b_4165,11587.101772467226
00e12e8b_4166,11587.091825108118
00e12e8b_4167,11587.081752754428
00e12e8b_4168,11587.081607716667
00e12e8b_4169,11587.082179536988
00e12e8b_4170,11587.07194373924
00e12e8b_4171,11587.071864939133
00e12e8b_4172,11587.061793344576
00e12e8b_4173,11587.061754465434
00e12e8b_4174,11587.061868634331
00e12e8b_4175,11587.061409865468
00e12e8b_4176,11587.061855522152
00e12e8b_4177,11587.051739725375
00e12e8b_4178,11587.061993681838
00e12e8b_4179,11587.051765302287
00e12e8b_4180,11587.061793344576
00e12e8b_4181,11587.061749014534
00e12e8b_4182,11587.061409865468
00e12e8b_4183,11587.071017672266
00e12e8b_4184,11587.081982911806
00e12e8b_4185,11587.08208424548
00e12e8b_4186,11587.081735111053
00e12e8b_4187,11587.09209391296
00e12e8b_4188,11587.091857278894
00e12e8b_4189,11587.102066345147
00e12e8b_4190,11587.112113279492
00e12e8b_4191,11587.123335078386
00e12e8b_4192,11587.143212789906
00e12e8b_4193,11587.163914462131
00e12e8b_4194,11587.183467489634
00e12e8b_4195,11587.21184331804
00e12e8b_4196,11587.2224081513
00e12e8b_4197,11587.253332628889
00e12e8b_4198,11587.274350524664
00e12e8b_4199,11587.30387309643
00e12e8b_4200,11587.31351506672
00e12e8b_4201,11587.3434054423
00e12e8b_4202,11587.373542328058
00e12e8b_4203,11587.403969445128
00e12e8b_4204,11587.43350506028
00e12e8b_4205,11587.454106166237
00e12e8b_4206,11587.474050371093
00e12e8b_4207,11587.513731162544
00e12e8b_4208,11587.544153482584
00e12e8b_4209,11587.563828064463
00e12e8b_4210,11587.593729791042
00e12e8b_4211,11587.623964884666
00e12e8b_4212,11587.654716569214
00e12e8b_4213,11587.69379751906
00e12e8b_4214,11587.714000265763
00e12e8b_4215,11587.754014353864
00e12e8b_4216,11587.784964339362
00e12e8b_4217,11587.82412792392
00e12e8b_4218,11587.85254376956
00e12e8b_4219,11587.884042982285
00e12e8b_4220,11587.922537061631
00e12e8b_4221,11587.96287913209
00e12e8b_4222,11587.99309854092
00e12e8b_4223,11588.024934964498
00e12e8b_4224,11588.05439844854
00e12e8b_4225,11588.094538178057
00e12e8b_4226,11588.1346229405
00e12e8b_4227,11588.174447565549
00e12e8b_4228,11588.20515570923
00e12e8b_4229,11588.244320715816
00e12e8b_4230,11588.274733081871
00e12e8b_4231,11588.32295155106
00e12e8b_4232,11588.334733885098
00e12e8b_4233,11588.355341039638
00e12e8b_4234,11588.362993942714
00e12e8b_4235,11588.38448686062
00e12e8b_4236,11588.394878684603
00e12e8b_4237,11588.41478803772
00e12e8b_4238,11588.434365910804
00e12e8b_4239,11588.454553791607
00e12e8b_4240,11588.465340916797
00e12e8b_4241,11588.48555027108
00e12e8b_4242,11588.4947012124
00e12e8b_4243,11588.51540292702
00e12e8b_4244,11588.525600111265
00e12e8b_4245,11588.545383034994
00e12e8b_4246,11588.555174492778
00e12e8b_4247,11588.57521073598
00e12e8b_4248,11588.595556506069
00e12e8b_4249,11588.60551171365
00e12e8b_4250,11588.627342530992
00e12e8b_4251,11588.64556151705
00e12e8b_4252,11588.667767018638
00e12e8b_4253,11588.68596847811
00e12e8b_4254,11588.717456608809
00e12e8b_4255,11588.738161075868
00e12e8b_4256,11588.766293834837
00e12e8b_4257,11588.787687630287
00e12e8b_4258,11588.81779097983
00e12e8b_4259,11588.837934355504
00e12e8b_4260,11588.867770112773
00e12e8b_4261,11588.885653011344
00e12e8b_4262,11588.947704108392
00e12e8b_4263,11589.006023299842
00e12e8b_4264,11589.068397330357
00e12e8b_4265,11589.116580626154
00e12e8b_4266,11589.188134625172
00e12e8b_4267,11589.236836924068
00e12e8b_4268,11589.296095814314
00e12e8b_4269,11589.358356331515
00e12e8b_4270,11589.418137604029
00e12e8b_4271,11589.468568690769
00e12e8b_4272,11589.528587017634
00e12e8b_4273,11589.588500629425
00e12e8b_4274,11589.63683191638
00e12e8b_4275,11589.707253113937
00e12e8b_4276,11589.75848858412
00e12e8b_4277,11589.816607038209
00e12e8b_4278,11589.878358682528
00e12e8b_4279,11589.936753806238
00e12e8b_4280,11589.986747022973
00e12e8b_4281,11590.057495080222
00e12e8b_4282,11590.108593296956
00e12e8b_4283,11590.166964293165
00e12e8b_4284,11590.22703573507
00e12e8b_4285,11590.287117633485
00e12e8b_4286,11590.337419290889
00e12e8b_4287,11590.397485909578
00e12e8b_4288,11590.457485664552
00e12e8b_4289,11590.506756150013
00e12e8b_4290,11590.57693881368
00e12e8b_4291,11590.627953423553
00e12e8b_4292,11590.677785095317
00e12e8b_4293,11590.707959172136
00e12e8b_4294,11590.757151989936
00e12e8b_4295,11590.797687117878
00e12e8b_4296,11590.827871886304
00e12e8b_4297,11590.87776005266
00e12e8b_4298,11590.907790493724
00e12e8b_4299,11590.958049664978
00e12e8b_4300,11590.997888843622
00e12e8b_4301,11591.038240737833
00e12e8b_4302,11591.06784560814
00e12e8b_4303,11591.097932899158
00e12e8b_4304,11591.138152495569
00e12e8b_4305,11591.167612420197
00e12e8b_4306,11591.19824943832
00e12e8b_4307,11591.228417678862
00e12e8b_4308,11591.268300551412
00e12e8b_4309,11591.297514609303
00e12e8b_4310,11591.326029042257
00e12e8b_4311,11591.357902304038
00e12e8b_4312,11591.387846562233
00e12e8b_4313,11591.42768373049
00e12e8b_4314,11591.457941155324
00e12e8b_4315,11591.497973881926
00e12e8b_4316,11591.517742895076
00e12e8b_4317,11591.547987527056
00e12e8b_4318,11591.588107328264
00e12e8b_4319,11591.61805757951
00e12e8b_4320,11591.65858081978
00e12e8b_4321,11591.67857001811
00e12e8b_4322,11591.708371269364
00e12e8b_4323,11591.74823427713
00e12e8b_4324,11591.778263932729
00e12e8b_4325,11591.808547894056
00e12e8b_4326,11591.848592868691
00e12e8b_4327,11591.86857862181
00e12e8b_4328,11591.90850881498
00e12e8b_4329,11591.938590925502
00e12e8b_4330,11591.96826906072
00e12e8b_4331,11592.008582118691
00e12e8b_4332,11592.028537798044
00e12e8b_4333,11592.068329088012
00e12e8b_4334,11592.098414263472
00e12e8b_4335,11592.127138177972
00e12e8b_4336,11592.167584929624
00e12e8b_4337,11592.187191357312
00e12e8b_4338,11592.22734560164
00e12e8b_4339,11592.257245906603
00e12e8b_4340,11592.287248058456
00e12e8b_4341,11592.437546102745
00e12e8b_4342,11592.58472218006
00e12e8b_4343,11592.756028379774
00e12e8b_4344,11592.91512620499
00e12e8b_4345,11593.068122787074
00e12e8b_4346,11593.235522423493
00e12e8b_4347,11593.394545666184
00e12e8b_4348,11593.565193296316
00e12e8b_4349,11593.716120250843
00e12e8b_4350,11593.878590494316
00e12e8b_4351,11594.048411383475
00e12e8b_4352,11594.19583505473
00e12e8b_4353,11594.367862493744
00e12e8b_4354,11594.528456362154
00e12e8b_4355,11594.558593261503
00e12e8b_4356,11594.60858381158
00e12e8b_4357,11594.638484812358
00e12e8b_4358,11594.688558384289
00e12e8b_4359,11594.728490247848
00e12e8b_4360,11594.758543970584
00e12e8b_4361,11594.80854143623
00e12e8b_4362,11594.83799539128
00e12e8b_4363,11594.888449927916
00e12e8b_4364,11594.927850449309
00e12e8b_4365,11594.968198093477
00e12e8b_4366,11595.008265110404
00e12e8b_4367,11595.038086870189
00e12e8b_4368,11595.088280108346
00e12e8b_4369,11595.128019312777
00e12e8b_4370,11595.168068598245
00e12e8b_4371,11595.207927829157
00e12e8b_4372,11595.248211339524
00e12e8b_4373,11595.283854169098
00e12e8b_4374,11595.31293835684
00e12e8b_4375,11595.363323350955
00e12e8b_4376,11595.400951132837
00e12e8b_4377,11595.440979053525
00e12e8b_4378,11595.480810681336
00e12e8b_4379,11595.52186530667
00e12e8b_4380,11595.558505737565
00e12e8b_4381,11595.601605834414
00e12e8b_4382,11595.635619942825
00e12e8b_4383,11595.674572607137
00e12e8b_4384,11595.719453071297
00e12e8b_4385,11595.76049120877
00e12e8b_4386,11595.807818219311
00e12e8b_4387,11595.839900133948
00e12e8b_4388,11595.88561175727
00e12e8b_4389,11595.917792223208
00e12e8b_4390,11595.96493107029
00e12e8b_4391,11595.97758247833
00e12e8b_4392,11596.036814498812
00e12e8b_4393,11596.083806984365
00e12e8b_4394,11596.113521533332
00e12e8b_4395,11596.165659214344
00e12e8b_4396,11596.194963335656
00e12e8b_4397,11596.244498967744
00e12e8b_4398,11596.281876283889
00e12e8b_4399,11596.318639693229
00e12e8b_4400,11596.36546514372
00e12e8b_4401,11596.404464477297
00e12e8b_4402,11596.445081577236
00e12e8b_4403,11596.467447807125
00e12e8b_4404,11596.516853722913
00e12e8b_4405,11596.56226835115
00e12e8b_4406,11596.602505993242
00e12e8b_4407,11596.642018510109
00e12e8b_4408,11596.682813845184
00e12e8b_4409,11596.720372614514
00e12e8b_4410,11596.765138869228
00e12e8b_4411,11596.81310657582
00e12e8b_4412,11596.850430518813
00e12e8b_4413,11596.897910519989
00e12e8b_4414,11596.938588602594
00e12e8b_4415,11596.968584839577
00e12e8b_4416,11597.010697029378
00e12e8b_4417,11597.041701587865
00e12e8b_4418,11597.08853494368
00e12e8b_4419,11597.123517618786
00e12e8b_4420,11597.157894639617
00e12e8b_4421,11597.188168161954
00e12e8b_4422,11597.228158664107
00e12e8b_4423,11597.264583605407
00e12e8b_4424,11597.29668985733
00e12e8b_4425,11597.334900147323
00e12e8b_4426,11597.366635973036
00e12e8b_4427,11597.39396364766
00e12e8b_4428,11597.438131034223
00e12e8b_4429,11597.468600100834
00e12e8b_4430,11597.512685482365
00e12e8b_4431,11597.541818908549
00e12e8b_4432,11597.571840607883
00e12e8b_4433,11597.62450791169
00e12e8b_4434,11597.65244780321
00e12e8b_4435,11597.69731135215
00e12e8b_4436,11597.731442450866
00e12e8b_4437,11597.74995764487
00e12e8b_4438,11597.803423616751
00e12e8b_4439,11597.836013946451
00e12e8b_4440,11597.871930662444
00e12e8b_4441,11597.907082451346
00e12e8b_4442,11597.939348051075
00e12e8b_4443,11597.968143692846
00e12e8b_4444,11597.99458753228
00e12e8b_4445,11598.048224946158
00e12e8b_4446,11598.078184316808
00e12e8b_4447,11598.107046150906
00e12e8b_4448,11598.14465866712
00e12e8b_4449,11598.177195777982
00e12e8b_4450,11598.207448659205
00e12e8b_4451,11598.247624356703
00e12e8b_4452,11598.272885713668
00e12e8b_4453,11598.312338007769
00e12e8b_4454,11598.35357392151
00e12e8b_4455,11598.389136486074
00e12e8b_4456,11598.417257774598
00e12e8b_4457,11598.458545898073
00e12e8b_4458,11598.488812107626
00e12e8b_4459,11598.527104725186
00e12e8b_4460,11598.568169074048
00e12e8b_4461,11598.592779308648
00e12e8b_4462,11598.626920258395
00e12e8b_4463,11598.666256440894
00e12e8b_4464,11598.69668139518
00e12e8b_4465,11598.732122847012
00e12e8b_4466,11598.763999055314
00e12e8b_4467,11598.801926020387
00e12e8b_4468,11598.836507253329
00e12e8b_4469,11598.858595495
00e12e8b_4470,11598.896359978806
00e12e8b_4471,11598.938681082573
00e12e8b_4472,11598.976325104948
00e12e8b_4473,11599.003299853855
00e12e8b_4474,11599.036636265502
00e12e8b_4475,11599.068596696472
00e12e8b_4476,11599.108616576656
00e12e8b_4477,11599.140952173537
00e12e8b_4478,11599.16993967978
00e12e8b_4479,11599.215394006897
00e12e8b_4480,11599.240621179804
00e12e8b_4481,11599.273927602915
00e12e8b_4482,11599.31182739607
00e12e8b_4483,11599.340320523515
00e12e8b_4484,11599.36950177784
00e12e8b_4485,11599.413790542138
00e12e8b_4486,11599.438644738848
00e12e8b_4487,11599.471196096025
00e12e8b_4488,11599.512660864528
00e12e8b_4489,11599.53980531256
00e12e8b_4490,11599.57326111565
00e12e8b_4491,11599.612737996897
00e12e8b_4492,11599.639064531502
00e12e8b_4493,11599.672751797989
00e12e8b_4494,11599.712513355697
00e12e8b_4495,11599.74028779066
00e12e8b_4496,11599.770231216442
00e12e8b_4497,11599.8021425033
00e12e8b_4498,11599.831743243942
00e12e8b_4499,11599.869968663814
00e12e8b_4500,11599.90912467012
00e12e8b_4501,11599.941307517114
00e12e8b_4502,11599.971174986891
00e12e8b_4503,11599.998964828894
00e12e8b_4504,11600.02960515323
00e12e8b_4505,11600.059732447044
00e12e8b_4506,11600.101085295471
00e12e8b_4507,11600.129604434303
00e12e8b_4508,11600.158870714053
00e12e8b_4509,11600.189465914524
00e12e8b_4510,11600.219428940409
00e12e8b_4511,11600.248960583329
00e12e8b_4512,11600.289289183382
00e12e8b_4513,11600.319481321863
00e12e8b_4514,11600.34876391096
00e12e8b_4515,11600.37915054443
00e12e8b_4516,11600.40912172321
00e12e8b_4517,11600.440210055564
00e12e8b_4518,11600.47983203632
00e12e8b_4519,11600.510024845213
00e12e8b_4520,11600.539429068518
00e12e8b_4521,11600.568924355704
00e12e8b_4522,11600.599436399998
00e12e8b_4523,11600.628863671189
00e12e8b_4524,11600.669171427162
00e12e8b_4525,11600.698801524844
00e12e8b_4526,11600.729147241
00e12e8b_4527,11600.759278983314
00e12e8b_4528,11600.789127413816
00e12e8b_4529,11601.118602569535
00e12e8b_4530,11601.138854100069
00e12e8b_4531,11601.158796320024
00e12e8b_4532,11601.178694041591
00e12e8b_4533,11601.198724878384
00e12e8b_4534,11601.22882939401
00e12e8b_4535,11601.248730495156
00e12e8b_4536,11601.268593931689
00e12e8b_4537,11601.288705737432
00e12e8b_4538,11601.308686611426
00e12e8b_4539,11601.33869546932
00e12e8b_4540,11601.35868042494
00e12e8b_4541,11601.368819193887
00e12e8b_4542,11601.39862055496
00e12e8b_4543,11601.419730179688
00e12e8b_4544,11601.43898793513
00e12e8b_4545,11601.458749849917
00e12e8b_4546,11601.478603168523
00e12e8b_4547,11601.508597776874
00e12e8b_4548,11601.518746786049
00e12e8b_4549,11601.538654958347
00e12e8b_4550,11601.56881938063
00e12e8b_4551,11601.57875544099
00e12e8b_4552,11601.59878868304
00e12e8b_4553,11601.618781637697
00e12e8b_4554,11601.638593766847
00e12e8b_4555,11601.668593369031
00e12e8b_4556,11601.678593370263
00e12e8b_4557,11601.69996587069
00e12e8b_4558,11601.71997791648
00e12e8b_4559,11601.73887989868
00e12e8b_4560,11601.748596750658
00e12e8b_4561,11601.780297804777
00e12e8b_4562,11601.788601301969
00e12e8b_4563,11601.818938106748
00e12e8b_4564,11601.828628277875
00e12e8b_4565,11601.849068363976
00e12e8b_4566,11601.868864161388
00e12e8b_4567,11601.888692277418
00e12e8b_4568,11601.898721039515
00e12e8b_4569,11601.928765581635
00e12e8b_4570,11601.938661495416
00e12e8b_4571,11601.958621790282
00e12e8b_4572,11601.978733857368
00e12e8b_4573,11601.990048647514
00e12e8b_4574,11602.018593444996
00e12e8b_4575,11602.028707023665
00e12e8b_4576,11602.03996245565
00e12e8b_4577,11602.0685938617
00e12e8b_4578,11602.078731883192
00e12e8b_4579,11602.098758254626
00e12e8b_4580,11602.118602260973
00e12e8b_4581,11602.128602759443
00e12e8b_4582,11602.14860595741
00e12e8b_4583,11602.160131550629
00e12e8b_4584,11602.17861159172
00e12e8b_4585,11602.198611952184
00e12e8b_4586,11602.20862928022
00e12e8b_4587,11602.228792115726
00e12e8b_4588,11602.248918254883
00e12e8b_4589,11602.25891154046
00e12e8b_4590,11602.278594321106
00e12e8b_4591,11602.288635717248
00e12e8b_4592,11602.298998810717
00e12e8b_4593,11602.318756683931
00e12e8b_4594,11602.338600675204
00e12e8b_4595,11602.3487695259
00e12e8b_4596,11602.368812434735
00e12e8b_4597,11602.378593954
00e12e8b_4598,11602.398598726862
00e12e8b_4599,11602.408595648085
00e12e8b_4600,11602.418724563748
00e12e8b_4601,11602.43906114841
00e12e8b_4602,11602.44859880238
00e12e8b_4603,11602.458593754603
00e12e8b_4604,11602.47910358949
00e12e8b_4605,11602.488603028329
00e12e8b_4606,11602.508594014078
00e12e8b_4607,11602.518601727215
00e12e8b_4608,11602.528642910214
00e12e8b_4609,11602.548778789462
00e12e8b_4610,11602.558790544386
00e12e8b_4611,11602.568610160171
00e12e8b_4612,11602.58880288581
00e12e8b_4613,11602.5986897994
00e12e8b_4614,11602.619319426549
00e12e8b_4615,11602.630523726142
00e12e8b_4616,11602.63913360902
00e12e8b_4617,11602.658594578405
00e12e8b_4618,11602.668947125008
00e12e8b_4619,11602.679169519117
00e12e8b_4620,11602.688614529588
00e12e8b_4621,11602.69860508856
00e12e8b_4622,11602.718624709869
00e12e8b_4623,11602.728643627985
00e12e8b_4624,11602.738594163822
00e12e8b_4625,11602.758601931304
00e12e8b_4626,11602.768596041207
00e12e8b_4627,11602.779095270898
00e12e8b_4628,11602.799409122685
00e12e8b_4629,11602.808652624746
00e12e8b_4630,11602.828829604334
00e12e8b_4631,11602.83077022618
00e12e8b_4632,11602.838604541788
00e12e8b_4633,11602.85887864345
00e12e8b_4634,11602.868856130492
00e12e8b_4635,11602.87949139504
00e12e8b_4636,11602.89861623444
00e12e8b_4637,11602.911049182438
00e12e8b_4638,11602.928898007687
00e12e8b_4639,11602.93924010864
00e12e8b_4640,11602.948894776386
00e12e8b_4641,11602.96893456067
00e12e8b_4642,11602.968721365674
00e12e8b_4643,11602.978637815164
00e12e8b_4644,11602.998683690306
00e12e8b_4645,11603.00895753685
00e12e8b_4646,11603.02932674762
00e12e8b_4647,11603.039793504253
00e12e8b_4648,11603.051224067078
00e12e8b_4649,11603.070883088203
00e12e8b_4650,11603.080475365254
00e12e8b_4651,11603.090978651137
00e12e8b_4652,11603.099096373488
00e12e8b_4653,11603.109244269588
00e12e8b_4654,11603.11867685414
00e12e8b_4655,11603.138779883271
00e12e8b_4656,11603.149282424349
00e12e8b_4657,11603.16874346079
00e12e8b_4658,11603.178827569242
00e12e8b_4659,11603.18866377221
00e12e8b_4660,11603.209009217264
00e12e8b_4661,11603.208765577892
00e12e8b_4662,11603.21867571766
00e12e8b_4663,11603.2388425083
00e12e8b_4664,11603.24923189603
00e12e8b_4665,11603.269760743377
00e12e8b_4666,11603.279432982838
00e12e8b_4667,11603.289269819596
00e12e8b_4668,11603.309167968366
00e12e8b_4669,11603.318802552742
00e12e8b_4670,11603.32029795217
00e12e8b_4671,11603.341553178394
00e12e8b_4672,11603.3509516932
00e12e8b_4673,11603.374869026791
00e12e8b_4674,11603.383639910791
00e12e8b_4675,11603.393631048648
00e12e8b_4676,11603.426729836156
00e12e8b_4677,11603.419492641362
00e12e8b_4678,11603.43010029147
00e12e8b_4679,11603.452753752434
00e12e8b_4680,11603.449989534249
00e12e8b_4681,11603.46927232416
00e12e8b_4682,11603.47961327872
00e12e8b_4683,11603.49099406285
00e12e8b_4684,11603.513979729243
00e12e8b_4685,11603.52417493122
00e12e8b_4686,11603.535603741217
00e12e8b_4687,11603.544196184304
00e12e8b_4688,11603.550106633124
00e12e8b_4689,11603.577557357845
00e12e8b_4690,11603.58042422457
00e12e8b_4691,11603.5897135204
00e12e8b_4692,11603.609001420997
00e12e8b_4693,11603.620668492467
00e12e8b_4694,11603.62906033768
00e12e8b_4695,11603.640116624383
00e12e8b_4696,11603.649094036406
00e12e8b_4697,11603.670917274816
00e12e8b_4698,11603.680605173946
00e12e8b_4699,11603.703030860828
00e12e8b_4700,11603.711319922057
00e12e8b_4701,11603.732749291688
00e12e8b_4702,11603.732989383863
00e12e8b_4703,11603.74068453823
00e12e8b_4704,11603.749965988194
00e12e8b_4705,11603.770334614332
00e12e8b_4706,11603.79327399631
00e12e8b_4707,11603.789418636648
00e12e8b_4708,11603.811483517728
00e12e8b_4709,11603.820160385689
00e12e8b_4710,11603.821543456865
00e12e8b_4711,11603.840537166094
00e12e8b_4712,11603.849292357469
00e12e8b_4713,11603.870029262069
00e12e8b_4714,11603.879807814945
00e12e8b_4715,11603.87964953636
00e12e8b_4716,11603.901143097462
00e12e8b_4717,11603.91536217123
00e12e8b_4718,11603.909929368609
00e12e8b_4719,11603.930272436524
00e12e8b_4720,11603.939152764216
00e12e8b_4721,11603.9404936293
00e12e8b_4722,11603.959124201934
00e12e8b_4723,11603.959296039897
00e12e8b_4724,11603.978809084969
00e12e8b_4725,11603.978705604071
00e12e8b_4726,11603.988679177291
00e12e8b_4727,11603.999720425862
00e12e8b_4728,11604.009443248557
00e12e8b_4729,11604.00925714793
00e12e8b_4730,11604.028684580137
00e12e8b_4731,11604.030072766289
00e12e8b_4732,11604.04921891236
00e12e8b_4733,11604.049444070455
00e12e8b_4734,11604.049250450318
00e12e8b_4735,11604.070042302395
00e12e8b_4736,11604.06876086821
00e12e8b_4737,11604.070235787687
00e12e8b_4738,11604.079585676862
00e12e8b_4739,11604.090165163758
00e12e8b_4740,11604.10028424535
00e12e8b_4741,11604.106416157556
00e12e8b_4742,11604.105258916836
00e12e8b_4743,11604.121861763642
00e12e8b_4744,11604.110235647388
00e12e8b_4745,11604.112017712669
00e12e8b_4746,11604.129845455018
00e12e8b_4747,11604.131931127182
00e12e8b_4748,11604.140416370294
00e12e8b_4749,11604.140033791124
00e12e8b_4750,11604.139476580986
00e12e8b_4751,11604.149663491124
00e12e8b_4752,11604.149754904049
00e12e8b_4753,11604.148813936945
00e12e8b_4754,11604.1494579048
00e12e8b_4755,11604.150113391634
00e12e8b_4756,11604.158977553176
00e12e8b_4757,11604.160087101134
00e12e8b_4758,11604.158703128616
00e12e8b_4759,11604.168704204814
00e12e8b_4760,11604.15961984664
00e12e8b_4761,11604.159404643362
00e12e8b_4762,11604.168677039574
00e12e8b_4763,11604.168745358473
00e12e8b_4764,11604.168704204814
00e12e8b_4765,11604.169599160552
00e12e8b_4766,11604.168797298817
00e12e8b_4767,11604.169044237928
00e12e8b_4768,11604.168797298817
00e12e8b_4769,11604.168745358473
00e12e8b_4770,11604.16908457202
00e12e8b_4771,11604.16900976991
00e12e8b_4772,11604.158607135972
00e12e8b_4773,11604.169469295666
00e12e8b_4774,11604.159487474744
00e12e8b_4775,11604.169328703396
00e12e8b_4776,11604.15862024988
00e12e8b_4777,11604.159322529214
00e12e8b_4778,11604.158645762462
00e12e8b_4779,11604.1489684477
00e12e8b_4780,11604.148649409975
00e12e8b_4781,11604.148649717996
00e12e8b_4782,11604.138611264549
00e12e8b_4783,11604.148618216544
00e12e8b_4784,11604.13898004522
00e12e8b_4785,11604.129138707309
00e12e8b_4786,11604.139527160756
00e12e8b_4787,11604.128658092448
00e12e8b_4788,11604.118609968462
00e12e8b_4789,11604.11941687848
00e12e8b_4790,11604.10859527979
00e12e8b_4791,11604.1095632184
00e12e8b_4792,11604.120863039696
00e12e8b_4793,11604.099848357666
00e12e8b_4794,11604.09911655048
00e12e8b_4795,11604.088637900768
00e12e8b_4796,11604.079099093964
00e12e8b_4797,11604.078641533946
00e12e8b_4798,11604.069321883377
00e12e8b_4799,11604.071533381206
00e12e8b_4800,11604.059635676866
00e12e8b_4801,11604.050170006256
00e12e8b_4802,11604.049380217466
00e12e8b_4803,11604.039567635367
00e12e8b_4804,11604.018635582825
00e12e8b_4805,11604.01981049822
00e12e8b_4806,11604.008723039618
00e12e8b_4807,11604.00993356066
00e12e8b_4808,11603.999657690165
00e12e8b_4809,11603.988818830869
00e12e8b_4810,11603.989243414082
00e12e8b_4811,11603.978707622984
00e12e8b_4812,11603.968778462096
00e12e8b_4813,11603.968665987024
00e12e8b_4814,11603.95929197117
00e12e8b_4815,11603.95867068602
00e12e8b_4816,11603.958731030085
00e12e8b_4817,11603.949827251818
00e12e8b_4818,11603.948794855289
00e12e8b_4819,11603.938680562884
00e12e8b_4820,11603.928907015952
00e12e8b_4821,11603.939325500476
00e12e8b_4822,11603.928685742938
00e12e8b_4823,11603.91964458681
00e12e8b_4824,11603.928685742938
00e12e8b_4825,11603.918758581864
00e12e8b_4826,11603.920348807487
00e12e8b_4827,11603.921700826697
00e12e8b_4828,11603.912109826586
00e12e8b_4829,11603.923937141366
00e12e8b_4830,11603.918307477708
00e12e8b_4831,11603.910850093826
00e12e8b_4832,11603.924801606538
00e12e8b_4833,11603.899499684763
00e12e8b_4834,11603.925574833938
00e12e8b_4835,11603.918361923274
00e12e8b_4836,11603.914898971583
00e12e8b_4837,11603.90135277456
00e12e8b_4838,11603.901752972895
00e12e8b_4839,11603.900785063135
00e12e8b_4840,11603.902154352085
00e12e8b_4841,11603.899687331015
00e12e8b_4842,11603.912216323635
00e12e8b_4843,11603.9028930694
00e12e8b_4844,11603.902441314509
00e12e8b_4845,11603.91064599699
00e12e8b_4846,11603.912962586115
00e12e8b_4847,11603.903713590342
00e12e8b_4848,11603.910030880936
00e12e8b_4849,11603.9151860984
00e12e8b_4850,11603.93672873932
00e12e8b_4851,11603.93863124374
00e12e8b_4852,11603.930540624631
00e12e8b_4853,11603.920331158706
00e12e8b_4854,11603.920953323175
00e12e8b_4855,11603.925924225608
00e12e8b_4856,11603.940871966764
00e12e8b_4857,11603.943374329663
00e12e8b_4858,11603.943108786778
00e12e8b_4859,11603.939038215049
00e12e8b_4860,11603.953014562412
00e12e8b_4861,11603.97613519552
00e12e8b_4862,11603.965652591818
00e12e8b_4863,11603.971701861394
00e12e8b_4864,11603.97246480095
00e12e8b_4865,11603.97327702954
00e12e8b_4866,11603.982733099168
00e12e8b_4867,11603.997541443026
00e12e8b_4868,11603.995452643669
00e12e8b_4869,11604.003120157922
00e12e8b_4870,11604.000770815488
00e12e8b_4871,11604.001080076225
00e12e8b_4872,11604.02049298283
00e12e8b_4873,11604.020235056028
00e12e8b_4874,11604.020658043068
00e12e8b_4875,11604.038751235512
00e12e8b_4876,11604.039539842714
00e12e8b_4877,11604.062699039338
00e12e8b_4878,11604.05950070066
00e12e8b_4879,11604.068881488609
00e12e8b_4880,11604.079005059471
00e12e8b_4881,11604.089074152
00e12e8b_4882,11604.088734005254
00e12e8b_4883,11604.111041961643
00e12e8b_4884,11604.109982283662
00e12e8b_4885,11604.132060155433
00e12e8b_4886,11604.131158821554
00e12e8b_4887,11604.140647140672
00e12e8b_4888,11604.16086858221
00e12e8b_4889,11604.160284354002
00e12e8b_4890,11604.169107435151
00e12e8b_4891,11604.193078090604
00e12e8b_4892,11604.193663318312
00e12e8b_4893,11604.210815873044
00e12e8b_4894,11604.2272464983
00e12e8b_4895,11604.233317233444
00e12e8b_4896,11604.249709525244
00e12e8b_4897,11604.252775746672
00e12e8b_4898,11604.26130932138
00e12e8b_4899,11604.280589593938
00e12e8b_4900,11604.288781944018
00e12e8b_4901,11604.30886440184
00e12e8b_4902,11604.308766723989
00e12e8b_4903,11604.320610022893
00e12e8b_4904,11604.340376063134
00e12e8b_4905,11604.348862730973
00e12e8b_4906,11604.34885051722
00e12e8b_4907,11604.368919688835
00e12e8b_4908,11604.369185848476
00e12e8b_4909,11604.38889885432
00e12e8b_4910,11604.398844733016
00e12e8b_4911,11604.40000063131
00e12e8b_4912,11604.40939163367
00e12e8b_4913,11604.420152140658
00e12e8b_4914,11604.418826804813
00e12e8b_4915,11604.438755927726
00e12e8b_4916,11604.43878465075
00e12e8b_4917,11604.438785122777
00e12e8b_4918,11604.459822387658
00e12e8b_4919,11604.45930511571
00e12e8b_4920,11604.468935994631
00e12e8b_4921,11604.468877280748
00e12e8b_4922,11604.47994694604
00e12e8b_4923,11604.490707642302
00e12e8b_4924,11604.489922462
00e12e8b_4925,11604.493073920734
00e12e8b_4926,11604.505668847896
00e12e8b_4927,11604.504440354374
00e12e8b_4928,11604.51163248087
00e12e8b_4929,11604.525914717948
00e12e8b_4930,11604.522552065702
00e12e8b_4931,11604.530411463484
00e12e8b_4932,11604.535165222238
00e12e8b_4933,11604.530293425236
00e12e8b_4934,11604.529826146892
00e12e8b_4935,11604.51969271893
00e12e8b_4936,11604.5368506414
00e12e8b_4937,11604.52995116119
00e12e8b_4938,11604.52970061528
00e12e8b_4939,11604.530609480633
00e12e8b_4940,11604.530690055284
00e12e8b_4941,11604.529197137354
00e12e8b_4942,11604.530609480633
00e12e8b_4943,11604.53021907938
00e12e8b_4944,11604.530369274007
00e12e8b_4945,11604.52995116119
00e12e8b_4946,11604.523258532368
00e12e8b_4947,11604.52995116119
00e12e8b_4948,11604.518728948857
00e12e8b_4949,11604.512137037478
00e12e8b_4950,11604.519212415937
00e12e8b_4951,11604.509597035549
00e12e8b_4952,11604.510164794165
00e12e8b_4953,11604.510982605554
00e12e8b_4954,11604.4988834449
00e12e8b_4955,11604.49870376992
00e12e8b_4956,11604.490609566568
00e12e8b_4957,11604.493212591686
00e12e8b_4958,11604.491341104702
00e12e8b_4959,11604.481968910824
00e12e8b_4960,11604.472541117617
00e12e8b_4961,11604.472421723913
00e12e8b_4962,11604.461054149038
00e12e8b_4963,11604.461087065463
00e12e8b_4964,11604.451496081729
00e12e8b_4965,11604.441125937372
00e12e8b_4966,11604.440250968735
00e12e8b_4967,11604.432004625069
00e12e8b_4968,11604.415553513678
00e12e8b_4969,11604.429251233189
00e12e8b_4970,11604.413481568508
00e12e8b_4971,11604.417033523963
00e12e8b_4972,11604.39846579033
00e12e8b_4973,11604.386423412188
00e12e8b_4974,11604.391164667746
00e12e8b_4975,11604.370864032637
00e12e8b_4976,11604.35879388168
00e12e8b_4977,11604.36146049768
00e12e8b_4978,11604.33424777834
00e12e8b_4979,11604.341148534097
00e12e8b_4980,11604.315467069078
00e12e8b_4981,11604.306939111882
00e12e8b_4982,11604.298487113154
00e12e8b_4983,11604.289493430524
00e12e8b_4984,11604.257839255562
00e12e8b_4985,11604.24282276386
00e12e8b_4986,11604.232306880174
00e12e8b_4987,11604.219714395696
00e12e8b_4988,11604.199903245684
00e12e8b_4989,11604.179454128627
00e12e8b_4990,11604.179770942965
00e12e8b_4991,11604.159900737704
00e12e8b_4992,11604.143606994783
00e12e8b_4993,11604.136446243172
00e12e8b_4994,11604.112825930892
00e12e8b_4995,11604.104300801866
00e12e8b_4996,11604.086753242686
00e12e8b_4997,11604.078825866338
00e12e8b_4998,11604.078387263196
00e12e8b_4999,11604.049779885028
00e12e8b_5000,11604.023144475776
00e12e8b_5001,11604.015457819703
00e12e8b_5002,11603.99380387024
00e12e8b_5003,11603.97546007399
00e12e8b_5004,11603.964951457565
00e12e8b_5005,11603.943050734028
00e12e8b_5006,11603.928669832096
00e12e8b_5007,11603.921455589974
00e12e8b_5008,11603.907387466576
00e12e8b_5009,11603.89489955295
00e12e8b_5010,11603.87553585295
00e12e8b_5011,11603.856208990008
00e12e8b_5012,11603.843581390214
00e12e8b_5013,11603.825260452417
00e12e8b_5014,11603.815941694626
00e12e8b_5015,11603.791795897949
00e12e8b_5016,11603.77115330193
00e12e8b_5017,11603.768164144538
00e12e8b_5018,11603.756360409048
00e12e8b_5019,11603.731922533763
00e12e8b_5020,11603.72744745368
00e12e8b_5021,11603.71311799178
00e12e8b_5022,11603.704468222008
00e12e8b_5023,11603.681884666135
00e12e8b_5024,11603.662491291245
00e12e8b_5025,11603.65988191379
00e12e8b_5026,11603.642253631706
00e12e8b_5027,11603.598793394594
00e12e8b_5028,11603.612545453178
00e12e8b_5029,11603.599957611525
00e12e8b_5030,11603.548594147427
00e12e8b_5031,11603.567405372689
00e12e8b_5032,11603.557482376424
00e12e8b_5033,11603.518596073529
00e12e8b_5034,11603.52773578424
00e12e8b_5035,11603.501166432708
00e12e8b_5036,11603.48253351871
00e12e8b_5037,11603.477475818716
00e12e8b_5038,11603.450124979096
00e12e8b_5039,11603.42599790574
00e12e8b_5040,11603.399007805629
00e12e8b_5041,11603.38969158424
00e12e8b_5042,11603.375867679935
00e12e8b_5043,11603.35627174107
00e12e8b_5044,11603.346170723862
00e12e8b_5045,11603.319247943698
00e12e8b_5046,11603.29965079062
00e12e8b_5047,11603.288934821176
00e12e8b_5048,11603.269521488604
00e12e8b_5049,11603.25896839995
00e12e8b_5050,11603.23949318273
00e12e8b_5051,11603.21918911162
00e12e8b_5052,11603.20860799196
00e12e8b_5053,11603.188593505482
00e12e8b_5054,11603.168694329765
00e12e8b_5055,11603.169293311996
00e12e8b_5056,11603.14859372538
00e12e8b_5057,11603.138596429828
00e12e8b_5058,11603.118609753285
00e12e8b_5059,11603.098595241088
00e12e8b_5060,11603.088795985326
00e12e8b_5061,11603.068748470923
00e12e8b_5062,11603.048603296687
00e12e8b_5063,11603.039069566805
00e12e8b_5064,11603.018605053456
00e12e8b_5065,11602.998645435506
00e12e8b_5066,11602.98862516747
00e12e8b_5067,11602.968615640391
00e12e8b_5068,11602.95862359907
00e12e8b_5069,11602.938614533115
00e12e8b_5070,11602.91863376985
00e12e8b_5071,11602.90861273899
00e12e8b_5072,11602.888864682403
00e12e8b_5073,11602.868825506712
00e12e8b_5074,11602.858604646435
00e12e8b_5075,11602.83891486795
00e12e8b_5076,11602.828600432376
00e12e8b_5077,11602.808881390169
00e12e8b_5078,11602.788634646136
00e12e8b_5079,11602.778608967295
00e12e8b_5080,11602.75861437415
00e12e8b_5081,11602.738615949527
00e12e8b_5082,11602.718683916872
00e12e8b_5083,11602.698702870117
00e12e8b_5084,11602.689294906042
00e12e8b_5085,11602.668760447994
00e12e8b_5086,11602.649392301637
00e12e8b_5087,11602.638717295004
00e12e8b_5088,11602.618668318091
00e12e8b_5089,11602.598611785235
00e12e8b_5090,11602.588824433627
00e12e8b_5091,11602.568819438871
00e12e8b_5092,11602.55864633466
00e12e8b_5093,11602.538627795218
00e12e8b_5094,11602.518821940042
00e12e8b_5095,11602.509537751248
00e12e8b_5096,11602.489710342405
00e12e8b_5097,11602.4594558798
00e12e8b_5098,11602.449419421402
00e12e8b_5099,11602.4324941788
00e12e8b_5100,11602.409037235808
00e12e8b_5101,11602.401169669633
00e12e8b_5102,11602.37208887036
00e12e8b_5103,11602.361318654062
00e12e8b_5104,11602.33905649894
00e12e8b_5105,11602.319109663888
00e12e8b_5106,11602.299189580364
00e12e8b_5107,11602.279138274744
00e12e8b_5108,11602.258593361825
00e12e8b_5109,11602.238625340906
00e12e8b_5110,11602.218763358593
00e12e8b_5111,11602.20859414126
00e12e8b_5112,11602.17868786677
00e12e8b_5113,11602.159231706495
00e12e8b_5114,11602.139446765916
00e12e8b_5115,11602.1194050758
00e12e8b_5116,11602.098607029244
00e12e8b_5117,11602.079385783098
00e12e8b_5118,11602.059485986663
00e12e8b_5119,11602.038783419212
00e12e8b_5120,11602.018645600609
00e12e8b_5121,11601.988877017184
00e12e8b_5122,11601.979575790128
00e12e8b_5123,11601.949480856108
00e12e8b_5124,11601.928716980345
00e12e8b_5125,11601.909622007712
00e12e8b_5126,11601.87860876109
00e12e8b_5127,11601.858954467782
00e12e8b_5128,11601.839547031985
00e12e8b_5129,11601.818599473225
00e12e8b_5130,11601.798763830106
00e12e8b_5131,11601.769117912749
00e12e8b_5132,11601.750051350667
00e12e8b_5133,11601.729175524017
00e12e8b_5134,11601.698595617689
00e12e8b_5135,11601.679336910443
00e12e8b_5136,11601.65921009193
00e12e8b_5137,11601.630519344735
00e12e8b_5138,11601.609273985794
00e12e8b_5139,11601.5905001315
00e12e8b_5140,11601.559124778289
00e12e8b_5141,11601.539696820397
00e12e8b_5142,11601.510965116822
00e12e8b_5143,11601.480567201255
00e12e8b_5144,11601.47110674464
00e12e8b_5145,11601.440326799288
00e12e8b_5146,11601.42081487306
00e12e8b_5147,11601.392625764656
00e12e8b_5148,11601.36221675731
00e12e8b_5149,11601.341127002655
00e12e8b_5150,11601.311037500074
00e12e8b_5151,11601.280008865382
00e12e8b_5152,11601.270101122418
00e12e8b_5153,11601.241628141684
00e12e8b_5154,11601.21228785547
00e12e8b_5155,11601.189735622456
00e12e8b_5156,11601.161692036632
00e12e8b_5157,11601.140256014787
00e12e8b_5158,11601.080571933842
00e12e8b_5159,11601.030580938015
00e12e8b_5160,11600.970289750643
00e12e8b_5161,11600.908741853122
00e12e8b_5162,11600.85921290509
00e12e8b_5163,11600.811753750462
00e12e8b_5164,11600.764339464731
00e12e8b_5165,11600.70394702
00e12e8b_5166,11600.648597991974
00e12e8b_5167,11600.60095756306
00e12e8b_5168,11600.551747664296
00e12e8b_5169,11600.481324658978
00e12e8b_5170,11600.431593983118
00e12e8b_5171,11600.378593419948
00e12e8b_5172,11600.327775180354
00e12e8b_5173,11600.267773034278
00e12e8b_5174,11600.218034185646
00e12e8b_5175,11600.162804261096
00e12e8b_5176,11600.104918683948
00e12e8b_5177,11600.04561546608
00e12e8b_5178,11599.995954911556
00e12e8b_5179,11599.939955858095
00e12e8b_5180,11599.881030242088
00e12e8b_5181,11599.82682701906
00e12e8b_5182,11599.768873606554
00e12e8b_5183,11599.71242744821
00e12e8b_5184,11599.649004553665
00e12e8b_5185,11599.612641618114
00e12e8b_5186,11599.550334741882
00e12e8b_5187,11599.483540838146
00e12e8b_5188,11599.439838066506
00e12e8b_5189,11599.384104962504
00e12e8b_5190,11599.33038065754
00e12e8b_5191,11599.281239744272
00e12e8b_5192,11599.228101663992
00e12e8b_5193,11599.169664792826
00e12e8b_5194,11599.115809696308
00e12e8b_5195,11599.073082384097
00e12e8b_5196,11599.023556127677
00e12e8b_5197,11598.96099517604
00e12e8b_5198,11598.900526712949
00e12e8b_5199,11598.851179806945
00e12e8b_5200,11598.80147920707
00e12e8b_5201,11598.768933988187
00e12e8b_5202,11598.713295582364
00e12e8b_5203,11598.670757499876
00e12e8b_5204,11598.62415526352
00e12e8b_5205,11598.571744077391
00e12e8b_5206,11598.533387808942
00e12e8b_5207,11598.483292121033
00e12e8b_5208,11598.423201052812
00e12e8b_5209,11598.382786879936
00e12e8b_5210,11598.344399154355
00e12e8b_5211,11598.29486467402
00e12e8b_5212,11598.246817454932
00e12e8b_5213,11598.194586731828
00e12e8b_5214,11598.155138823133
00e12e8b_5215,11598.107106802809
00e12e8b_5216,11598.066234431382
00e12e8b_5217,11598.023960767914
00e12e8b_5218,11597.98494772779
00e12e8b_5219,11597.93808468645
00e12e8b_5220,11597.898536177854
00e12e8b_5221,11597.858513004594
00e12e8b_5222,11597.808593209702
00e12e8b_5223,11597.768585643924
00e12e8b_5224,11597.728517080288
00e12e8b_5225,11597.688591302169
00e12e8b_5226,11597.63844930391
00e12e8b_5227,11597.59707437066
00e12e8b_5228,11597.558592049529
00e12e8b_5229,11597.528524238154
00e12e8b_5230,11597.476782071826
00e12e8b_5231,11597.438558481928
00e12e8b_5232,11597.397542792867
00e12e8b_5233,11597.358573668527
00e12e8b_5234,11597.318593258247
00e12e8b_5235,11597.287104012828
00e12e8b_5236,11597.24739791442
00e12e8b_5237,11597.207045874067
00e12e8b_5238,11597.165897593795
00e12e8b_5239,11597.137232338033
00e12e8b_5240,11597.088569983429
00e12e8b_5241,11597.05797050128
00e12e8b_5242,11597.017847913656
00e12e8b_5243,11596.988216577394
00e12e8b_5244,11596.947443940251
00e12e8b_5245,11596.918160567597
00e12e8b_5246,11596.878367591273
00e12e8b_5247,11596.84752684779
00e12e8b_5248,11596.80647916022
00e12e8b_5249,11596.77559025104
00e12e8b_5250,11596.74411093238
00e12e8b_5251,11596.706968897532
00e12e8b_5252,11596.675673172307
00e12e8b_5253,11596.64460758436
00e12e8b_5254,11596.617949452952
00e12e8b_5255,11596.57730019274
00e12e8b_5256,11596.546425802742
00e12e8b_5257,11596.5153380987
00e12e8b_5258,11596.476072918778
00e12e8b_5259,11596.455450023712
00e12e8b_5260,11596.42626726641
00e12e8b_5261,11596.396317655608
00e12e8b_5262,11596.358217417168
00e12e8b_5263,11596.335922759656
00e12e8b_5264,11596.305961330643
00e12e8b_5265,11596.286105840214
00e12e8b_5266,11596.24795095102
00e12e8b_5267,11596.227880152555
00e12e8b_5268,11596.197005628268
00e12e8b_5269,11596.166449362849
00e12e8b_5270,11596.13657802687
00e12e8b_5271,11596.117148641037
00e12e8b_5272,11596.096701385775
00e12e8b_5273,11596.077128241384
00e12e8b_5274,11596.065774379844
00e12e8b_5275,11596.046972336037
00e12e8b_5276,11596.036030566716
00e12e8b_5277,11596.017019150857
00e12e8b_5278,11595.99651659688
00e12e8b_5279,11595.987098892389
00e12e8b_5280,11595.977190723092
00e12e8b_5281,11595.957176109036
00e12e8b_5282,11595.957351242072
00e12e8b_5283,11595.947412237272
00e12e8b_5284,11595.94737447235
00e12e8b_5285,11595.94726497261
00e12e8b_5286,11595.947201292776
00e12e8b_5287,11595.947239129446
00e12e8b_5288,11595.936762132642
00e12e8b_5289,11595.93853294845
00e12e8b_5290,11595.938152124265
00e12e8b_5291,11595.936762132642
00e12e8b_5292,11595.92823948365
00e12e8b_5293,11595.92823948365
00e12e8b_5294,11595.92823948365
00e12e8b_5295,11595.928017843318
00e12e8b_5296,11595.917935563282
00e12e8b_5297,11595.91858630316
00e12e8b_5298,11595.917336814116
00e12e8b_5299,11595.907951401874
00e12e8b_5300,11595.906920023348
00e12e8b_5301,11595.907428125964
00e12e8b_5302,11595.89694791662
00e12e8b_5303,11595.89634533243
00e12e8b_5304,11595.896918465964
00e12e8b_5305,11595.88709928713
00e12e8b_5306,11595.88697515874
00e12e8b_5307,11595.886975522277
00e12e8b_5308,11595.87579511194
00e12e8b_5309,11595.877428796306
00e12e8b_5310,11595.877125300638
00e12e8b_5311,11595.867192907352
00e12e8b_5312,11595.867029875772
00e12e8b_5313,11595.85587149684
00e12e8b_5314,11595.857028382
00e12e8b_5315,11595.856477411236
00e12e8b_5316,11595.846856444705
00e12e8b_5317,11595.846856444705
00e12e8b_5318,11595.837391077608
00e12e8b_5319,11595.83635666131
00e12e8b_5320,11595.82710809281
00e12e8b_5321,11595.827413850344
00e12e8b_5322,11595.816423109643
00e12e8b_5323,11595.817134011982
00e12e8b_5324,11595.808017481915
00e12e8b_5325,11595.807159652331
00e12e8b_5326,11595.796996265768
00e12e8b_5327,11595.797037441904
00e12e8b_5328,11595.777586025051
00e12e8b_5329,11595.772681997723
00e12e8b_5330,11595.764974766693
00e12e8b_5331,11595.76636186791
00e12e8b_5332,11595.757323179208
00e12e8b_5333,11595.757035758455
00e12e8b_5334,11595.746646018644
00e12e8b_5335,11595.738195258422
00e12e8b_5336,11595.737694017644
00e12e8b_5337,11595.727393025869
00e12e8b_5338,11595.72768577196
00e12e8b_5339,11595.71757670462
00e12e8b_5340,11595.70732004525
00e12e8b_5341,11595.706632687172
00e12e8b_5342,11595.697232478424
00e12e8b_5343,11595.697232151431
00e12e8b_5344,11595.686722596787
00e12e8b_5345,11595.677281335404
00e12e8b_5346,11595.677389997883
00e12e8b_5347,11595.667449818066
00e12e8b_5348,11595.656263582485
00e12e8b_5349,11595.657304029546
00e12e8b_5350,11595.64749373392
00e12e8b_5351,11595.63747955981
00e12e8b_5352,11595.637375804494
00e12e8b_5353,11595.626975139308
00e12e8b_5354,11595.61828928848
00e12e8b_5355,11595.606431634633
00e12e8b_5356,11595.607443857683
00e12e8b_5357,11595.596586223235
00e12e8b_5358,11595.586954412847
00e12e8b_5359,11595.577842084896
00e12e8b_5360,11595.577606124927
00e12e8b_5361,11595.567659129989
00e12e8b_5362,11595.556709268536
00e12e8b_5363,11595.547892812134
00e12e8b_5364,11595.54769796414
00e12e8b_5365,11595.537593531257
00e12e8b_5366,11595.52770464482
00e12e8b_5367,11595.517191178102
00e12e8b_5368,11595.507166781148
00e12e8b_5369,11595.507632887457
00e12e8b_5370,11595.49767346148
00e12e8b_5371,11595.487217075884
00e12e8b_5372,11595.476832867174
00e12e8b_5373,11595.467313539832
00e12e8b_5374,11595.457700898176
00e12e8b_5375,11595.457720034745
00e12e8b_5376,11595.447767805425
00e12e8b_5377,11595.437738672132
00e12e8b_5378,11595.42740656989
00e12e8b_5379,11595.417899983117
00e12e8b_5380,11595.41777547211
00e12e8b_5381,11595.40791632571
00e12e8b_5382,11595.39807213058
00e12e8b_5383,11595.38710765871
00e12e8b_5384,11595.387929751312
00e12e8b_5385,11595.376151618431
00e12e8b_5386,11595.368156414062
00e12e8b_5387,11595.357832030952
00e12e8b_5388,11595.356221793423
00e12e8b_5389,11595.34711244119
00e12e8b_5390,11595.338411345494
00e12e8b_5391,11595.33751860337
00e12e8b_5392,11595.327925448104
00e12e8b_5393,11595.317542793142
00e12e8b_5394,11595.317274404246
00e12e8b_5395,11595.307603055531
00e12e8b_5396,11595.297623296956
00e12e8b_5397,11595.297623296956
00e12e8b_5398,11595.287628454627
00e12e8b_5399,11595.287333247765
00e12e8b_5400,11595.277242923046
00e12e8b_5401,11595.268061415993
00e12e8b_5402,11595.257291549227
00e12e8b_5403,11595.248397513222
00e12e8b_5404,11595.248572380237
00e12e8b_5405,11595.23750744372
00e12e8b_5406,11595.238579670706
00e12e8b_5407,11595.227469839532
00e12e8b_5408,11595.218565136183
00e12e8b_5409,11595.218420570049
00e12e8b_5410,11595.208552833945
00e12e8b_5411,11595.20733808782
00e12e8b_5412,11595.197413196018
00e12e8b_5413,11595.198580646307
00e12e8b_5414,11595.188547164762
00e12e8b_5415,11595.188557121706
00e12e8b_5416,11595.17858570609
00e12e8b_5417,11595.177517887569
00e12e8b_5418,11595.178179451384
00e12e8b_5419,11595.167497115512
00e12e8b_5420,11595.168540111385
00e12e8b_5421,11595.158587127977
00e12e8b_5422,11595.158082240168
00e12e8b_5423,11595.148373721557
00e12e8b_5424,11595.148515957491
00e12e8b_5425,11595.148555743932
00e12e8b_5426,11595.138592658875
00e12e8b_5427,11595.13859247635
00e12e8b_5428,11595.12839031916
00e12e8b_5429,11595.128507754547
00e12e8b_5430,11595.128593357536
00e12e8b_5431,11595.118502849762
00e12e8b_5432,11595.11728048429
00e12e8b_5433,11595.117297458874
00e12e8b_5434,11595.107484696984
00e12e8b_5435,11595.10738942821
00e12e8b_5436,11595.106781610251
00e12e8b_5437,11595.106748319478
00e12e8b_5438,11595.09610994629
00e12e8b_5439,11595.096847608014
00e12e8b_5440,11595.096763490625
00e12e8b_5441,11595.086723946317
00e12e8b_5442,11595.087005633894
00e12e8b_5443,11595.086751322491
00e12e8b_5444,11595.08620693464
00e12e8b_5445,11595.086262612303
00e12e8b_5446,11595.074053973962
00e12e8b_5447,11595.075078078802
00e12e8b_5448,11595.075355626015
00e12e8b_5449,11595.074053973962
00e12e8b_5450,11595.076250160088
00e12e8b_5451,11595.065135173318
00e12e8b_5452,11595.06681130652
00e12e8b_5453,11595.066181997834
00e12e8b_5454,11595.067344246463
00e12e8b_5455,11595.066699532366
00e12e8b_5456,11595.067212093869
00e12e8b_5457,11595.05679918236
00e12e8b_5458,11595.057142249894
00e12e8b_5459,11595.056802067944
00e12e8b_5460,11595.056228209694
00e12e8b_5461,11595.058592864438
00e12e8b_5462,11595.057178960124
00e12e8b_5463,11595.05697270676
00e12e8b_5464,11595.057145034352
00e12e8b_5465,11595.057335595604
00e12e8b_5466,11595.057158020363
00e12e8b_5467,11595.05720325465
00e12e8b_5468,11595.05697270676
00e12e8b_5469,11595.058540297843
00e12e8b_5470,11595.056976131758
00e12e8b_5471,11595.0467373245
00e12e8b_5472,11595.04668149914
00e12e8b_5473,11595.056693725495
00e12e8b_5474,11595.06735019566
00e12e8b_5475,11595.078593340571
00e12e8b_5476,11595.076999976898
00e12e8b_5477,11595.088550851991
00e12e8b_5478,11595.098553114196
00e12e8b_5479,11595.088592147418
00e12e8b_5480,11595.09689111043
00e12e8b_5481,11595.107264333155
00e12e8b_5482,11595.124329887394
00e12e8b_5483,11595.143453018729
00e12e8b_5484,11595.144382509608
00e12e8b_5485,11595.15448092584
00e12e8b_5486,11595.155913059703
00e12e8b_5487,11595.20835260526
00e12e8b_5488,11595.217336930122
00e12e8b_5489,11595.235418011696
00e12e8b_5490,11595.25694396564
00e12e8b_5491,11595.266731325388
00e12e8b_5492,11595.27852851987
00e12e8b_5493,11595.298361873836
00e12e8b_5494,11595.318471797054
00e12e8b_5495,11595.328014241008
00e12e8b_5496,11595.348552013713
00e12e8b_5497,11595.35844599744
00e12e8b_5498,11595.36843911832
00e12e8b_5499,11595.388467863177
00e12e8b_5500,11595.4084098506
00e12e8b_5501,11595.418141638784
00e12e8b_5502,11595.43808948162
00e12e8b_5503,11595.458146716368
00e12e8b_5504,11595.457950014525
00e12e8b_5505,11595.477383395346
00e12e8b_5506,11595.487948146652
00e12e8b_5507,11595.507978060688
00e12e8b_5508,11595.517691487114
00e12e8b_5509,11595.5380173207
00e12e8b_5510,11595.558336797609
00e12e8b_5511,11595.55714086446
00e12e8b_5512,11595.577956521853
00e12e8b_5513,11595.58830816982
00e12e8b_5514,11595.607825412631
00e12e8b_5515,11595.617795449423
00e12e8b_5516,11595.637882571358
00e12e8b_5517,11595.637685223694
00e12e8b_5518,11595.646953053343
00e12e8b_5519,11595.666840976017
00e12e8b_5520,11595.67735097069
00e12e8b_5521,11595.696753119497
00e12e8b_5522,11595.707242515637
00e12e8b_5523,11595.727631475322
00e12e8b_5524,11595.726998883183
00e12e8b_5525,11595.737167509797
00e12e8b_5526,11595.756630735274
00e12e8b_5527,11595.76712967884
00e12e8b_5528,11595.777625320865
00e12e8b_5529,11595.798057439428
00e12e8b_5530,11595.808515491226
00e12e8b_5531,11595.808568637422
00e12e8b_5532,11595.828591931217
00e12e8b_5533,11595.836899282704
00e12e8b_5534,11595.846340014044
00e12e8b_5535,11595.867286719376
00e12e8b_5536,11595.876557817686
00e12e8b_5537,11595.877146717849
00e12e8b_5538,11595.897213206594
00e12e8b_5539,11595.907234795011
00e12e8b_5540,11595.916856229582
00e12e8b_5541,11595.926827393194
00e12e8b_5542,11595.936254395276
00e12e8b_5543,11595.957265860254
00e12e8b_5544,11595.957107967994
00e12e8b_5545,11595.966079341672
00e12e8b_5546,11595.977013077718
00e12e8b_5547,11595.986691125616
00e12e8b_5548,11596.007097969334
00e12e8b_5549,11596.01655453802
00e12e8b_5550,11596.026918239297
00e12e8b_5551,11596.027088812329
00e12e8b_5552,11596.035893742512
00e12e8b_5553,11596.047035717029
00e12e8b_5554,11596.05683314872
00e12e8b_5555,11596.066442596655
00e12e8b_5556,11596.087015926618
00e12e8b_5557,11596.085623406614
00e12e8b_5558,11596.096714698077
00e12e8b_5559,11596.106869585308
00e12e8b_5560,11596.1162710241
00e12e8b_5561,11596.126187544498
00e12e8b_5562,11596.136733618172
00e12e8b_5563,11596.14684852614
00e12e8b_5564,11596.146170789914
00e12e8b_5565,11596.157539496611
00e12e8b_5566,11596.167376780411
00e12e8b_5567,11596.17600815857
00e12e8b_5568,11596.186219979998
00e12e8b_5569,11596.206365672497
00e12e8b_5570,11596.216639921631
00e12e8b_5571,11596.215075431885
00e12e8b_5572,11596.226608928468
00e12e8b_5573,11596.236263462
00e12e8b_5574,11596.2457978996
00e12e8b_5575,11596.262372112566
00e12e8b_5576,11596.27634109766
00e12e8b_5577,11596.274893595437
00e12e8b_5578,11596.285584985626
00e12e8b_5579,11596.305779492732
00e12e8b_5580,11596.31442766549
00e12e8b_5581,11596.324116289832
00e12e8b_5582,11596.335280869116
00e12e8b_5583,11596.354228010108
00e12e8b_5584,11596.354326785424
00e12e8b_5585,11596.365151082488
00e12e8b_5586,11596.384994710685
00e12e8b_5587,11596.39459683332
00e12e8b_5588,11596.4158162232
00e12e8b_5589,11596.427909767634
00e12e8b_5590,11596.435794232648
00e12e8b_5591,11596.445699725891
00e12e8b_5592,11596.453809664466
00e12e8b_5593,11596.47385166173
00e12e8b_5594,11596.485539764744
00e12e8b_5595,11596.5045042787
00e12e8b_5596,11596.51545640563
00e12e8b_5597,11596.527979750072
00e12e8b_5598,11596.535332282338
00e12e8b_5599,11596.55379194302
00e12e8b_5600,11596.56530476813
00e12e8b_5601,11596.583083506664
00e12e8b_5602,11596.594938736853
00e12e8b_5603,11596.617556542124
00e12e8b_5604,11596.615907875565
00e12e8b_5605,11596.636068593323
00e12e8b_5606,11596.655755057562
00e12e8b_5607,11596.664752893546
00e12e8b_5608,11596.682483121724
00e12e8b_5609,11596.697380740812
00e12e8b_5610,11596.717844107405
00e12e8b_5611,11596.725474919189
00e12e8b_5612,11596.747262267718
00e12e8b_5613,11596.75723776142
00e12e8b_5614,11596.777187926864
00e12e8b_5615,11596.793960142662
00e12e8b_5616,11596.80783414298
00e12e8b_5617,11596.811516754497
00e12e8b_5618,11596.835280254394
00e12e8b_5619,11596.854910765234
00e12e8b_5620,11596.87372080234
00e12e8b_5621,11596.886222148336
00e12e8b_5622,11596.906880249977
00e12e8b_5623,11596.923607258808
00e12e8b_5624,11596.932484727771
00e12e8b_5625,11596.954745405095
00e12e8b_5626,11596.976202088112
00e12e8b_5627,11596.986279545885
00e12e8b_5628,11597.00204286544
00e12e8b_5629,11597.024408669044
00e12e8b_5630,11597.04430927847
00e12e8b_5631,11597.056606133585
00e12e8b_5632,11597.076501051666
00e12e8b_5633,11597.095416449754
00e12e8b_5634,11597.118074889706
00e12e8b_5635,11597.13667426861
00e12e8b_5636,11597.15855822391
00e12e8b_5637,11597.168508209548
00e12e8b_5638,11597.188134861935
00e12e8b_5639,11597.20749684344
00e12e8b_5640,11597.228531627356
00e12e8b_5641,11597.248195432909
00e12e8b_5642,11597.268279738906
00e12e8b_5643,11597.287398543534
00e12e8b_5644,11597.305677727516
00e12e8b_5645,11597.328561659597
00e12e8b_5646,11597.34746545094
00e12e8b_5647,11597.367843498603
00e12e8b_5648,11597.38829066411
00e12e8b_5649,11597.407616654991
00e12e8b_5650,11597.42779230625
00e12e8b_5651,11597.448065379906
00e12e8b_5652,11597.468543048317
00e12e8b_5653,11597.4883679562
00e12e8b_5654,11597.507721719909
00e12e8b_5655,11597.538425578774
00e12e8b_5656,11597.558410669046
00e12e8b_5657,11597.567783092818
00e12e8b_5658,11597.587853960838
00e12e8b_5659,11597.61848930152
00e12e8b_5660,11597.638217075162
00e12e8b_5661,11597.658337446295
00e12e8b_5662,11597.67798933963
00e12e8b_5663,11597.7078763003
00e12e8b_5664,11597.717971099222
00e12e8b_5665,11597.737953851736
00e12e8b_5666,11597.757302681806
00e12e8b_5667,11597.778172900264
00e12e8b_5668,11597.79800939999
00e12e8b_5669,11597.827240699551
00e12e8b_5670,11597.848527938277
00e12e8b_5671,11597.85854721488
00e12e8b_5672,11597.87853370512
00e12e8b_5673,11597.898513443342
00e12e8b_5674,11597.918413074634
00e12e8b_5675,11597.93777464438
00e12e8b_5676,11597.952357769002
00e12e8b_5677,11597.96234060121
00e12e8b_5678,11597.982921351111
00e12e8b_5679,11598.002668656683
00e12e8b_5680,11598.03812097859
00e12e8b_5681,11598.057765921234
00e12e8b_5682,11598.07776755767
00e12e8b_5683,11598.091494946086
00e12e8b_5684,11598.102042883918
00e12e8b_5685,11598.122056544253
00e12e8b_5686,11598.137653586353
00e12e8b_5687,11598.15764954059
00e12e8b_5688,11598.16979237624
00e12e8b_5689,11598.190888909334
00e12e8b_5690,11598.217549793262
00e12e8b_5691,11598.22746571704
00e12e8b_5692,11598.2473454368
00e12e8b_5693,11598.267375491318
00e12e8b_5694,11598.279784550705
00e12e8b_5695,11598.299663997575
00e12e8b_5696,11598.318331853354
00e12e8b_5697,11598.32254263344
00e12e8b_5698,11598.332445495736
00e12e8b_5699,11598.352678188172
00e12e8b_5700,11598.375076725451
00e12e8b_5701,11598.390056112405
00e12e8b_5702,11598.412300793072
00e12e8b_5703,11598.429657319935
00e12e8b_5704,11598.433922357011
00e12e8b_5705,11598.449305504835
00e12e8b_5706,11598.471257663468
00e12e8b_5707,11598.49151740692
00e12e8b_5708,11598.497410517137
00e12e8b_5709,11598.518758070972
00e12e8b_5710,11598.546371066612
00e12e8b_5711,11598.54668553644
00e12e8b_5712,11598.556503688784
00e12e8b_5713,11598.578005857502
00e12e8b_5714,11598.600429317448
00e12e8b_5715,11598.60581502124
00e12e8b_5716,11598.632615135644
00e12e8b_5717,11598.63755876682
00e12e8b_5718,11598.645614658206
00e12e8b_5719,11598.66522570144
00e12e8b_5720,11598.686908729442
00e12e8b_5721,11598.699134562692
00e12e8b_5722,11598.71473798386
00e12e8b_5723,11598.728834653022
00e12e8b_5724,11598.738106626826
00e12e8b_5725,11598.75462114103
00e12e8b_5726,11598.76823950432
00e12e8b_5727,11598.784611186711
00e12e8b_5728,11598.796748914074
00e12e8b_5729,11598.817934840376
00e12e8b_5730,11598.82767008234
00e12e8b_5731,11598.833849830493
00e12e8b_5732,11598.847635212198
00e12e8b_5733,11598.866055277427
00e12e8b_5734,11598.861946512792
00e12e8b_5735,11598.896972261307
00e12e8b_5736,11598.907037025032
00e12e8b_5737,11598.917234772563
00e12e8b_5738,11598.925426374732
00e12e8b_5739,11598.942807573854
00e12e8b_5740,11598.955918622669
00e12e8b_5741,11598.97497507674
00e12e8b_5742,11598.98562311569
00e12e8b_5743,11598.996143916387
00e12e8b_5744,11599.007013505015
00e12e8b_5745,11599.015524318434
00e12e8b_5746,11599.026398644268
00e12e8b_5747,11599.045192279618
00e12e8b_5748,11599.053841487408
00e12e8b_5749,11599.075683184008
00e12e8b_5750,11599.08354055009
00e12e8b_5751,11599.08301844538
00e12e8b_5752,11599.095942396902
00e12e8b_5753,11599.112121181686
00e12e8b_5754,11599.122029222592
00e12e8b_5755,11599.14709139692
00e12e8b_5756,11599.157060910034
00e12e8b_5757,11599.168017392958
00e12e8b_5758,11599.178248485145
00e12e8b_5759,11599.192014275462
00e12e8b_5760,11599.205721873734
00e12e8b_5761,11599.227609505007
00e12e8b_5762,11599.2367512534
00e12e8b_5763,11599.257275928345
00e12e8b_5764,11599.267721425174
00e12e8b_5765,11599.27757260984
00e12e8b_5766,11599.294832387675
00e12e8b_5767,11599.314652762932
00e12e8b_5768,11599.336514554238
00e12e8b_5769,11599.340664662162
00e12e8b_5770,11599.36216157008
00e12e8b_5771,11599.371929706542
00e12e8b_5772,11599.39573206613
00e12e8b_5773,11599.416359339575
00e12e8b_5774,11599.436031604875
00e12e8b_5775,11599.451204668312
00e12e8b_5776,11599.475751507256
00e12e8b_5777,11599.485037463526
00e12e8b_5778,11599.50410529986
00e12e8b_5779,11599.518408704917
00e12e8b_5780,11599.544903878832
00e12e8b_5781,11599.560939887571
00e12e8b_5782,11599.594418443254
00e12e8b_5783,11599.613597723934
00e12e8b_5784,11599.618312969578
00e12e8b_5785,11599.64946602044
00e12e8b_5786,11599.671803844478
00e12e8b_5787,11599.693862302538
00e12e8b_5788,11599.723136675815
00e12e8b_5789,11599.742238619418
00e12e8b_5790,11599.770346060975
00e12e8b_5791,11599.770828528102
00e12e8b_5792,11599.790889342376
00e12e8b_5793,11599.829828852238
00e12e8b_5794,11599.858944052146
00e12e8b_5795,11599.882243235275
00e12e8b_5796,11599.912980376945
00e12e8b_5797,11599.921234806025
00e12e8b_5798,11599.950966787004
00e12e8b_5799,11599.980701119755
00e12e8b_5800,11599.998374883397
00e12e8b_5801,11600.031509630786
00e12e8b_5802,11600.061593829814
00e12e8b_5803,11600.080134494883
00e12e8b_5804,11600.10537371207
00e12e8b_5805,11600.137288184858
00e12e8b_5806,11600.154119600917
00e12e8b_5807,11600.187482192185
00e12e8b_5808,11600.219684114623
00e12e8b_5809,11600.249569906193
00e12e8b_5810,11600.279180428006
00e12e8b_5811,11600.29802932511
00e12e8b_5812,11600.32890402999
00e12e8b_5813,11600.368445677504
00e12e8b_5814,11600.397231898223
00e12e8b_5815,11600.42761144266
00e12e8b_5816,11600.456816278647
00e12e8b_5817,11600.484869258236
00e12e8b_5818,11600.51740411471
00e12e8b_5819,11600.544498850635
00e12e8b_5820,11600.576783600613
00e12e8b_5821,11600.6035478969
00e12e8b_5822,11600.643910636414
00e12e8b_5823,11600.675955044033
00e12e8b_5824,11600.701451376332
00e12e8b_5825,11600.735820723536
00e12e8b_5826,11600.774636274384
00e12e8b_5827,11600.803089597215
00e12e8b_5828,11600.845555159469
00e12e8b_5829,11600.875270979472
00e12e8b_5830,11600.911256760068
00e12e8b_5831,11600.931106429858
00e12e8b_5832,11600.973884640964
00e12e8b_5833,11601.01082824354
00e12e8b_5834,11601.040887433104
00e12e8b_5835,11601.08204280832
00e12e8b_5836,11601.123822163512
00e12e8b_5837,11601.16338027355
00e12e8b_5838,11601.192702643906
00e12e8b_5839,11601.233231299604
00e12e8b_5840,11601.263067490085
00e12e8b_5841,11601.003715765142
00e12e8b_5842,11601.05423515383
00e12e8b_5843,11601.103935761506
00e12e8b_5844,11601.16382681832
00e12e8b_5845,11601.210276852158
00e12e8b_5846,11601.262983151477
00e12e8b_5847,11601.320449347711
00e12e8b_5848,11601.371897379848
00e12e8b_5849,11601.430711964938
00e12e8b_5850,11601.483082077686
00e12e8b_5851,11601.543185919933
00e12e8b_5852,11601.591749738904
00e12e8b_5853,11601.643002039798
00e12e8b_5854,11601.702615417302
00e12e8b_5855,11601.75182027774
00e12e8b_5856,11601.801948125842
00e12e8b_5857,11601.861910385322
00e12e8b_5858,11601.909489765225
00e12e8b_5859,11601.961301766723
00e12e8b_5860,11602.020059435115
00e12e8b_5861,11602.079980563169
00e12e8b_5862,11602.13091561138
00e12e8b_5863,11602.17930913451
00e12e8b_5864,11602.240506134913
00e12e8b_5865,11602.28892549227
00e12e8b_5866,11602.34021642911
00e12e8b_5867,11602.400069144063
00e12e8b_5868,11602.449233307723
00e12e8b_5869,11602.509102506
00e12e8b_5870,11602.569656768954
00e12e8b_5871,11602.618872262612
00e12e8b_5872,11602.668892619287
00e12e8b_5873,11602.729115110502
00e12e8b_5874,11602.779071719073
00e12e8b_5875,11602.828864361862
00e12e8b_5876,11602.88887229503
00e12e8b_5877,11602.948875030816
00e12e8b_5878,11602.998829955304
00e12e8b_5879,11603.048738379566
00e12e8b_5880,11603.108703023438
00e12e8b_5881,11603.15867450003
00e12e8b_5882,11603.218640440136
00e12e8b_5883,11603.278739233812
00e12e8b_5884,11603.32866484798
00e12e8b_5885,11603.37866423274
00e12e8b_5886,11603.438751785308
00e12e8b_5887,11603.49865634847
00e12e8b_5888,11603.554255220251
00e12e8b_5889,11603.616923402607
00e12e8b_5890,11603.672248940347
00e12e8b_5891,11603.73815441323
00e12e8b_5892,11603.774805560137
00e12e8b_5893,11603.861150199937
00e12e8b_5894,11603.902407939486
00e12e8b_5895,11603.948117224028
00e12e8b_5896,11604.01199658046
00e12e8b_5897,11604.05907662982
00e12e8b_5898,11604.10266181914
00e12e8b_5899,11604.164777288632
00e12e8b_5900,11604.210901707238
00e12e8b_5901,11604.272592385332
00e12e8b_5902,11604.330398888673
00e12e8b_5903,11604.38208560056
00e12e8b_5904,11604.433227971283
00e12e8b_5905,11604.490654014018
00e12e8b_5906,11604.553847572704
00e12e8b_5907,11604.6010140716
00e12e8b_5908,11604.6586880757
00e12e8b_5909,11604.718781552834
00e12e8b_5910,11604.768741653064
00e12e8b_5911,11604.81872877834
00e12e8b_5912,11604.889005606656
00e12e8b_5913,11604.939583062209
00e12e8b_5914,11604.988944486931
00e12e8b_5915,11605.05929862754
00e12e8b_5916,11605.109582229614
00e12e8b_5917,11605.159397626554
00e12e8b_5918,11605.20944303773
00e12e8b_5919,11605.278927349842
00e12e8b_5920,11605.328959740207
00e12e8b_5921,11605.383135117598
00e12e8b_5922,11605.448876887209
00e12e8b_5923,11605.502381288765
00e12e8b_5924,11605.561186861016
00e12e8b_5925,11605.631403294525
00e12e8b_5926,11605.68261189171
00e12e8b_5927,11605.71866258444
00e12e8b_5928,11605.802078230605
00e12e8b_5929,11605.838593983952
00e12e8b_5930,11605.888631634762
00e12e8b_5931,11605.952585050976
00e12e8b_5932,11605.973148438055
00e12e8b_5933,11605.984587533898
00e12e8b_5934,11606.001739814888
00e12e8b_5935,11606.008686061336
00e12e8b_5936,11606.02859341835
00e12e8b_5937,11606.047863083764
00e12e8b_5938,11606.05775456746
00e12e8b_5939,11606.083708361071
00e12e8b_5940,11606.1024461407
00e12e8b_5941,11606.109350135795
00e12e8b_5942,11606.118735277632
00e12e8b_5943,11606.12863920204
00e12e8b_5944,11606.138975553682
00e12e8b_5945,11606.15892845473
00e12e8b_5946,11606.179575090116
00e12e8b_5947,11606.194316288642
00e12e8b_5948,11606.19860877221
00e12e8b_5949,11606.209607283266
00e12e8b_5950,11606.218593534402
00e12e8b_5951,11606.239138199073
00e12e8b_5952,11606.26308954772
00e12e8b_5953,11606.2486748188
00e12e8b_5954,11606.272558402314
00e12e8b_5955,11606.278608833934
00e12e8b_5956,11606.28859386045
00e12e8b_5957,11606.298781800278
00e12e8b_5958,11606.298593567337
00e12e8b_5959,11606.308593809645
00e12e8b_5960,11606.318649682036
00e12e8b_5961,11606.349301387603
00e12e8b_5962,11606.362934257755
00e12e8b_5963,11606.352210945934
00e12e8b_5964,11606.349252546504
00e12e8b_5965,11606.361914931029
00e12e8b_5966,11606.371769797126
00e12e8b_5967,11606.375025877653
00e12e8b_5968,11606.374471109231
00e12e8b_5969,11606.394054602417
00e12e8b_5970,11606.39505494245
00e12e8b_5971,11606.405639154827
00e12e8b_5972,11606.404914672388
00e12e8b_5973,11606.404333739873
00e12e8b_5974,11606.404914672388
00e12e8b_5975,11606.415314278674
00e12e8b_5976,11606.425770953072
00e12e8b_5977,11606.424931866217
00e12e8b_5978,11606.424522648833
00e12e8b_5979,11606.425637796345
00e12e8b_5980,11606.424522648833
00e12e8b_5981,11606.423535856937
00e12e8b_5982,11606.424902669847
00e12e8b_5983,11606.433547101064
00e12e8b_5984,11606.432780095143
00e12e8b_5985,11606.43334752227
00e12e8b_5986,11606.432875681729
00e12e8b_5987,11606.43000241431
00e12e8b_5988,11606.423581767114
00e12e8b_5989,11606.422214477345
00e12e8b_5990,11606.42424085408
00e12e8b_5991,11606.42494407085
00e12e8b_5992,11606.425289698847
00e12e8b_5993,11606.424008842829
00e12e8b_5994,11606.414285720077
00e12e8b_5995,11606.413502669266
00e12e8b_5996,11606.404751368602
00e12e8b_5997,11606.403319145957
00e12e8b_5998,11606.403891686605
00e12e8b_5999,11606.404684994155
00e12e8b_6000,11606.395394480644
00e12e8b_6001,11606.384816872966
00e12e8b_6002,11606.37481955584
00e12e8b_6003,11606.373217766237
00e12e8b_6004,11606.363685962244
00e12e8b_6005,11606.350082149262
00e12e8b_6006,11606.349339769284
00e12e8b_6007,11606.338718323466
00e12e8b_6008,11606.33992587147
00e12e8b_6009,11606.329024928717
00e12e8b_6010,11606.326109134336
00e12e8b_6011,11606.328760101287
00e12e8b_6012,11606.306415141618
00e12e8b_6013,11606.296486441315
00e12e8b_6014,11606.285182689204
00e12e8b_6015,11606.274588016457
00e12e8b_6016,11606.26670245049
00e12e8b_6017,11606.254061175146
00e12e8b_6018,11606.246848206423
00e12e8b_6019,11606.22486153204
00e12e8b_6020,11606.224236676277
00e12e8b_6021,11606.21677495369
00e12e8b_6022,11606.191853267386
00e12e8b_6023,11606.178735326645
00e12e8b_6024,11606.168035144972
00e12e8b_6025,11606.149015353549
00e12e8b_6026,11606.135480101397
00e12e8b_6027,11606.118631319749
00e12e8b_6028,11606.11320093867
00e12e8b_6029,11606.102388269155
00e12e8b_6030,11606.08581589546
00e12e8b_6031,11606.061448147362
00e12e8b_6032,11606.058918571023
00e12e8b_6033,11606.032491982389
00e12e8b_6034,11606.013872200712
00e12e8b_6035,11606.008626011217
00e12e8b_6036,11605.98243430764
00e12e8b_6037,11605.96301773576
00e12e8b_6038,11605.956688134456
00e12e8b_6039,11605.932672808114
00e12e8b_6040,11605.913277409703
00e12e8b_6041,11605.896256102662
00e12e8b_6042,11605.87329332494
00e12e8b_6043,11605.865365885818
00e12e8b_6044,11605.843453765612
00e12e8b_6045,11605.825631303744
00e12e8b_6046,11605.803672740782
00e12e8b_6047,11605.782179897653
00e12e8b_6048,11605.772580568742
00e12e8b_6049,11605.757763414578
00e12e8b_6050,11605.762237454175
00e12e8b_6051,11605.718612956243
00e12e8b_6052,11605.703810315465
00e12e8b_6053,11605.641908877087
00e12e8b_6054,11605.598521353628
00e12e8b_6055,11605.562559682812
00e12e8b_6056,11605.517806229933
00e12e8b_6057,11605.47218449254
00e12e8b_6058,11605.435149261994
00e12e8b_6059,11605.385129616288
00e12e8b_6060,11605.345743741564
00e12e8b_6061,11605.302646277349
00e12e8b_6062,11605.260260087309
00e12e8b_6063,11605.221309711384
00e12e8b_6064,11605.18244342305
00e12e8b_6065,11605.1344146792
00e12e8b_6066,11605.090067013016
00e12e8b_6067,11605.045430103395
00e12e8b_6068,11605.006088624885
00e12e8b_6069,11604.961288160404
00e12e8b_6070,11604.91877091883
00e12e8b_6071,11604.881128417128
00e12e8b_6072,11604.832311157856
00e12e8b_6073,11604.797191204694
00e12e8b_6074,11604.751626958809
00e12e8b_6075,11604.711965635866
00e12e8b_6076,11604.672058490594
00e12e8b_6077,11604.632706304485
00e12e8b_6078,11604.58919734561
00e12e8b_6079,11604.552125612125
00e12e8b_6080,11604.504008184564
00e12e8b_6081,11604.469864083398
00e12e8b_6082,11604.417550619548
00e12e8b_6083,11604.378373782203
00e12e8b_6084,11604.338349918991
00e12e8b_6085,11604.27606815834
00e12e8b_6086,11604.241231950364
00e12e8b_6087,11604.195381985226
00e12e8b_6088,11604.168179699913
00e12e8b_6089,11604.119130858357
00e12e8b_6090,11604.074342125448
00e12e8b_6091,11604.00684744184
00e12e8b_6092,11603.966612723396
00e12e8b_6093,11603.922316955674
00e12e8b_6094,11603.88133392154
00e12e8b_6095,11603.831265695477
00e12e8b_6096,11603.800064528656
00e12e8b_6097,11603.75314877161
00e12e8b_6098,11603.70734470519
00e12e8b_6099,11603.669387080596
00e12e8b_6100,11603.621833343992
00e12e8b_6101,11603.575192414386
00e12e8b_6102,11603.52949990208
00e12e8b_6103,11603.48541906002
00e12e8b_6104,11603.423443276366
00e12e8b_6105,11603.391198839814
00e12e8b_6106,11603.35372739978
00e12e8b_6107,11603.312935001824
00e12e8b_6108,11603.25619907888
00e12e8b_6109,11603.256866788794
00e12e8b_6110,11603.257029828705
00e12e8b_6111,11603.253900827767
00e12e8b_6112,11603.250542421702
00e12e8b_6113,11603.2511357005
00e12e8b_6114,11603.2441509105
00e12e8b_6115,11603.255362258864
00e12e8b_6116,11603.249268849651
00e12e8b_6117,11603.250353457915
00e12e8b_6118,11603.249293805233
00e12e8b_6119,11603.250725138028
00e12e8b_6120,11603.249293805233
00e12e8b_6121,11603.25129139386
00e12e8b_6122,11603.250397427097
00e12e8b_6123,11603.245059394698
00e12e8b_6124,11603.249699232298
00e12e8b_6125,11603.2441509105
00e12e8b_6126,11603.25025375999
00e12e8b_6127,11603.239024382809
00e12e8b_6128,11603.251965656917
00e12e8b_6129,11603.244091537395
00e12e8b_6130,11603.245234538668
00e12e8b_6131,11603.247053453775
00e12e8b_6132,11603.24781600158
00e12e8b_6133,11603.257894700537
00e12e8b_6134,11603.270004859003
00e12e8b_6135,11603.264362852338
00e12e8b_6136,11603.25597827622
00e12e8b_6137,11603.260079471682
00e12e8b_6138,11603.264843861514
00e12e8b_6139,11603.26321266615
00e12e8b_6140,11603.26035678988
00e12e8b_6141,11603.25086312443
00e12e8b_6142,11603.261269778046
00e12e8b_6143,11603.245585441922
00e12e8b_6144,11603.2606257508
00e12e8b_6145,11603.25086312443
00e12e8b_6146,11603.242137446974
00e12e8b_6147,11603.251591006408
00e12e8b_6148,11603.239617495514
00e12e8b_6149,11603.228464392254
00e12e8b_6150,11603.236312317526
00e12e8b_6151,11603.233192621436
00e12e8b_6152,11603.210650206593
00e12e8b_6153,11603.230839691403
00e12e8b_6154,11603.22208039211
00e12e8b_6155,11603.205678877086
00e12e8b_6156,11603.209529292986
00e12e8b_6157,11603.217313336358
00e12e8b_6158,11603.199388453062
00e12e8b_6159,11603.199241154643
00e12e8b_6160,11603.205836135725
00e12e8b_6161,11603.197580345552
00e12e8b_6162,11603.196664893829
00e12e8b_6163,11603.188189224498
00e12e8b_6164,11603.186033480031
00e12e8b_6165,11603.196611704809
00e12e8b_6166,11603.19456614554
00e12e8b_6167,11603.193551313723
00e12e8b_6168,11603.18986661068
00e12e8b_6169,11603.185516356983
00e12e8b_6170,11603.182772216163
00e12e8b_6171,11603.171872509172
00e12e8b_6172,11603.164828100118
00e12e8b_6173,11603.156352636588
00e12e8b_6174,11603.147239140171
00e12e8b_6175,11603.13137736549
00e12e8b_6176,11603.130113103094
00e12e8b_6177,11603.122601205458
00e12e8b_6178,11603.117152917506
00e12e8b_6179,11603.109529317338
00e12e8b_6180,11603.109529317338
00e12e8b_6181,11603.113562047762
00e12e8b_6182,11603.103616969012
00e12e8b_6183,11603.111543307348
00e12e8b_6184,11603.09761862949
00e12e8b_6185,11603.081538000088
00e12e8b_6186,11603.08910076166
00e12e8b_6187,11603.081816130532
00e12e8b_6188,11603.079183660917
00e12e8b_6189,11603.040766414466
00e12e8b_6190,11602.999857713168
00e12e8b_6191,11602.958883691988
00e12e8b_6192,11602.911401132364
00e12e8b_6193,11602.861386140214
00e12e8b_6194,11602.812778997715
00e12e8b_6195,11602.773786782644
00e12e8b_6196,11602.733555830004
00e12e8b_6197,11602.684195971582
00e12e8b_6198,11602.643703983662
00e12e8b_6199,11602.59485745109
00e12e8b_6200,11602.551160338116
00e12e8b_6201,11602.513801742907
00e12e8b_6202,11602.46788253397
00e12e8b_6203,11602.422350066174
00e12e8b_6204,11602.37721769877
00e12e8b_6205,11602.332062389092
00e12e8b_6206,11602.292096783716
00e12e8b_6207,11602.247274037554
00e12e8b_6208,11602.203369880684
00e12e8b_6209,11602.156064191897
00e12e8b_6210,11602.115125841445
00e12e8b_6211,11602.07844921362
00e12e8b_6212,11602.029009013717
00e12e8b_6213,11601.989196808798
00e12e8b_6214,11601.939077942228
00e12e8b_6215,11601.886757250531
00e12e8b_6216,11601.84177607874
00e12e8b_6217,11601.795810720489
00e12e8b_6218,11601.754692256718
00e12e8b_6219,11601.701986797068
00e12e8b_6220,11601.66663901126
00e12e8b_6221,11601.62552626468
00e12e8b_6222,11601.574504817409
00e12e8b_6223,11601.5332352558
00e12e8b_6224,11601.478073335278
00e12e8b_6225,11601.437409168992
00e12e8b_6226,11601.39107745893
00e12e8b_6227,11601.341438375774
00e12e8b_6228,11601.30198079475
00e12e8b_6229,11601.251989046665
00e12e8b_6230,11601.205643996822
00e12e8b_6231,11601.16176655873
00e12e8b_6232,11601.116262806396
00e12e8b_6233,11601.072826564994
00e12e8b_6234,11601.017454767149
00e12e8b_6235,11600.972619423812
00e12e8b_6236,11600.937585939217
00e12e8b_6237,11600.885403937522
00e12e8b_6238,11600.838368576782
00e12e8b_6239,11600.784712249582
00e12e8b_6240,11600.743933740909
00e12e8b_6241,11600.700053187356
00e12e8b_6242,11600.650652491058
00e12e8b_6243,11600.609745415832
00e12e8b_6244,11600.552672813354
00e12e8b_6245,11600.506697485996
00e12e8b_6246,11600.46554495431
00e12e8b_6247,11600.411360265542
00e12e8b_6248,11600.373035417218
00e12e8b_6249,11600.313783754167
00e12e8b_6250,11600.267093998706
00e12e8b_6251,11600.228736392022
00e12e8b_6252,11600.175138301796
00e12e8b_6253,11600.133409988268
00e12e8b_6254,11600.076121642707
00e12e8b_6255,11600.036331040234
00e12e8b_6256,11599.985581391002
00e12e8b_6257,11599.929474794026
00e12e8b_6258,11599.880624155232
00e12e8b_6259,11599.830965649184
00e12e8b_6260,11599.789665463422
00e12e8b_6261,11599.749569406107
00e12e8b_6262,11599.68804723542
00e12e8b_6263,11599.633865999374
00e12e8b_6264,11599.589047075193
00e12e8b_6265,11599.541549972417
00e12e8b_6266,11599.50192750106
00e12e8b_6267,11599.434924689063
00e12e8b_6268,11599.38946487454
00e12e8b_6269,11599.338690951728
00e12e8b_6270,11599.286036922054
00e12e8b_6271,11599.24899015383
00e12e8b_6272,11599.1930928018
00e12e8b_6273,11599.144343684104
00e12e8b_6274,11599.087123622798
00e12e8b_6275,11599.038526394026
00e12e8b_6276,11598.9949795701
00e12e8b_6277,11598.936262887288
00e12e8b_6278,11598.88879958813
00e12e8b_6279,11598.835720569712
00e12e8b_6280,11598.787564409951
00e12e8b_6281,11598.732080457714
00e12e8b_6282,11598.690136667889
00e12e8b_6283,11598.6376083635
00e12e8b_6284,11598.577691205492
00e12e8b_6285,11598.530568837294
00e12e8b_6286,11598.498408577065
00e12e8b_6287,11598.438505311497
00e12e8b_6288,11598.388523451633
00e12e8b_6289,11598.328574882433
00e12e8b_6290,11598.278479674602
00e12e8b_6291,11598.228563249895
00e12e8b_6292,11598.167903429108
00e12e8b_6293,11598.12622376462
00e12e8b_6294,11598.067234772812
00e12e8b_6295,11598.018322945383
00e12e8b_6296,11597.967468061865
00e12e8b_6297,11597.908592565884
00e12e8b_6298,11597.85794722602
00e12e8b_6299,11597.797184829446
00e12e8b_6300,11597.748559518815
00e12e8b_6301,11597.697612781332
00e12e8b_6302,11597.6376185005
00e12e8b_6303,11597.58646153851
00e12e8b_6304,11597.528475562658
00e12e8b_6305,11597.478249955537
00e12e8b_6306,11597.42857205347
00e12e8b_6307,11597.367613379993
00e12e8b_6308,11597.317531114626
00e12e8b_6309,11597.308111862554
00e12e8b_6310,11597.297846719772
00e12e8b_6311,11597.287966031792
00e12e8b_6312,11597.26285443628
00e12e8b_6313,11597.257178904663
00e12e8b_6314,11597.244923607575
00e12e8b_6315,11597.238591366146
00e12e8b_6316,11597.218486059166
00e12e8b_6317,11597.208498935608
00e12e8b_6318,11597.198023197772
00e12e8b_6319,11597.187948177116
00e12e8b_6320,11597.178042889049
00e12e8b_6321,11597.16839528266
00e12e8b_6322,11597.158520959449
00e12e8b_6323,11597.138376839172
00e12e8b_6324,11597.118313779183
00e12e8b_6325,11597.107979148012
00e12e8b_6326,11597.097314740213
00e12e8b_6327,11597.0870899435
00e12e8b_6328,11597.077805753936
00e12e8b_6329,11597.057062456148
00e12e8b_6330,11597.047529468491
00e12e8b_6331,11597.037825984104
00e12e8b_6332,11597.028579107313
00e12e8b_6333,11597.018296529624
00e12e8b_6334,11597.008571093747
00e12e8b_6335,11596.988441793872
00e12e8b_6336,11596.967292996223
00e12e8b_6337,11596.957351334438
00e12e8b_6338,11596.94734050709
00e12e8b_6339,11596.938268119364
00e12e8b_6340,11596.925839363064
00e12e8b_6341,11596.905689850177
00e12e8b_6342,11596.8951281599
00e12e8b_6343,11596.885694429237
00e12e8b_6344,11596.87260338756
00e12e8b_6345,11596.861441014164
00e12e8b_6346,11596.855563464189
00e12e8b_6347,11596.835166781217
00e12e8b_6348,11596.8117749458
00e12e8b_6349,11596.800458070711
00e12e8b_6350,11596.792377589678
00e12e8b_6351,11596.78772867084
00e12e8b_6352,11596.76599381021
00e12e8b_6353,11596.754432925694
00e12e8b_6354,11596.74821973262
00e12e8b_6355,11596.738563645527
00e12e8b_6356,11596.728257747924
00e12e8b_6357,11596.712865756974
00e12e8b_6358,11596.695878465856
00e12e8b_6359,11596.683042810231
00e12e8b_6360,11596.667477298606
00e12e8b_6361,11596.652605205532
00e12e8b_6362,11596.645524048672
00e12e8b_6363,11596.63164208253
00e12e8b_6364,11596.612937332911
00e12e8b_6365,11596.601710850306
00e12e8b_6366,11596.593054854207
00e12e8b_6367,11596.58847316578
00e12e8b_6368,11596.576636144444
00e12e8b_6369,11596.554212435
00e12e8b_6370,11596.544660363625
00e12e8b_6371,11596.53441673712
00e12e8b_6372,11596.5131516847
00e12e8b_6373,11596.503209293063
00e12e8b_6374,11596.495865740226
00e12e8b_6375,11596.473379937714
00e12e8b_6376,11596.462722051572
00e12e8b_6377,11596.457247747758
00e12e8b_6378,11596.44787239239
00e12e8b_6379,11596.438107918604
00e12e8b_6380,11596.41625238984
00e12e8b_6381,11596.40806296782
00e12e8b_6382,11596.398161521587
00e12e8b_6383,11596.386803094088
